idx,target,project,cwe,patch_margin,patch_closer_side,patch_contrast_correct,patch_contrast_pred,patch_feature_role,patch_pair_cwe,patch_pair_project,patch_pair_relevance,yes_only_correct,yes_only_pred
187732,0,qemu,CWE-264,-0.9304540157318115,fixed,0,1,agrees,CWE-20,radvd,0.9304540157318115,0,1
194963,1,ImageMagick6,CWE-704,-0.9158406257629395,fixed,1,1,agrees,CWE-189,linux,0.9158406257629395,1,1
194989,1,ImageMagick6,CWE-190,0.0022769570350646973,vulnerable,1,1,agrees,CWE-787,ImageMagick6,0.9011105895042419,1,1
194994,1,tensorflow,CWE-401,0.922541081905365,vulnerable,0,0,agrees,CWE-601,mod_auth_openidc,0.922541081905365,0,0
194996,1,tensorflow,CWE-476,-0.896486759185791,fixed,1,1,agrees,CWE-476,libgit2,0.896486759185791,1,1
194998,1,tensorflow,CWE-617,0.0016325116157531738,vulnerable,1,1,agrees,CWE-125,tensorflow,0.9161328077316284,1,1
195017,1,gpac,CWE-476,-0.9080239534378052,fixed,1,1,agrees,CWE-476,openldap,0.9080239534378052,1,1
195019,1,tensorflow,CWE-617,0.9035518765449524,vulnerable,1,1,rescues_yes_only_error,CWE-703,tensorflow,0.9035518765449524,0,0
195022,1,glewlwyd,CWE-287,-0.9303354024887085,fixed,1,1,agrees,CWE-415,linux,0.9303354024887085,1,1
195023,1,tensorflow,CWE-190,-0.022402405738830566,fixed,1,1,agrees,CWE-369,tensorflow,0.9261264801025391,1,1
195026,1,linux,CWE-909,-0.015321135520935059,fixed,0,0,agrees,CWE-703,linux,0.9129202365875244,0,0
195028,1,tensorflow,CWE-401,-0.9146006107330322,fixed,1,1,agrees,CWE-189,linux,0.9146006107330322,1,1
195029,1,tensorflow,CWE-125,0.9099819660186768,vulnerable,0,0,hurts_yes_only_correct,CWE-200,linux-2.6,0.9099819660186768,1,1
195038,1,mruby,CWE-476,0.9138694405555725,vulnerable,1,1,agrees,CWE-362,linux,0.9138694405555725,1,1
195039,1,tensorflow,CWE-354,0.9146732091903687,vulnerable,1,1,agrees,CWE-703,tensorflow,0.9146732091903687,1,1
195040,1,tensorflow,CWE-476,-0.911109447479248,fixed,0,0,hurts_yes_only_correct,CWE-617,bind9,0.911109447479248,1,1
195055,1,tensorflow,CWE-787,-0.025482535362243652,fixed,1,1,agrees,CWE-369,tensorflow,0.9089912176132202,1,1
195056,1,tensorflow,CWE-369,0.0024686455726623535,vulnerable,0,0,hurts_yes_only_correct,CWE-415,gpac,0.911263644695282,1,1
195059,1,tensorflow,CWE-617,0.9030621647834778,vulnerable,0,0,agrees,CWE-190,mysql-server,0.9030621647834778,0,0
195063,1,gpac,CWE-476,0.0008511543273925781,vulnerable,1,1,agrees,CWE-415,gpac,0.9316177368164062,1,1
195069,1,gpac,CWE-120,0.004510164260864258,vulnerable,1,1,agrees,CWE-415,gpac,0.9255059361457825,1,1
195073,1,tensorflow,CWE-416,-0.9146006107330322,fixed,1,1,agrees,CWE-189,linux,0.9146006107330322,1,1
195074,1,gpac,CWE-415,-0.0032444000244140625,fixed,1,1,agrees,CWE-415,gpac,0.9293228983879089,1,1
195082,1,linux,CWE-862,-0.014204800128936768,fixed,0,0,hurts_yes_only_correct,CWE-20,openssh-portable,0.9209339618682861,1,1
195083,1,tensorflow,CWE-617,-0.8891814947128296,fixed,0,0,hurts_yes_only_correct,CWE-415,savannah,0.8891814947128296,1,1
195091,1,tensorflow,CWE-754,0.015608787536621094,vulnerable,0,0,agrees,CWE-703,radare2,0.9021340608596802,0,0
195092,1,hermes,CWE-843,0.0038169026374816895,vulnerable,0,0,agrees,CWE-755,detect-character-encoding,0.8919134736061096,0,0
195095,1,e2guardian,CWE-295,-0.9153816103935242,fixed,0,0,hurts_yes_only_correct,CWE-362,linux,0.9153816103935242,1,1
195220,1,tmate-ssh-server,CWE-362,0.9122253656387329,vulnerable,1,1,agrees,CWE-264,Android,0.9122253656387329,1,1
195230,1,pjproject,CWE-125,0.9157611131668091,vulnerable,1,1,agrees,CWE-787,linux,0.9157611131668091,1,1
195231,1,gpac,CWE-476,0.002292454242706299,vulnerable,1,1,agrees,CWE-200,linux,0.9230368733406067,1,1
195233,1,tensorflow,CWE-787,-0.893547773361206,fixed,0,0,agrees,CWE-617,bind9,0.893547773361206,0,0
195234,1,tensorflow,CWE-617,-0.0004571676254272461,fixed,0,0,agrees,CWE-119,php-src,0.904969334602356,0,0
195237,1,ImageMagick,CWE-190,0.028863370418548584,vulnerable,1,1,agrees,CWE-772,ImageMagick6,0.9247276782989502,1,1
195264,1,pcre2,CWE-125,0.922060489654541,vulnerable,1,1,rescues_yes_only_error,CWE-190,php-src,0.922060489654541,0,0
195274,1,tensorflow,CWE-476,-0.9067956209182739,fixed,0,0,hurts_yes_only_correct,CWE-476,openldap,0.9067956209182739,1,1
195291,1,tensorflow,CWE-908,0.8987841010093689,vulnerable,1,1,agrees,CWE-284,ntopng,0.8987841010093689,1,1
195293,1,mruby,CWE-476,-0.9083810448646545,fixed,1,1,agrees,CWE-200,util-linux,0.9083810448646545,1,1
195294,1,tensorflow,CWE-843,0.8844622373580933,vulnerable,1,1,agrees,CWE-369,tensorflow,0.8844622373580933,1,1
195295,1,mruby,CWE-125,-0.9216361045837402,fixed,1,1,rescues_yes_only_error,CWE-476,openldap,0.9216361045837402,0,0
195296,1,uWebSockets,CWE-787,0.9229137301445007,vulnerable,1,1,agrees,CWE-200,linux-2.6,0.9229137301445007,1,1
195308,1,flatpak,CWE-20,-0.010734319686889648,fixed,0,0,hurts_yes_only_correct,CWE-20,openssh-portable,0.928903341293335,1,1
195309,1,squid,CWE-400,-0.001302182674407959,fixed,1,1,agrees,CWE-119,php-src,0.9318699240684509,1,1
195328,1,gpac,CWE-415,-0.9231867790222168,fixed,1,1,agrees,CWE-200,linux,0.9231867790222168,1,1
195331,1,tensorflow,CWE-843,0.9085121750831604,vulnerable,1,1,agrees,CWE-787,linux,0.9085121750831604,1,1
195334,1,gpac,CWE-415,0.9196374416351318,vulnerable,1,1,agrees,CWE-787,linux,0.9196374416351318,1,1
195340,1,tensorflow,CWE-190,0.0020627379417419434,vulnerable,1,1,agrees,CWE-200,linux,0.9170294404029846,1,1
195343,1,tensorflow,CWE-125,-0.0011769533157348633,fixed,1,1,agrees,CWE-190,openjpeg,0.9279527068138123,1,1
195385,1,flatpak,CWE-276,0.9005438089370728,vulnerable,0,0,agrees,CWE-362,linux,0.9005438089370728,0,0
195388,1,postgres,CWE-522,0.014642119407653809,vulnerable,0,0,agrees,CWE-200,linux-2.6,0.9252843856811523,0,0
195389,1,tensorflow,CWE-617,0.01659572124481201,vulnerable,0,0,agrees,CWE-125,libevent,0.9059814214706421,0,0
195391,1,tensorflow,CWE-190,-0.9164913892745972,fixed,1,1,agrees,CWE-189,linux,0.9164913892745972,1,1
195398,1,v4l2loopback,CWE-134,0.8992946743965149,vulnerable,0,0,hurts_yes_only_correct,CWE-125,libsoup,0.8992946743965149,1,1
195399,1,tensorflow,CWE-476,-0.005775809288024902,fixed,1,1,agrees,CWE-369,tensorflow,0.8784932494163513,1,1
195402,1,tensorflow,CWE-190,-0.8888603448867798,fixed,0,0,hurts_yes_only_correct,CWE-189,linux,0.8888603448867798,1,1
195403,1,tensorflow,CWE-190,-0.8995012044906616,fixed,0,0,agrees,CWE-20,stb,0.8995012044906616,0,0
195404,1,tensorflow,CWE-369,-0.0028504133224487305,fixed,1,1,agrees,CWE-190,openjpeg,0.9249613881111145,1,1
195405,1,ImageMagick6,CWE-190,0.028863370418548584,vulnerable,1,1,agrees,CWE-772,ImageMagick6,0.9247276186943054,1,1
195409,1,gpac,CWE-476,-0.9064549207687378,fixed,0,0,hurts_yes_only_correct,CWE-415,savannah,0.9064549207687378,1,1
195410,1,tensorflow,CWE-476,0.895395040512085,vulnerable,1,1,rescues_yes_only_error,CWE-703,tensorflow,0.895395040512085,0,0
195471,1,weechat,CWE-476,0.9265274405479431,vulnerable,1,1,agrees,CWE-362,linux,0.9265274405479431,1,1
195565,1,hhvm,CWE-119,-0.9089069366455078,fixed,1,1,agrees,CWE-200,tip,0.9089069366455078,1,1
195626,1,qemu,CWE-787,-0.9183650016784668,fixed,1,1,agrees,CWE-200,linux,0.9183650016784668,1,1
195629,1,tensorflow,CWE-476,-0.9037235975265503,fixed,1,1,agrees,CWE-682,Android,0.9037235975265503,1,1
195665,1,njs,CWE-703,0.9062086939811707,vulnerable,0,0,hurts_yes_only_correct,CWE-787,php-src,0.9062086939811707,1,1
195670,1,pjproject,CWE-703,-0.020649969577789307,fixed,1,1,agrees,CWE-20,openssh-portable,0.9217039346694946,1,1
195691,1,mruby,CWE-703,0.9243854284286499,vulnerable,0,0,hurts_yes_only_correct,CWE-362,linux,0.9243854284286499,1,1
195692,1,FreeRTOS-Kernel,CWE-200,-0.8799378871917725,fixed,1,1,agrees,CWE-200,Android,0.8799378871917725,1,1
195720,1,mvfst,CWE-703,-0.0165746808052063,fixed,0,0,hurts_yes_only_correct,CWE-20,openssh-portable,0.9023337960243225,1,1
195740,1,libjpeg,CWE-703,0.009295761585235596,vulnerable,1,1,agrees,CWE-125,radare2,0.9012433290481567,1,1
195741,1,libjpeg,CWE-703,0.9013500213623047,vulnerable,1,1,agrees,CWE-200,linux,0.9013500213623047,1,1
195742,1,gpac,CWE-476,-0.0028339028358459473,fixed,1,1,agrees,CWE-787,gpac,0.9210426211357117,1,1
195752,1,tensorflow,CWE-476,-0.8951791524887085,fixed,1,1,agrees,CWE-369,tensorflow,0.8951791524887085,1,1
195768,1,tensorflow,CWE-703,-0.004996895790100098,fixed,1,1,agrees,CWE-415,gpac,0.9013756513595581,1,1
195800,1,deark,CWE-369,-0.9105008244514465,fixed,0,0,hurts_yes_only_correct,CWE-200,linux,0.9105008244514465,1,1
195801,1,php-src,CWE-476,0.9039496779441833,vulnerable,1,1,agrees,CWE-190,haproxy,0.9039496779441833,1,1
195908,1,linux,CWE-703,-0.9240156412124634,fixed,1,1,agrees,CWE-415,linux,0.9240156412124634,1,1
195909,1,ImageMagick,CWE-125,0.9214913845062256,vulnerable,1,1,agrees,CWE-190,mysql-server,0.9214913845062256,1,1
195954,1,pjproject,CWE-787,0.9297233819961548,vulnerable,1,1,agrees,CWE-362,linux,0.9297233819961548,1,1
195965,1,tensorflow,CWE-787,-0.9101842641830444,fixed,1,1,agrees,CWE-189,linux,0.9101842641830444,1,1
195984,1,gpac,CWE-703,0.010972440242767334,vulnerable,1,1,agrees,CWE-125,radare2,0.9073619842529297,1,1
196276,1,lsquic,CWE-269,-0.9330348372459412,fixed,0,0,agrees,CWE-415,linux,0.9330348372459412,0,0
196316,1,barebox,CWE-200,-0.8992522358894348,fixed,1,1,agrees,CWE-20,radvd,0.8992522358894348,1,1
196328,1,vim,CWE-416,0.9096130728721619,vulnerable,0,0,hurts_yes_only_correct,CWE-200,linux-2.6,0.9096130728721619,1,1
196578,1,vim,CWE-787,-0.9232576489448547,fixed,1,1,agrees,CWE-189,linux,0.9232576489448547,1,1
196587,1,tensorflow,CWE-369,-0.9090543985366821,fixed,1,1,agrees,CWE-399,rsyslog,0.9090543985366821,1,1
196611,1,booth,CWE-284,0.9066523313522339,vulnerable,0,0,hurts_yes_only_correct,CWE-200,linux-2.6,0.9066523313522339,1,1
196621,1,mruby,CWE-787,0.911151111125946,vulnerable,0,0,agrees,CWE-362,linux,0.911151111125946,0,0
196629,1,tensorflow,CWE-354,0.9142544865608215,vulnerable,1,1,rescues_yes_only_error,CWE-787,linux,0.9142544865608215,0,0
196689,1,tensorflow,CWE-703,-0.901500940322876,fixed,1,1,agrees,CWE-399,rsyslog,0.901500940322876,1,1
196691,1,gpac,CWE-703,-0.9306132197380066,fixed,1,1,agrees,CWE-476,openldap,0.9306132197380066,1,1
196698,1,tensorflow,CWE-125,0.8994108438491821,vulnerable,1,1,rescues_yes_only_error,CWE-369,tensorflow,0.8994108438491821,0,0
196705,1,tensorflow,CWE-20,-0.9054445028305054,fixed,0,0,hurts_yes_only_correct,CWE-189,linux,0.9054445028305054,1,1
196790,1,tensorflow,CWE-703,-0.001736462116241455,fixed,0,0,hurts_yes_only_correct,CWE-415,gpac,0.8879110217094421,1,1
196801,1,gpac,CWE-703,-0.0008077025413513184,fixed,1,1,agrees,CWE-119,php-src,0.9245879650115967,1,1
196829,1,tensorflow,CWE-476,0.00027060508728027344,vulnerable,0,0,agrees,CWE-125,tcpdump,0.9011865854263306,0,0
196834,1,tensorflow,CWE-125,-0.8834672570228577,fixed,1,1,rescues_yes_only_error,CWE-20,radvd,0.8834672570228577,0,0
196841,1,furnace,CWE-703,-0.0017551779747009277,fixed,0,0,hurts_yes_only_correct,CWE-125,exempi,0.9066019654273987,1,1
196846,1,tensorflow,CWE-369,0.007165968418121338,vulnerable,0,0,agrees,CWE-20,core,0.8956167697906494,0,0
196860,1,gpac,CWE-787,0.00320357084274292,vulnerable,1,1,agrees,CWE-415,gpac,0.9235717058181763,1,1
196885,1,tensorflow,CWE-703,0.9035149812698364,vulnerable,1,1,agrees,CWE-476,tensorflow,0.9035149812698364,1,1
196889,1,rpm,CWE-284,0.9225221276283264,vulnerable,1,1,agrees,CWE-362,linux,0.9225221276283264,1,1
196893,1,envoy,CWE-362,0.011565625667572021,vulnerable,0,0,agrees,CWE-20,core,0.9185613989830017,0,0
196894,1,cryptopp,CWE-399,0.004828214645385742,vulnerable,1,1,rescues_yes_only_error,CWE-190,gpac,0.8933584094047546,0,0
196993,1,libjxl,CWE-369,0.9229035973548889,vulnerable,1,1,agrees,CWE-362,linux,0.9229035973548889,1,1
197015,1,gpac,CWE-476,-0.9061275720596313,fixed,1,1,agrees,CWE-399,rsyslog,0.9061275720596313,1,1
197057,1,drogon,CWE-552,0.8927143216133118,vulnerable,1,1,agrees,CWE-77,thrift,0.8927143216133118,1,1
197095,1,tensorflow,CWE-369,0.002992093563079834,vulnerable,0,0,hurts_yes_only_correct,CWE-200,linux-2.6,0.9148815870285034,1,1
197111,1,tinyexr,CWE-20,-0.9241176843643188,fixed,1,1,agrees,CWE-415,linux,0.9241176843643188,1,1
197128,1,mruby,CWE-125,-0.9216361045837402,fixed,0,0,agrees,CWE-476,openldap,0.9216361045837402,0,0
197135,1,linux,CWE-703,-0.9268828630447388,fixed,1,1,agrees,CWE-20,openssh-portable,0.9268828630447388,1,1
197142,1,tensorflow,CWE-476,0.9165080785751343,vulnerable,1,1,agrees,CWE-476,tensorflow,0.9165080785751343,1,1
197185,1,FFmpeg,CWE-252,-0.0042116641998291016,fixed,1,1,agrees,CWE-415,gpac,0.9246423244476318,1,1
197223,1,njs,CWE-787,0.9106395244598389,vulnerable,1,1,agrees,CWE-200,linux-2.6,0.9106395244598389,1,1
197239,1,tensorflow,CWE-20,0.9183282852172852,vulnerable,1,1,agrees,CWE-77,thrift,0.9183282852172852,1,1
197242,1,tensorflow,CWE-908,-0.9156385660171509,fixed,1,1,agrees,CWE-189,linux,0.9156385660171509,1,1
197247,1,tensorflow,CWE-369,0.9120367765426636,vulnerable,0,0,hurts_yes_only_correct,CWE-284,ntopng,0.9120367765426636,1,1
197262,1,tensorflow,CWE-125,-0.017881453037261963,fixed,1,1,agrees,CWE-125,tensorflow,0.8968775272369385,1,1
197305,1,pjproject,CWE-200,0.9288756847381592,vulnerable,1,1,agrees,CWE-200,linux-2.6,0.9288756847381592,1,1
197318,1,tensorflow,CWE-703,-0.903065025806427,fixed,0,0,agrees,CWE-416,linux,0.903065025806427,0,0
197326,1,tensorflow,CWE-703,-0.0006154775619506836,fixed,0,0,hurts_yes_only_correct,CWE-415,gpac,0.9070215225219727,1,1
197359,1,tensorflow,CWE-703,-0.9193901419639587,fixed,0,0,hurts_yes_only_correct,CWE-362,linux,0.9193901419639587,1,1
197395,1,tensorflow,CWE-369,0.9091014862060547,vulnerable,1,1,rescues_yes_only_error,CWE-476,tensorflow,0.9091014862060547,0,0
197466,1,tensorflow,CWE-476,-0.9115826487541199,fixed,1,1,agrees,CWE-416,linux,0.9115826487541199,1,1
197499,1,gpac,CWE-416,0.009540140628814697,vulnerable,1,1,agrees,CWE-787,linux,0.919405996799469,1,1
197511,1,libjpeg,CWE-787,0.9107139110565186,vulnerable,1,1,agrees,CWE-787,linux,0.9107139110565186,1,1
197517,1,glewlwyd,CWE-787,-0.00046241283416748047,fixed,1,1,agrees,CWE-415,gpac,0.9224979877471924,1,1
197518,1,tensorflow,CWE-703,0.8998587131500244,vulnerable,1,1,agrees,CWE-476,tensorflow,0.8998587131500244,1,1
197565,1,wolfMQTT,CWE-787,-0.918114185333252,fixed,0,0,hurts_yes_only_correct,CWE-20,linux,0.918114185333252,1,1
197593,1,njs,CWE-416,-0.8844904899597168,fixed,1,1,agrees,CWE-189,linux,0.8844904899597168,1,1
197666,1,njs,CWE-703,-0.0006939172744750977,fixed,1,1,agrees,CWE-119,php-src,0.9201364517211914,1,1
197719,1,tensorflow,CWE-125,-0.8997187614440918,fixed,1,1,agrees,CWE-189,linux,0.8997187614440918,1,1
197748,1,tensorflow,CWE-703,-0.8989816904067993,fixed,1,1,agrees,CWE-416,linux,0.8989816904067993,1,1
197760,1,tensorflow,CWE-125,0.8856782913208008,vulnerable,0,0,agrees,CWE-476,linux,0.8856782913208008,0,0
197796,1,qemu,CWE-703,-0.9304540157318115,fixed,1,1,agrees,CWE-20,radvd,0.9304540157318115,1,1
197801,1,tensorflow,CWE-345,0.9203605651855469,vulnerable,0,0,hurts_yes_only_correct,CWE-476,libmysofa,0.9203605651855469,1,1
197824,1,gpac,CWE-416,0.005870461463928223,vulnerable,1,1,agrees,CWE-476,gpac,0.9110809564590454,1,1
197826,1,tensorflow,CWE-824,-0.9192160964012146,fixed,0,0,agrees,CWE-189,linux,0.9192160964012146,0,0
197893,1,tensorflow,CWE-703,-0.0027436017990112305,fixed,1,1,agrees,CWE-125,tensorflow,0.8994883298873901,1,1
197973,1,crun,CWE-276,-0.925265908241272,fixed,0,0,hurts_yes_only_correct,CWE-20,openssh-portable,0.925265908241272,1,1
197998,1,tensorflow,CWE-703,0.8978592753410339,vulnerable,1,1,agrees,CWE-369,tensorflow,0.8978592753410339,1,1
198010,1,radare2,CWE-125,-0.9278085231781006,fixed,1,1,agrees,CWE-20,stb,0.9278085231781006,1,1
198013,1,tensorflow,CWE-703,-0.921051025390625,fixed,0,0,hurts_yes_only_correct,CWE-20,linux,0.921051025390625,1,1
198116,1,tensorflow,CWE-125,-0.919745147228241,fixed,1,1,agrees,CWE-476,openldap,0.919745147228241,1,1
198117,1,tensorflow,CWE-476,-0.0011769533157348633,fixed,1,1,agrees,CWE-190,openjpeg,0.9279527068138123,1,1
198161,1,ImageMagick,CWE-125,0.9239457845687866,vulnerable,1,1,agrees,CWE-772,ImageMagick,0.9239457845687866,1,1
198169,1,tensorflow,CWE-369,0.0008963942527770996,vulnerable,1,1,agrees,CWE-703,tensorflow,0.8862888813018799,1,1
198239,1,barebox,CWE-200,0.9094923138618469,vulnerable,1,1,agrees,CWE-190,haproxy,0.9094923138618469,1,1
198259,1,tensorflow,CWE-369,0.8983288407325745,vulnerable,1,1,rescues_yes_only_error,CWE-703,tensorflow,0.8983288407325745,0,0
198282,1,tensorflow,CWE-369,-0.9057555198669434,fixed,1,1,agrees,CWE-189,linux,0.9057555198669434,1,1
198350,1,owntone-server,CWE-416,0.018814563751220703,vulnerable,1,1,agrees,CWE-200,linux-2.6,0.9348841905593872,1,1
198374,1,tensorflow,CWE-703,-0.9091321229934692,fixed,0,0,hurts_yes_only_correct,CWE-415,linux,0.9091321229934692,1,1
198399,1,uftpd,CWE-787,-0.933638870716095,fixed,1,1,agrees,CWE-20,radvd,0.933638870716095,1,1
198439,1,mruby,CWE-288,0.9243854284286499,vulnerable,1,1,agrees,CWE-362,linux,0.9243854284286499,1,1
198449,1,pjproject,CWE-787,0.9229031205177307,vulnerable,1,1,agrees,CWE-362,linux,0.9229031205177307,1,1
198452,1,tensorflow,CWE-703,0.00773543119430542,vulnerable,0,0,agrees,CWE-190,gpac,0.8853628039360046,0,0
198476,1,njs,CWE-416,0.012620985507965088,vulnerable,1,1,agrees,CWE-200,linux-2.6,0.9220324158668518,1,1
198499,1,micro-ecc,CWE-415,8.493661880493164e-05,vulnerable,1,1,agrees,CWE-119,php-src,0.897462010383606,1,1
198523,1,tensorflow,CWE-416,0.8937342762947083,vulnerable,1,1,agrees,CWE-601,mod_auth_openidc,0.8937342762947083,1,1
198545,1,u-boot,CWE-787,0.9189295768737793,vulnerable,1,1,agrees,CWE-476,linux,0.9189295768737793,1,1
198556,1,mruby,CWE-703,0.9006344079971313,vulnerable,1,1,agrees,CWE-703,linux,0.9006344079971313,1,1
198566,1,libmobi,CWE-787,0.8966619372367859,vulnerable,1,1,agrees,CWE-125,cJSON,0.8966619372367859,1,1
198662,1,vim,CWE-787,-0.9208859801292419,fixed,1,1,agrees,CWE-787,wget,0.9208859801292419,1,1
198692,1,ipsec,CWE-125,-0.9339728355407715,fixed,1,1,agrees,CWE-200,linux,0.9339728355407715,1,1
198695,1,MilkyTracker,CWE-787,0.9163221716880798,vulnerable,1,1,agrees,CWE-190,mysql-server,0.9163221716880798,1,1
198703,1,LibRaw,CWE-189,-0.9123291373252869,fixed,1,1,agrees,CWE-20,stb,0.9123291373252869,1,1
198736,1,linux,CWE-401,-0.037941575050354004,fixed,1,1,agrees,CWE-415,linux,0.9429848194122314,1,1
198743,1,LuaJIT,CWE-125,-0.008934199810028076,fixed,0,0,hurts_yes_only_correct,CWE-119,linux,0.8994263410568237,1,1
198927,1,radare2,CWE-125,0.9216301441192627,vulnerable,1,1,agrees,CWE-362,linux,0.9216301441192627,1,1
198983,1,swtpm,CWE-125,-0.9241699576377869,fixed,1,1,agrees,CWE-416,linux,0.9241699576377869,1,1
199159,1,linux,CWE-362,0.9236418008804321,vulnerable,1,1,agrees,CWE-200,linux-2.6,0.9236418008804321,1,1
199712,1,linux,CWE-415,-0.04652297496795654,fixed,0,0,agrees,CWE-415,linux,0.9095107316970825,0,0
199767,1,hexchat,CWE-22,0.9125344753265381,vulnerable,1,1,agrees,CWE-362,linux,0.9125344753265381,1,1
199778,1,puma,CWE-444,-0.9320478439331055,fixed,0,0,hurts_yes_only_correct,CWE-200,linux,0.9320478439331055,1,1
199833,1,chafa,CWE-476,-0.9087884426116943,fixed,1,1,agrees,CWE-415,savannah,0.9087884426116943,1,1
199836,1,pjproject,CWE-125,-0.8916635513305664,fixed,0,0,hurts_yes_only_correct,CWE-20,linux,0.8916635513305664,1,1
199841,1,radare2,CWE-476,-0.941525399684906,fixed,1,1,agrees,CWE-415,linux,0.941525399684906,1,1
199851,1,vim,CWE-787,0.9093769192695618,vulnerable,1,1,agrees,CWE-190,haproxy,0.9093769192695618,1,1
199952,1,MilkyTracker,CWE-787,0.9158177971839905,vulnerable,1,1,agrees,CWE-119,php-src,0.9158177971839905,1,1
199984,1,vim,CWE-416,-0.9128924608230591,fixed,1,1,agrees,CWE-476,openldap,0.9128924608230591,1,1
200113,1,ImageMagick,CWE-787,0.9152475595474243,vulnerable,1,1,agrees,CWE-772,ImageMagick6,0.9152475595474243,1,1
200157,1,exim,CWE-264,0.9291287064552307,vulnerable,1,1,agrees,CWE-200,linux-2.6,0.9291287064552307,1,1
200163,1,linux,CWE-200,-0.907654345035553,fixed,1,1,agrees,CWE-19,linux,0.907654345035553,1,1
200287,1,linux,CWE-200,0.9460090398788452,vulnerable,1,1,agrees,CWE-362,linux,0.9460090398788452,1,1
200305,1,ghostpdl,CWE-787,-0.9150494337081909,fixed,1,1,agrees,CWE-189,linux,0.9150494337081909,1,1
200320,1,samba,CWE-665,-0.007899999618530273,fixed,1,1,agrees,CWE-787,linux,0.9264516830444336,1,1
200323,1,vim,CWE-787,0.02785968780517578,vulnerable,1,1,agrees,CWE-787,linux,0.9184279441833496,1,1
200379,1,radare2,CWE-476,0.9094964265823364,vulnerable,1,1,agrees,CWE-362,linux,0.9094964265823364,1,1
200695,1,linux,CWE-401,-0.9185082912445068,fixed,1,1,agrees,CWE-415,linux,0.9185082912445068,1,1
200781,1,ncurses,CWE-787,0.8935630321502686,vulnerable,1,1,agrees,CWE-125,cJSON,0.8935630321502686,1,1
200895,1,vim,CWE-703,0.902740478515625,vulnerable,1,1,rescues_yes_only_error,CWE-401,linux,0.902740478515625,0,0
200934,1,libvirt,CWE-212,0.9082047343254089,vulnerable,0,0,agrees,CWE-200,linux-2.6,0.9082047343254089,0,0
200976,1,vim,CWE-787,0.8963713049888611,vulnerable,1,1,agrees,CWE-200,linux-2.6,0.8963713049888611,1,1
201007,1,pjproject,CWE-787,-0.9120146036148071,fixed,1,1,agrees,CWE-200,linux,0.9120146036148071,1,1
201343,1,linux,CWE-416,-0.9006673693656921,fixed,0,0,hurts_yes_only_correct,CWE-416,linux,0.9006673693656921,1,1
201353,1,wireless-drivers,CWE-415,-0.9070576429367065,fixed,0,0,agrees,CWE-682,Android,0.9070576429367065,0,0
201382,1,gerbv,CWE-787,0.00010693073272705078,vulnerable,1,1,agrees,CWE-119,linux,0.9256290197372437,1,1
201384,1,vim,CWE-787,-0.8914088010787964,fixed,0,0,hurts_yes_only_correct,CWE-189,zlib,0.8914088010787964,1,1
201451,1,ImageMagick6,CWE-787,0.029535889625549316,vulnerable,1,1,agrees,CWE-772,ImageMagick6,0.926575779914856,1,1
201872,1,gnutls,CWE-310,0.9219968914985657,vulnerable,1,1,agrees,CWE-125,libsoup,0.9219968914985657,1,1
201885,1,vim,CWE-416,0.0011922121047973633,vulnerable,1,1,agrees,CWE-264,linux-2.6,0.909198522567749,1,1
201913,1,libarchive,CWE-59,-0.9202829003334045,fixed,1,1,rescues_yes_only_error,CWE-17,php,0.9202829003334045,0,0
201925,1,linux,CWE-476,0.9058469533920288,vulnerable,0,0,hurts_yes_only_correct,CWE-362,linux,0.9058469533920288,1,1
202081,1,vim,CWE-787,0.909832775592804,vulnerable,0,0,hurts_yes_only_correct,CWE-190,mysql-server,0.909832775592804,1,1
202082,1,radare2,CWE-125,-0.923925518989563,fixed,1,1,agrees,CWE-415,linux,0.923925518989563,1,1
202125,1,cairo,CWE-787,-0.0023949742317199707,fixed,0,0,hurts_yes_only_correct,CWE-125,openjpeg,0.9116266965866089,1,1
202256,1,qtbase,CWE-787,0.8976179361343384,vulnerable,0,0,hurts_yes_only_correct,CWE-476,libtiff,0.8976179361343384,1,1
202276,1,vim,CWE-787,0.9112773537635803,vulnerable,1,1,agrees,CWE-190,haproxy,0.9112773537635803,1,1
202304,1,vim,CWE-122,0.012893378734588623,vulnerable,1,1,agrees,CWE-476,radare2,0.9070296287536621,1,1
202392,1,php-src,CWE-119,-0.9087066650390625,fixed,1,1,agrees,CWE-189,linux,0.9087066650390625,1,1
202659,1,net,CWE-125,-0.9437298774719238,fixed,1,1,agrees,CWE-200,linux,0.9437298774719238,1,1
202677,1,qemu,CWE-369,1.2874603271484375e-05,vulnerable,1,1,rescues_yes_only_error,CWE-119,php-src,0.9195435047149658,0,0
202688,1,ghostpdl,CWE-787,-0.9251105785369873,fixed,1,1,agrees,CWE-415,linux,0.9251105785369873,1,1
202708,1,vim,CWE-476,0.8844726085662842,vulnerable,1,1,rescues_yes_only_error,CWE-416,vim,0.8844726085662842,0,0
202719,1,linux,CWE-704,0.9301809072494507,vulnerable,1,1,agrees,CWE-362,linux,0.9301809072494507,1,1
202748,1,ImageMagick,CWE-772,-0.9150495529174805,fixed,1,1,agrees,CWE-189,linux,0.9150495529174805,1,1
202783,1,php-src,CWE-119,-0.9165178537368774,fixed,1,1,agrees,CWE-476,openldap,0.9165178537368774,1,1
202822,1,ghostpdl,CWE-787,-0.9028596878051758,fixed,1,1,agrees,CWE-200,linux,0.9028596878051758,1,1
202888,1,linux,CWE-787,-0.9271741509437561,fixed,1,1,agrees,CWE-200,linux,0.9271741509437561,1,1
202889,1,linux,CWE-787,-0.9271741509437561,fixed,1,1,agrees,CWE-200,linux,0.9271741509437561,1,1
202892,1,pure-ftpd,CWE-434,0.027049899101257324,vulnerable,1,1,agrees,CWE-787,linux,0.9250159859657288,1,1
202943,1,lua,CWE-787,-0.9056589007377625,fixed,0,0,agrees,CWE-200,linux,0.9056589007377625,0,0
203614,1,linux,CWE-703,-0.922023355960846,fixed,1,1,agrees,CWE-415,linux,0.922023355960846,1,1
203902,1,vim,CWE-703,0.9116755723953247,vulnerable,1,1,agrees,CWE-190,haproxy,0.9116755723953247,1,1
204016,1,squashfs-tools,CWE-200,0.9230934977531433,vulnerable,1,1,agrees,CWE-362,linux,0.9230934977531433,1,1
204017,1,squashfs-tools,CWE-200,0.9230934977531433,vulnerable,1,1,agrees,CWE-362,linux,0.9230934977531433,1,1
204019,1,squashfs-tools,CWE-200,0.9297007918357849,vulnerable,1,1,agrees,CWE-362,linux,0.9297007918357849,1,1
204032,1,linux,CWE-772,-0.03226768970489502,fixed,1,1,agrees,CWE-415,linux,0.9351638555526733,1,1
204036,1,net,CWE-787,0.9018980264663696,vulnerable,1,1,agrees,CWE-787,linux,0.9018980264663696,1,1
204073,1,shapelib,CWE-415,0.8939328193664551,vulnerable,1,1,agrees,CWE-125,cJSON,0.8939328193664551,1,1
204115,1,openldap,CWE-617,0.9195631146430969,vulnerable,1,1,agrees,CWE-190,haproxy,0.9195631146430969,1,1
204137,1,poppler,CWE-369,0.9103907346725464,vulnerable,1,1,agrees,CWE-190,FreeRDP,0.9103907346725464,1,1
204195,1,pjproject,CWE-125,0.9236311912536621,vulnerable,1,1,agrees,CWE-362,linux,0.9236311912536621,1,1
204243,1,vim,CWE-787,-0.9143257737159729,fixed,0,0,agrees,CWE-476,openldap,0.9143257737159729,0,0
204278,1,firejail,CWE-94,0.9189022779464722,vulnerable,1,1,agrees,CWE-362,linux,0.9189022779464722,1,1
204351,1,squirrel,CWE-125,-0.8845193386077881,fixed,1,1,rescues_yes_only_error,CWE-476,openldap,0.8845193386077881,0,0
204412,1,bpf,CWE-787,0.9385716915130615,vulnerable,1,1,agrees,CWE-362,linux,0.9385716915130615,1,1
204425,1,frr,CWE-125,-0.9183337688446045,fixed,1,1,agrees,CWE-787,linux,0.9183337688446045,1,1
204438,1,ImageMagick,CWE-617,0.026303350925445557,vulnerable,1,1,agrees,CWE-772,ImageMagick6,0.9146429896354675,1,1
204495,1,linux,CWE-193,-0.00020617246627807617,fixed,1,1,agrees,CWE-119,php-src,0.9198909997940063,1,1
204534,1,admesh,CWE-125,-0.8840282559394836,fixed,1,1,agrees,CWE-476,openldap,0.8840282559394836,1,1
204535,1,admesh,CWE-125,-0.8939099311828613,fixed,1,1,agrees,CWE-476,openldap,0.8939099311828613,1,1
204544,1,linux,CWE-416,0.9315728545188904,vulnerable,1,1,agrees,CWE-476,linux,0.9315728545188904,1,1
204814,1,linux,CWE-703,-0.9099025726318359,fixed,1,1,agrees,CWE-415,linux,0.9099025726318359,1,1
204830,1,linux,CWE-200,-0.0018123984336853027,fixed,0,0,hurts_yes_only_correct,CWE-264,linux,0.9118785858154297,1,1
205630,1,linux,CWE-94,-0.9243149757385254,fixed,0,0,agrees,CWE-200,linux,0.9243149757385254,0,0
205734,1,rizin,CWE-787,-0.9136683940887451,fixed,1,1,agrees,CWE-20,stb,0.9136683940887451,1,1
205736,1,linux,CWE-834,-0.8927550911903381,fixed,0,0,agrees,CWE-20,linux,0.8927550911903381,0,0
205806,1,Singular,CWE-269,0.9099901914596558,vulnerable,1,1,agrees,CWE-362,linux,0.9099901914596558,1,1
205823,1,ovs,CWE-401,-0.9272375106811523,fixed,1,1,agrees,CWE-415,linux,0.9272375106811523,1,1
206025,1,evolution-data-server,CWE-200,-0.02186596393585205,fixed,0,0,agrees,CWE-20,openssh-portable,0.9131771326065063,0,0
206043,1,gimp,CWE-125,-0.9227274060249329,fixed,1,1,agrees,CWE-189,linux,0.9227274060249329,1,1
206044,1,tigervnc,CWE-672,-0.0013520121574401855,fixed,1,1,agrees,CWE-119,php-src,0.908435583114624,1,1
206262,1,vim,CWE-787,0.9034150838851929,vulnerable,0,0,hurts_yes_only_correct,CWE-200,linux-2.6,0.9034150838851929,1,1
206273,1,radare2,CWE-416,-0.9317751526832581,fixed,0,0,hurts_yes_only_correct,CWE-200,linux,0.9317751526832581,1,1
206417,1,vim,CWE-787,0.9126377701759338,vulnerable,0,0,agrees,CWE-190,mysql-server,0.9126377701759338,0,0
206555,1,php-src,CWE-119,0.9008245468139648,vulnerable,1,1,agrees,CWE-362,linux,0.9008245468139648,1,1
206588,1,php-src,CWE-119,-0.8836700320243835,fixed,1,1,agrees,CWE-20,stb,0.8836700320243835,1,1
206625,1,raptor,CWE-787,0.0,fixed,1,1,agrees,CWE-125,php-src,0.905775785446167,1,1
206639,1,linux,CWE-703,-0.9208606481552124,fixed,1,1,agrees,CWE-415,linux,0.9208606481552124,1,1
206670,1,nbdkit,CWE-924,0.926588237285614,vulnerable,1,1,agrees,CWE-362,linux,0.926588237285614,1,1
206676,1,vim,CWE-122,0.9219918251037598,vulnerable,0,0,hurts_yes_only_correct,CWE-362,linux,0.9219918251037598,1,1
206677,1,vim,CWE-703,0.9009417295455933,vulnerable,0,0,hurts_yes_only_correct,CWE-190,mysql-server,0.9009417295455933,1,1
206771,1,qcad,CWE-191,-0.888698160648346,fixed,1,1,agrees,CWE-20,stb,0.888698160648346,1,1
206781,1,linux,CWE-476,-0.9136650562286377,fixed,1,1,agrees,CWE-416,linux,0.9136650562286377,1,1
206815,1,ImageMagick,CWE-125,0.8998854756355286,vulnerable,1,1,agrees,CWE-772,ImageMagick6,0.8998854756355286,1,1
206845,1,linux,CWE-125,-0.9194929003715515,fixed,0,0,agrees,CWE-200,linux,0.9194929003715515,0,0
206942,1,vim,CWE-125,0.9136385321617126,vulnerable,1,1,agrees,CWE-125,cJSON,0.9136385321617126,1,1
206946,1,jasper,CWE-703,-0.9134090542793274,fixed,0,0,hurts_yes_only_correct,CWE-416,linux,0.9134090542793274,1,1
207068,1,linux,CWE-120,-0.9104852676391602,fixed,1,1,agrees,CWE-20,radvd,0.9104852676391602,1,1
207069,1,linux,CWE-120,-0.9176262617111206,fixed,1,1,rescues_yes_only_error,CWE-415,linux,0.9176262617111206,0,0
207150,1,squirrel,CWE-703,-0.8725183010101318,fixed,0,0,hurts_yes_only_correct,CWE-617,bind9,0.8725183010101318,1,1
207461,1,autotrace,CWE-787,-0.9206240177154541,fixed,1,1,agrees,CWE-17,php,0.9206240177154541,1,1
207520,1,rizin,CWE-787,-0.9376688003540039,fixed,1,1,agrees,CWE-200,linux,0.9376688003540039,1,1
207700,1,EternalTerminal,CWE-362,0.9115911722183228,vulnerable,1,1,agrees,CWE-77,thrift,0.9115911722183228,1,1
207703,1,EternalTerminal,CWE-362,0.0201263427734375,vulnerable,1,1,agrees,CWE-200,linux-2.6,0.92399662733078,1,1
207719,1,vim,CWE-787,-0.8722907900810242,fixed,0,0,agrees,CWE-20,stb,0.8722907900810242,0,0
207753,1,linux,CWE-284,-0.9244470000267029,fixed,1,1,agrees,CWE-415,linux,0.9244470000267029,1,1
207754,1,linux,CWE-284,-0.9242884516716003,fixed,1,1,agrees,CWE-200,linux,0.9242884516716003,1,1
207755,1,php-src,CWE-200,-0.9283345937728882,fixed,1,1,agrees,CWE-476,php-src,0.9283345937728882,1,1
207780,1,radare2,CWE-703,0.018695533275604248,vulnerable,1,1,agrees,CWE-119,php-src,0.9253447651863098,1,1
207803,1,linux,CWE-200,-0.00010567903518676758,fixed,0,0,agrees,CWE-415,gpac,0.9154201745986938,0,0
207804,1,linux,CWE-200,0.010110795497894287,vulnerable,0,0,agrees,CWE-416,linux,0.8760529160499573,0,0
207990,1,pcre2,CWE-703,-0.918737530708313,fixed,0,0,agrees,CWE-787,linux,0.918737530708313,0,0
208107,1,linux,CWE-703,-0.9299595952033997,fixed,0,0,hurts_yes_only_correct,CWE-200,linux,0.9299595952033997,1,1
208115,1,linux,CWE-703,-0.9201096296310425,fixed,0,0,hurts_yes_only_correct,CWE-415,linux,0.9201096296310425,1,1
208140,1,util-linux,CWE-200,-0.9185095429420471,fixed,0,0,agrees,CWE-17,php,0.9185095429420471,0,0
208370,1,vim,CWE-787,0.9138879179954529,vulnerable,1,1,agrees,CWE-703,linux,0.9138879179954529,1,1
208411,1,vim,CWE-787,0.020872116088867188,vulnerable,1,1,agrees,CWE-190,haproxy,0.9203002452850342,1,1
208505,1,tor,CWE-399,0.0174180269241333,vulnerable,0,0,hurts_yes_only_correct,CWE-200,linux-2.6,0.9272869825363159,1,1
208506,1,heimdal,CWE-476,-0.028777599334716797,fixed,1,1,agrees,CWE-20,linux,0.9240356683731079,1,1
208522,1,unbound,CWE-190,-0.9269935488700867,fixed,1,1,agrees,CWE-200,tip,0.9269935488700867,1,1
208525,1,vim,CWE-787,0.8876430988311768,vulnerable,0,0,agrees,CWE-200,linux,0.8876430988311768,0,0
208535,1,rizin,CWE-415,0.9015588760375977,vulnerable,0,0,hurts_yes_only_correct,CWE-190,haproxy,0.9015588760375977,1,1
208654,1,php-src,CWE-416,0.9130544066429138,vulnerable,0,0,agrees,CWE-601,mod_auth_openidc,0.9130544066429138,0,0
208680,1,radare2,CWE-416,9.047985076904297e-05,vulnerable,0,0,hurts_yes_only_correct,CWE-119,php-src,0.9321002960205078,1,1
208912,1,vim,CWE-416,-0.9111117720603943,fixed,0,0,agrees,CWE-362,linux,0.9111117720603943,0,0
208987,1,MilkyTracker,CWE-416,0.8471053838729858,vulnerable,1,1,agrees,CWE-189,libvncserver,0.8471053838729858,1,1
209026,1,libvirt,CWE-119,-0.9110287427902222,fixed,1,1,agrees,CWE-415,linux,0.9110287427902222,1,1
209102,1,vim,CWE-703,0.9069586992263794,vulnerable,0,0,hurts_yes_only_correct,CWE-125,libsoup,0.9069586992263794,1,1
209801,1,mujs,CWE-476,0.8895422220230103,vulnerable,0,0,hurts_yes_only_correct,CWE-401,linux,0.8895422220230103,1,1
209931,1,FreeRDP,CWE-190,0.8992217779159546,vulnerable,1,1,agrees,CWE-476,linux,0.8992217779159546,1,1
209955,1,linux,CWE-476,0.9317487478256226,vulnerable,0,0,agrees,CWE-476,linux,0.9317487478256226,0,0
210050,1,lua,CWE-125,-0.9038133025169373,fixed,0,0,agrees,CWE-200,linux,0.9038133025169373,0,0
210090,1,file,CWE-787,0.9346504807472229,vulnerable,1,1,agrees,CWE-190,haproxy,0.9346504807472229,1,1
210203,1,linux,CWE-787,-0.8887380957603455,fixed,0,0,agrees,CWE-416,linux,0.8887380957603455,0,0
210204,1,linux,CWE-362,0.9153554439544678,vulnerable,0,0,agrees,CWE-362,linux,0.9153554439544678,0,0
210206,1,squid,CWE-400,-0.9263273477554321,fixed,1,1,agrees,CWE-617,bind9,0.9263273477554321,1,1
210252,1,ImageMagick,CWE-787,0.9163710474967957,vulnerable,1,1,agrees,CWE-401,ImageMagick,0.9163710474967957,1,1
210271,1,vim,CWE-787,0.8925431966781616,vulnerable,1,1,agrees,CWE-401,linux,0.8925431966781616,1,1
210273,1,mongo,CWE-617,0.8944410085678101,vulnerable,0,0,agrees,CWE-119,w3m,0.8944410085678101,0,0
210278,1,unicorn,CWE-476,-0.8842861652374268,fixed,1,1,agrees,CWE-416,linux,0.8842861652374268,1,1
210282,1,qemu,CWE-125,0.8807992339134216,vulnerable,1,1,agrees,CWE-125,radare2,0.8807992339134216,1,1
210283,1,dpdk,CWE-703,0.945520281791687,vulnerable,1,1,agrees,CWE-362,linux,0.945520281791687,1,1
210284,1,dpdk,CWE-703,0.9522528648376465,vulnerable,1,1,agrees,CWE-362,linux,0.9522528648376465,1,1
210393,1,vim,CWE-416,-0.9010196924209595,fixed,1,1,agrees,CWE-362,linux,0.9010196924209595,1,1
210420,1,ghostpdl,CWE-119,-0.916916012763977,fixed,1,1,agrees,CWE-189,linux,0.916916012763977,1,1
210453,1,ghostpdl,CWE-120,-0.9369187951087952,fixed,1,1,agrees,CWE-415,linux,0.9369187951087952,1,1
210484,1,linux,CWE-125,-0.9323976635932922,fixed,1,1,agrees,CWE-200,linux,0.9323976635932922,1,1
210520,1,vim,CWE-125,-0.9047396183013916,fixed,0,0,hurts_yes_only_correct,CWE-20,openssh-portable,0.9047396183013916,1,1
210527,1,linux,CWE-415,-0.027161240577697754,fixed,1,1,agrees,CWE-415,linux,0.9351710081100464,1,1
210551,1,oniguruma,CWE-125,0.907971203327179,vulnerable,1,1,agrees,CWE-190,mysql-server,0.907971203327179,1,1
210570,1,radare2,CWE-787,-0.9171552062034607,fixed,1,1,agrees,CWE-20,stb,0.9171552062034607,1,1
210571,1,linux,CWE-401,-0.05579042434692383,fixed,1,1,agrees,CWE-415,linux,0.9268977642059326,1,1
210620,1,linux,CWE-415,-0.040654122829437256,fixed,0,0,agrees,CWE-415,linux,0.9293166399002075,0,0
210636,1,linux,CWE-416,-0.9051346182823181,fixed,1,1,agrees,CWE-703,linux,0.9051346182823181,1,1
210669,1,ImageMagick6,CWE-401,0.027413249015808105,vulnerable,1,1,agrees,CWE-772,ImageMagick6,0.9183779954910278,1,1
210692,1,ImageMagick6,CWE-835,0.02741330862045288,vulnerable,1,1,agrees,CWE-772,ImageMagick6,0.9183779358863831,1,1
210700,1,squashfs-tools,CWE-22,-0.9278333187103271,fixed,1,1,agrees,CWE-415,linux,0.9278333187103271,1,1
210701,1,squashfs-tools,CWE-22,-0.927615225315094,fixed,1,1,agrees,CWE-415,linux,0.927615225315094,1,1
210702,1,squashfs-tools,CWE-22,0.9193631410598755,vulnerable,1,1,agrees,CWE-200,linux-2.6,0.9193631410598755,1,1
210834,1,xserver,CWE-863,-0.002778470516204834,fixed,1,1,agrees,CWE-119,php-src,0.9191019535064697,1,1
210866,1,xserver,CWE-191,0.9071519374847412,vulnerable,1,1,agrees,CWE-362,linux,0.9071519374847412,1,1
210887,1,qemu,CWE-835,0.9226148128509521,vulnerable,1,1,agrees,CWE-200,linux-2.6,0.9226148128509521,1,1
210896,1,spice,CWE-193,0.9035899043083191,vulnerable,1,1,agrees,CWE-200,linux-2.6,0.9035899043083191,1,1
210904,1,curl,CWE-125,-0.8926596641540527,fixed,1,1,agrees,CWE-20,stb,0.8926596641540527,1,1
210910,1,vim,CWE-200,-0.0035634636878967285,fixed,1,1,agrees,CWE-119,php-src,0.921828031539917,1,1
210928,1,linux,CWE-476,0.024903476238250732,vulnerable,1,1,agrees,CWE-200,linux-2.6,0.915291428565979,1,1
210944,1,vim,CWE-416,-0.9320205450057983,fixed,0,0,agrees,CWE-415,linux,0.9320205450057983,0,0
211090,1,cifs-utils,CWE-20,0.0030405521392822266,vulnerable,1,1,agrees,CWE-264,linux,0.9127850532531738,1,1
211102,1,file-roller,CWE-22,0.0010747909545898438,vulnerable,1,1,agrees,CWE-119,php-src,0.9292057752609253,1,1
211103,1,file-roller,CWE-22,0.9165425896644592,vulnerable,1,1,rescues_yes_only_error,CWE-601,mod_auth_openidc,0.9165425896644592,0,0
211110,1,libtiff,CWE-787,-0.9158868193626404,fixed,1,1,agrees,CWE-200,linux,0.9158868193626404,1,1
211113,1,linux,CWE-416,-0.02463477849960327,fixed,0,0,hurts_yes_only_correct,CWE-415,linux,0.8980308175086975,1,1
211126,1,libmobi,CWE-125,0.02318274974822998,vulnerable,1,1,agrees,CWE-787,linux,0.9238806366920471,1,1
211136,1,rizin,CWE-787,0.9243512749671936,vulnerable,1,1,agrees,CWE-119,php-src,0.9243512749671936,1,1
211179,1,exiv2,CWE-125,-0.006762027740478516,fixed,1,1,agrees,CWE-787,git,0.9156661629676819,1,1
211181,1,php-src,CWE-17,-0.9191842079162598,fixed,0,0,hurts_yes_only_correct,CWE-200,linux,0.9191842079162598,1,1
211471,1,frr,CWE-125,-0.9208039045333862,fixed,1,1,agrees,CWE-415,linux,0.9208039045333862,1,1
211473,1,gdk-pixbuf,CWE-189,-0.9034324288368225,fixed,1,1,agrees,CWE-189,zlib,0.9034324288368225,1,1
211506,1,zlib,CWE-787,-0.913712739944458,fixed,1,1,rescues_yes_only_error,CWE-787,linux,0.913712739944458,0,0
211563,1,vim,CWE-122,0.8860520124435425,vulnerable,0,0,agrees,CWE-862,linux,0.8860520124435425,0,0
211567,1,clamav-devel,CWE-189,-0.9220062494277954,fixed,1,1,agrees,CWE-20,radvd,0.9220062494277954,1,1
211695,1,vim,CWE-416,0.019993484020233154,vulnerable,0,0,agrees,CWE-190,haproxy,0.902550220489502,0,0
211699,1,gnulib,CWE-119,-0.0040776729583740234,fixed,1,1,agrees,CWE-119,php-src,0.9260605573654175,1,1
211700,1,linux,CWE-120,-0.045409977436065674,fixed,1,1,agrees,CWE-415,linux,0.9390044212341309,1,1
211773,1,ntp,CWE-20,0.9071083068847656,vulnerable,1,1,agrees,CWE-190,haproxy,0.9071083068847656,1,1
211785,1,jasper,CWE-20,0.9156633615493774,vulnerable,1,1,agrees,CWE-476,linux,0.9156633615493774,1,1
211842,1,vim,CWE-787,0.006185650825500488,vulnerable,0,0,hurts_yes_only_correct,CWE-20,linux-2.6,0.8959904313087463,1,1
211845,1,ImageMagick6,CWE-787,0.025486111640930176,vulnerable,1,1,agrees,CWE-772,ImageMagick6,0.9137001037597656,1,1
211868,1,nf,CWE-269,-0.9163000583648682,fixed,0,0,agrees,CWE-415,linux,0.9163000583648682,0,0
211877,1,libexpat,CWE-668,0.007181823253631592,vulnerable,0,0,hurts_yes_only_correct,CWE-189,nedmalloc,0.9065232276916504,1,1
211915,1,jasper,CWE-125,0.9139547348022461,vulnerable,1,1,agrees,CWE-787,linux,0.9139547348022461,1,1
212083,1,linux,CWE-703,-0.9284691214561462,fixed,1,1,agrees,CWE-415,linux,0.9284691214561462,1,1
212144,1,libmobi,CWE-119,0.0006517767906188965,vulnerable,0,0,hurts_yes_only_correct,CWE-119,linux,0.9177609086036682,1,1
212152,1,bash,CWE-787,0.001216590404510498,vulnerable,1,1,agrees,CWE-284,linux,0.8945462107658386,1,1
212339,1,icecast-server,CWE-119,-0.9316025972366333,fixed,1,1,agrees,CWE-415,linux,0.9316025972366333,1,1
212407,1,varnish-cache,CWE-703,-0.9106305837631226,fixed,1,1,agrees,CWE-20,stb,0.9106305837631226,1,1
212414,1,linux,CWE-416,-0.9318016171455383,fixed,1,1,agrees,CWE-200,linux,0.9318016171455383,1,1
212433,1,vim,CWE-416,0.0004892945289611816,vulnerable,1,1,agrees,CWE-119,php-src,0.9065795540809631,1,1
212436,1,linux,CWE-787,0.9183251857757568,vulnerable,1,1,rescues_yes_only_error,CWE-787,linux,0.9183251857757568,0,0
212818,1,pjproject,CWE-191,0.9115767478942871,vulnerable,1,1,agrees,CWE-362,linux,0.9115767478942871,1,1
212822,1,ghostpdl,CWE-787,-0.9255757331848145,fixed,1,1,agrees,CWE-189,linux,0.9255757331848145,1,1
212829,1,php-src,CWE-476,-0.9154132008552551,fixed,1,1,agrees,CWE-189,linux,0.9154132008552551,1,1
212834,1,rsyslog,CWE-190,0.013292968273162842,vulnerable,1,1,agrees,CWE-772,rsyslog,0.9166914224624634,1,1
212857,1,vim,CWE-416,0.0349271297454834,vulnerable,1,1,agrees,CWE-787,linux,0.9192520380020142,1,1
212871,1,newsbeuter,CWE-787,-0.9140201807022095,fixed,1,1,agrees,CWE-362,linux,0.9140201807022095,1,1
212927,1,qemu,CWE-835,0.9317312240600586,vulnerable,0,0,agrees,CWE-200,linux-2.6,0.9317312240600586,0,0
212934,1,cyrus-imapd,CWE-732,0.9299240112304688,vulnerable,0,0,hurts_yes_only_correct,CWE-362,linux,0.9299240112304688,1,1
212955,1,linux,CWE-476,-0.9099299907684326,fixed,1,1,agrees,CWE-20,openssh-portable,0.9099299907684326,1,1
213037,1,php-src,CWE-125,0.009117603302001953,vulnerable,1,1,agrees,CWE-416,clamav-devel,0.9133118391036987,1,1
213075,1,linux,CWE-416,0.8999447822570801,vulnerable,1,1,agrees,CWE-787,linux,0.8999447822570801,1,1
213370,1,glib,CWE-754,0.9169678688049316,vulnerable,1,1,agrees,CWE-601,mod_auth_openidc,0.9169678688049316,1,1
213515,1,vim,CWE-787,0.014172673225402832,vulnerable,0,0,hurts_yes_only_correct,CWE-787,linux,0.9120720624923706,1,1
213528,1,linux,CWE-416,-0.9324467182159424,fixed,0,0,hurts_yes_only_correct,CWE-200,linux,0.9324467182159424,1,1
213998,1,libtpms,CWE-119,-0.8929391503334045,fixed,0,0,agrees,CWE-416,linux,0.8929391503334045,0,0
214003,1,libvncserver,CWE-787,-0.003831207752227783,fixed,1,1,agrees,CWE-119,php-src,0.9225592017173767,1,1
214124,1,chafa,CWE-125,-0.921318531036377,fixed,1,1,agrees,CWE-189,linux,0.921318531036377,1,1
214160,1,linux,CWE-476,0.9314679503440857,vulnerable,1,1,agrees,CWE-476,linux,0.9314679503440857,1,1
214276,1,linux,CWE-20,-0.9378618597984314,fixed,1,1,agrees,CWE-415,linux,0.9378618597984314,1,1
214282,1,radare2,CWE-787,0.0002015233039855957,vulnerable,1,1,agrees,CWE-119,php-src,0.9261094927787781,1,1
214335,1,ceph,CWE-79,0.9333190321922302,vulnerable,0,0,hurts_yes_only_correct,CWE-20,samba,0.9333190321922302,1,1
214336,1,linux,CWE-362,0.9516604542732239,vulnerable,1,1,agrees,CWE-362,linux,0.9516604542732239,1,1
214339,1,linux,CWE-787,0.9168941974639893,vulnerable,1,1,agrees,CWE-787,linux,0.9168941974639893,1,1
214358,1,clamav-devel,CWE-20,-0.0010948777198791504,fixed,1,1,agrees,CWE-119,php-src,0.9230186343193054,1,1
214364,1,php-src,CWE-119,0.9104101657867432,vulnerable,1,1,agrees,CWE-190,haproxy,0.9104101657867432,1,1
214909,1,linux,CWE-401,-0.9359802007675171,fixed,1,1,agrees,CWE-415,linux,0.9359802007675171,1,1
214948,1,nagioscore,CWE-476,0.9264034032821655,vulnerable,0,0,hurts_yes_only_correct,CWE-200,linux-2.6,0.9264034032821655,1,1
214997,1,liblouis,CWE-787,0.9234349131584167,vulnerable,1,1,agrees,CWE-125,cJSON,0.9234349131584167,1,1
215038,1,gst-plugins-good,CWE-125,-0.9276540279388428,fixed,1,1,agrees,CWE-415,linux,0.9276540279388428,1,1
215073,1,linux,CWE-269,-0.9342848658561707,fixed,1,1,rescues_yes_only_error,CWE-415,linux,0.9342848658561707,0,0
215103,1,mongo,CWE-617,0.8944410085678101,vulnerable,0,0,agrees,CWE-119,w3m,0.8944410085678101,0,0
215142,1,open62541,CWE-703,-0.897403359413147,fixed,0,0,agrees,CWE-119,Chrome,0.897403359413147,0,0
215188,1,libmobi,CWE-787,0.9300625324249268,vulnerable,1,1,agrees,CWE-200,linux-2.6,0.9300625324249268,1,1
215262,1,qemu,CWE-835,8.744001388549805e-05,vulnerable,1,1,agrees,CWE-125,tcpdump,0.9234858155250549,1,1
215264,1,perl5,CWE-120,-0.9248085021972656,fixed,0,0,hurts_yes_only_correct,CWE-189,linux,0.9248085021972656,1,1
215312,1,linux-2.6,CWE-20,-0.9164372086524963,fixed,1,1,agrees,CWE-416,linux,0.9164372086524963,1,1
215374,1,linux-2.6,CWE-189,-0.914337158203125,fixed,1,1,agrees,CWE-200,linux,0.914337158203125,1,1
215391,1,linux-2.6,CWE-20,-0.9259068965911865,fixed,0,0,hurts_yes_only_correct,CWE-703,linux,0.9259068965911865,1,1
215399,1,linux-2.6,CWE-119,-0.91773921251297,fixed,1,1,agrees,CWE-200,linux,0.91773921251297,1,1
215400,1,linux-2.6,CWE-20,0.0003478527069091797,vulnerable,1,1,agrees,CWE-119,php-src,0.9220021963119507,1,1
215549,1,gzip,CWE-189,-0.0012770295143127441,fixed,1,1,agrees,CWE-119,linux,0.9120503067970276,1,1
215921,1,grep,CWE-119,-0.8977392911911011,fixed,0,0,hurts_yes_only_correct,CWE-20,stb,0.8977392911911011,1,1
215948,1,nettle,CWE-310,-0.8862287998199463,fixed,0,0,hurts_yes_only_correct,CWE-189,zlib,0.8862287998199463,1,1
216027,1,tar,CWE-476,0.9245595932006836,vulnerable,1,1,agrees,CWE-362,linux,0.9245595932006836,1,1
216126,1,openssl,CWE-20,0.8974524140357971,vulnerable,1,1,agrees,CWE-601,mod_auth_openidc,0.8974524140357971,1,1
216202,1,libssh,CWE-399,-0.9196708798408508,fixed,1,1,agrees,CWE-415,linux,0.9196708798408508,1,1
216515,1,openssl,CWE-362,-0.008217692375183105,fixed,1,1,agrees,CWE-787,linux,0.9160105586051941,1,1
216637,1,guile,CWE-275,0.9052598476409912,vulnerable,0,0,hurts_yes_only_correct,CWE-200,linux-2.6,0.9052598476409912,1,1
216654,1,core,CWE-20,-0.9221213459968567,fixed,1,1,agrees,CWE-415,linux,0.9221213459968567,1,1
216701,1,libtiff,CWE-770,-0.9065238833427429,fixed,1,1,agrees,CWE-200,linux,0.9065238833427429,1,1
216726,1,openssl,CWE-327,0.014151275157928467,vulnerable,1,1,agrees,CWE-20,openssl,0.923690140247345,1,1
216767,1,core,CWE-835,-0.9081604480743408,fixed,1,1,agrees,CWE-200,linux,0.9081604480743408,1,1
216800,1,core,CWE-125,-0.8831141591072083,fixed,1,1,agrees,CWE-20,stb,0.8831141591072083,1,1
216812,1,openssl,CWE-476,-0.8678557872772217,fixed,0,0,agrees,CWE-20,openssh-portable,0.8678557872772217,0,0
216861,1,openssl,CWE-125,4.2498111724853516e-05,vulnerable,0,0,hurts_yes_only_correct,CWE-74,php-src,0.9115371108055115,1,1
216903,1,server,CWE-476,-0.8891378045082092,fixed,0,0,agrees,CWE-189,linux,0.8891378045082092,0,0
216906,1,server,CWE-400,-0.9054656028747559,fixed,0,0,hurts_yes_only_correct,CWE-287,pgbouncer,0.9054656028747559,1,1
216938,1,server,CWE-416,-0.009954333305358887,fixed,0,0,agrees,CWE-20,php-src,0.9129377603530884,0,0
216945,1,server,CWE-617,-0.8934822678565979,fixed,0,0,agrees,CWE-476,openldap,0.8934822678565979,0,0
216946,1,server,CWE-416,0.9261882901191711,vulnerable,1,1,agrees,CWE-190,haproxy,0.9261882901191711,1,1
216965,1,server,CWE-617,-0.9014966487884521,fixed,0,0,hurts_yes_only_correct,CWE-476,openldap,0.9014966487884521,1,1
217176,1,monit,CWE-79,-0.9164191484451294,fixed,1,1,agrees,CWE-20,stb,0.9164191484451294,1,1
217459,1,JUCE,CWE-59,0.9002634286880493,vulnerable,1,1,agrees,CWE-77,thrift,0.9002634286880493,1,1
217547,1,libMeshb,CWE-120,0.9223697781562805,vulnerable,1,1,agrees,CWE-362,linux,0.9223697781562805,1,1
217551,1,elfspirit,CWE-125,0.020160913467407227,vulnerable,1,1,agrees,CWE-787,linux,0.9207438230514526,1,1
217569,0,ImageMagick6,CWE-704,-0.9158406257629395,fixed,0,1,agrees,CWE-189,linux,0.9158406257629395,0,1
218785,0,ImageMagick6,CWE-190,0.0022769570350646973,vulnerable,0,1,agrees,CWE-787,ImageMagick6,0.9011105895042419,0,1
218852,0,tensorflow,CWE-401,0.922541081905365,vulnerable,1,0,rescues_yes_only_error,CWE-601,mod_auth_openidc,0.922541081905365,0,1
218933,0,tensorflow,CWE-476,-0.8998187780380249,fixed,1,0,agrees,CWE-476,libgit2,0.8998187780380249,1,0
219032,0,tensorflow,CWE-617,-0.9033635258674622,fixed,0,1,agrees,CWE-189,linux,0.9033635258674622,0,1
219912,0,gpac,CWE-476,-0.9080238938331604,fixed,0,1,agrees,CWE-476,openldap,0.9080238938331604,0,1
219931,0,tensorflow,CWE-617,0.8988107442855835,vulnerable,0,1,hurts_yes_only_correct,CWE-284,ntopng,0.8988107442855835,1,0
219947,0,glewlwyd,CWE-287,-0.9303353428840637,fixed,0,1,agrees,CWE-415,linux,0.9303353428840637,0,1
220021,0,tensorflow,CWE-190,-0.003711700439453125,fixed,0,1,agrees,CWE-125,tensorflow,0.923233151435852,0,1
220100,0,linux,CWE-909,-0.015321135520935059,fixed,1,0,agrees,CWE-703,linux,0.9129202365875244,1,0
220168,0,tensorflow,CWE-401,-0.9146006107330322,fixed,0,1,agrees,CWE-189,linux,0.9146006107330322,0,1
220201,0,tensorflow,CWE-125,0.9099819660186768,vulnerable,1,0,rescues_yes_only_error,CWE-200,linux-2.6,0.9099819660186768,0,1
220442,0,mruby,CWE-476,0.9148492813110352,vulnerable,0,1,agrees,CWE-362,linux,0.9148492813110352,0,1
220449,0,tensorflow,CWE-354,0.9146732091903687,vulnerable,0,1,agrees,CWE-703,tensorflow,0.9146732091903687,0,1
220463,0,tensorflow,CWE-476,-0.9010617733001709,fixed,1,0,rescues_yes_only_error,CWE-703,linux,0.9010617733001709,0,1
220804,0,tensorflow,CWE-787,0.9154970645904541,vulnerable,0,1,agrees,CWE-476,tensorflow,0.9154970645904541,0,1
220841,0,tensorflow,CWE-369,-0.01069343090057373,fixed,1,0,rescues_yes_only_error,CWE-190,jasper,0.9057671427726746,0,1
220909,0,tensorflow,CWE-617,0.9098975658416748,vulnerable,1,0,agrees,CWE-190,mysql-server,0.9098975658416748,1,0
220924,0,gpac,CWE-476,0.009410440921783447,vulnerable,0,1,agrees,CWE-787,linux,0.9349046945571899,0,1
221079,0,gpac,CWE-120,0.0021532773971557617,vulnerable,0,1,agrees,CWE-415,gpac,0.9257266521453857,0,1
221123,0,tensorflow,CWE-416,-0.9146006107330322,fixed,0,1,agrees,CWE-189,linux,0.9146006107330322,0,1
221160,0,gpac,CWE-415,-0.0032444000244140625,fixed,0,1,agrees,CWE-415,gpac,0.9293228983879089,0,1
221413,0,linux,CWE-862,-0.014204800128936768,fixed,0,1,hurts_yes_only_correct,CWE-20,openssh-portable,0.9209339618682861,1,0
221428,0,tensorflow,CWE-617,0.0059258341789245605,vulnerable,1,0,rescues_yes_only_error,CWE-200,linux,0.8985599875450134,0,1
221631,0,tensorflow,CWE-754,0.015608787536621094,vulnerable,1,0,agrees,CWE-703,radare2,0.9021340608596802,1,0
221651,0,hermes,CWE-843,-0.0016003847122192383,fixed,1,0,agrees,CWE-787,radare2,0.8975154757499695,1,0
221678,0,e2guardian,CWE-295,-0.9153816103935242,fixed,0,1,agrees,CWE-362,linux,0.9153816103935242,0,1
222666,0,tmate-ssh-server,CWE-362,-0.01636052131652832,fixed,0,1,agrees,CWE-20,openssh-portable,0.907428503036499,0,1
222737,0,pjproject,CWE-125,0.9157611131668091,vulnerable,0,1,agrees,CWE-787,linux,0.9157611131668091,0,1
222739,0,gpac,CWE-476,-0.001874089241027832,fixed,0,1,agrees,CWE-415,gpac,0.924996018409729,0,1
222906,0,tensorflow,CWE-787,-0.8865839242935181,fixed,1,0,agrees,CWE-19,linux,0.8865839242935181,1,0
222925,0,tensorflow,CWE-617,-0.0004571676254272461,fixed,1,0,agrees,CWE-119,php-src,0.904969334602356,1,0
223089,0,ImageMagick,CWE-190,0.028863370418548584,vulnerable,0,1,agrees,CWE-772,ImageMagick6,0.9247276782989502,0,1
223368,0,pcre2,CWE-125,0.922060489654541,vulnerable,0,1,hurts_yes_only_correct,CWE-190,php-src,0.922060489654541,1,0
223728,0,tensorflow,CWE-476,-0.9108428955078125,fixed,1,0,agrees,CWE-476,openldap,0.9108428955078125,1,0
224153,0,tensorflow,CWE-908,-0.9039115309715271,fixed,0,1,agrees,CWE-476,openldap,0.9039115309715271,0,1
224154,0,mruby,CWE-476,-0.9083810448646545,fixed,0,1,agrees,CWE-200,util-linux,0.9083810448646545,0,1
224181,0,tensorflow,CWE-843,-0.8933547735214233,fixed,0,1,agrees,CWE-189,linux,0.8933547735214233,0,1
224192,0,mruby,CWE-125,-0.9216361045837402,fixed,1,0,agrees,CWE-476,openldap,0.9216361045837402,1,0
224208,0,uWebSockets,CWE-787,-0.8908963203430176,fixed,0,1,agrees,CWE-20,stb,0.8908963203430176,0,1
224277,0,flatpak,CWE-20,-0.00020611286163330078,fixed,1,0,rescues_yes_only_error,CWE-119,php-src,0.9316956996917725,0,1
224281,0,squid,CWE-400,-0.919954240322113,fixed,0,1,agrees,CWE-787,linux,0.919954240322113,0,1
224472,0,gpac,CWE-415,-0.9248969554901123,fixed,0,1,agrees,CWE-200,linux,0.9248969554901123,0,1
224570,0,tensorflow,CWE-843,0.9085121750831604,vulnerable,0,1,agrees,CWE-787,linux,0.9085121750831604,0,1
224728,0,gpac,CWE-415,0.9196374416351318,vulnerable,0,1,agrees,CWE-787,linux,0.9196374416351318,0,1
224862,0,tensorflow,CWE-190,-0.9165448546409607,fixed,0,1,agrees,CWE-476,openldap,0.9165448546409607,0,1
224891,0,tensorflow,CWE-125,-0.0015578866004943848,fixed,0,1,agrees,CWE-190,openjpeg,0.9258647561073303,0,1
224964,0,flatpak,CWE-276,-0.00010079145431518555,fixed,1,0,agrees,CWE-119,php-src,0.9074995517730713,1,0
225062,0,postgres,CWE-522,0.014642119407653809,vulnerable,1,0,agrees,CWE-200,linux-2.6,0.9252843856811523,1,0
225086,0,tensorflow,CWE-617,0.9132202863693237,vulnerable,1,0,agrees,CWE-125,libevent,0.9132202863693237,1,0
225125,0,tensorflow,CWE-190,-0.9164913892745972,fixed,0,1,agrees,CWE-189,linux,0.9164913892745972,0,1
225383,0,v4l2loopback,CWE-134,0.8992946743965149,vulnerable,1,0,rescues_yes_only_error,CWE-125,libsoup,0.8992946743965149,0,1
225473,0,tensorflow,CWE-476,-0.005775809288024902,fixed,0,1,hurts_yes_only_correct,CWE-369,tensorflow,0.8784931898117065,1,0
225547,0,tensorflow,CWE-190,-0.8897152543067932,fixed,0,1,agrees,CWE-189,linux,0.8897152543067932,0,1
225552,0,tensorflow,CWE-190,-0.8995012044906616,fixed,0,1,agrees,CWE-20,stb,0.8995012044906616,0,1
225563,0,tensorflow,CWE-369,-0.0028504133224487305,fixed,0,1,agrees,CWE-190,openjpeg,0.9249613285064697,0,1
225566,0,ImageMagick6,CWE-190,0.028863370418548584,vulnerable,0,1,agrees,CWE-772,ImageMagick6,0.9247276186943054,0,1
226029,0,gpac,CWE-476,0.8822199106216431,vulnerable,1,0,rescues_yes_only_error,CWE-787,linux,0.8822199106216431,0,1
226433,0,tensorflow,CWE-476,-0.02844369411468506,fixed,0,1,hurts_yes_only_correct,CWE-369,tensorflow,0.9108226895332336,1,0
227022,0,weechat,CWE-476,0.9265275001525879,vulnerable,0,1,agrees,CWE-362,linux,0.9265275001525879,0,1
228563,0,hhvm,CWE-119,-0.9106894731521606,fixed,0,1,agrees,CWE-200,tip,0.9106894731521606,0,1
229165,0,qemu,CWE-787,-0.9183650016784668,fixed,0,1,agrees,CWE-200,linux,0.9183650016784668,0,1
229337,0,tensorflow,CWE-476,-0.9124274253845215,fixed,0,1,hurts_yes_only_correct,CWE-416,linux,0.9124274253845215,1,0
230147,0,glewlwyd,CWE-787,-0.00046241283416748047,fixed,0,1,agrees,CWE-415,gpac,0.9224979877471924,0,1
230302,0,njs,CWE-703,0.9062086939811707,vulnerable,0,1,agrees,CWE-787,php-src,0.9062086939811707,0,1
230394,0,pjproject,CWE-703,-0.020649969577789307,fixed,0,1,agrees,CWE-20,openssh-portable,0.9217039346694946,0,1
231012,0,mruby,CWE-703,0.9232344627380371,vulnerable,0,1,agrees,CWE-362,linux,0.9232344627380371,0,1
231048,0,FreeRTOS-Kernel,CWE-200,-0.010340392589569092,fixed,1,0,rescues_yes_only_error,CWE-20,php-src,0.8324887752532959,0,1
231710,0,mvfst,CWE-703,-0.013852059841156006,fixed,1,0,rescues_yes_only_error,CWE-20,openssh-portable,0.9076274633407593,0,1
232287,0,libjpeg,CWE-703,0.9029065370559692,vulnerable,0,1,agrees,CWE-190,mysql-server,0.9029065370559692,0,1
232289,0,libjpeg,CWE-703,0.8948022723197937,vulnerable,0,1,agrees,CWE-200,linux,0.8948022723197937,0,1
232329,0,gpac,CWE-476,0.012425661087036133,vulnerable,0,1,agrees,CWE-476,gpac,0.924494743347168,0,1
232405,0,tensorflow,CWE-476,-0.8951793909072876,fixed,0,1,agrees,CWE-369,tensorflow,0.8951793909072876,0,1
232839,0,tensorflow,CWE-703,-0.004439592361450195,fixed,0,1,agrees,CWE-415,gpac,0.8983660936355591,0,1
233862,0,deark,CWE-369,-0.9105008244514465,fixed,1,0,rescues_yes_only_error,CWE-200,linux,0.9105008244514465,0,1
233867,0,php-src,CWE-476,-0.9055459499359131,fixed,0,1,agrees,CWE-20,stb,0.9055459499359131,0,1
234731,0,linux,CWE-703,-0.9240156412124634,fixed,0,1,agrees,CWE-415,linux,0.9240156412124634,0,1
234875,0,ImageMagick,CWE-125,0.9214913845062256,vulnerable,0,1,agrees,CWE-190,mysql-server,0.9214913845062256,0,1
235642,0,pjproject,CWE-787,0.9297233819961548,vulnerable,1,0,rescues_yes_only_error,CWE-362,linux,0.9297233819961548,0,1
235765,0,tensorflow,CWE-787,-0.9101842641830444,fixed,0,1,agrees,CWE-189,linux,0.9101842641830444,0,1
236125,0,gpac,CWE-703,-0.0029146671295166016,fixed,0,1,agrees,CWE-415,gpac,0.9203917980194092,0,1
237885,0,lsquic,CWE-269,-0.9330348372459412,fixed,1,0,agrees,CWE-415,linux,0.9330348372459412,1,0
238322,0,barebox,CWE-200,-0.89925217628479,fixed,0,1,hurts_yes_only_correct,CWE-20,radvd,0.89925217628479,1,0
238803,0,vim,CWE-416,0.9096130728721619,vulnerable,1,0,rescues_yes_only_error,CWE-200,linux-2.6,0.9096130728721619,0,1
240276,0,vim,CWE-787,-0.9232576489448547,fixed,0,1,agrees,CWE-189,linux,0.9232576489448547,0,1
240595,0,tensorflow,CWE-369,-0.9090543985366821,fixed,0,1,agrees,CWE-399,rsyslog,0.9090543985366821,0,1
241040,0,booth,CWE-284,0.9066523313522339,vulnerable,1,0,agrees,CWE-200,linux-2.6,0.9066523313522339,1,0
241311,0,mruby,CWE-787,0.913428544998169,vulnerable,1,0,agrees,CWE-362,linux,0.913428544998169,1,0
241369,0,tensorflow,CWE-354,0.9189022779464722,vulnerable,0,1,hurts_yes_only_correct,CWE-284,ntopng,0.9189022779464722,1,0
242619,0,tensorflow,CWE-703,-0.8925997018814087,fixed,1,0,rescues_yes_only_error,CWE-399,rsyslog,0.8925997018814087,0,1
242637,0,gpac,CWE-703,-0.9306132197380066,fixed,0,1,agrees,CWE-476,openldap,0.9306132197380066,0,1
242899,0,tensorflow,CWE-125,0.8994108438491821,vulnerable,0,1,hurts_yes_only_correct,CWE-369,tensorflow,0.8994108438491821,1,0
242926,0,tensorflow,CWE-20,0.9061716794967651,vulnerable,0,1,hurts_yes_only_correct,CWE-787,linux,0.9061716794967651,1,0
245140,0,tensorflow,CWE-703,-0.8886761665344238,fixed,0,1,hurts_yes_only_correct,CWE-703,linux,0.8886761665344238,1,0
245434,0,gpac,CWE-703,-0.0008077025413513184,fixed,0,1,agrees,CWE-119,php-src,0.9245879650115967,0,1
245921,0,tensorflow,CWE-476,-0.9022546410560608,fixed,1,0,agrees,CWE-617,bind9,0.9022546410560608,1,0
246207,0,tensorflow,CWE-125,-0.903542697429657,fixed,0,1,agrees,CWE-399,rsyslog,0.903542697429657,0,1
246237,0,furnace,CWE-703,-0.0017554163932800293,fixed,1,0,rescues_yes_only_error,CWE-125,exempi,0.9066019654273987,0,1
246495,0,tensorflow,CWE-369,-0.9204679727554321,fixed,0,1,hurts_yes_only_correct,CWE-189,linux,0.9204679727554321,1,0
246693,0,gpac,CWE-787,0.00320357084274292,vulnerable,0,1,agrees,CWE-415,gpac,0.9235717058181763,0,1
247290,0,tensorflow,CWE-703,0.9035149812698364,vulnerable,0,1,agrees,CWE-476,tensorflow,0.9035149812698364,0,1
247337,0,rpm,CWE-284,0.9225219488143921,vulnerable,0,1,agrees,CWE-362,linux,0.9225219488143921,0,1
247550,0,envoy,CWE-362,0.9103734493255615,vulnerable,1,0,rescues_yes_only_error,CWE-601,mod_auth_openidc,0.9103734493255615,0,1
247755,0,cryptopp,CWE-399,0.004828274250030518,vulnerable,1,0,agrees,CWE-190,gpac,0.8933584094047546,1,0
249510,0,libjxl,CWE-369,0.9229035973548889,vulnerable,0,1,agrees,CWE-362,linux,0.9229035973548889,0,1
249989,0,gpac,CWE-476,-0.906127393245697,fixed,0,1,agrees,CWE-399,rsyslog,0.906127393245697,0,1
250692,0,drogon,CWE-552,0.8867580890655518,vulnerable,0,1,agrees,CWE-77,thrift,0.8867580890655518,0,1
251946,0,tensorflow,CWE-369,0.002992093563079834,vulnerable,1,0,rescues_yes_only_error,CWE-200,linux-2.6,0.9148815870285034,0,1
252437,0,tinyexr,CWE-20,-0.9241176843643188,fixed,0,1,agrees,CWE-415,linux,0.9241176843643188,0,1
253515,0,mruby,CWE-125,-0.9216361045837402,fixed,0,1,hurts_yes_only_correct,CWE-476,openldap,0.9216361045837402,1,0
253699,0,linux,CWE-703,-0.9268828630447388,fixed,0,1,agrees,CWE-20,openssh-portable,0.9268828630447388,0,1
253970,0,tensorflow,CWE-476,0.9165079593658447,vulnerable,0,1,agrees,CWE-476,tensorflow,0.9165079593658447,0,1
255032,0,FFmpeg,CWE-252,-0.0042116641998291016,fixed,0,1,agrees,CWE-415,gpac,0.9246423244476318,0,1
255574,0,njs,CWE-787,0.9106395244598389,vulnerable,0,1,agrees,CWE-200,linux-2.6,0.9106395244598389,0,1
255787,0,tensorflow,CWE-20,0.9183284044265747,vulnerable,0,1,agrees,CWE-77,thrift,0.9183284044265747,0,1
255807,0,tensorflow,CWE-908,-0.9156386852264404,fixed,0,1,agrees,CWE-189,linux,0.9156386852264404,0,1
255932,0,tensorflow,CWE-369,0.9120367765426636,vulnerable,1,0,agrees,CWE-284,ntopng,0.9120367765426636,1,0
256138,0,tensorflow,CWE-125,-0.9079005122184753,fixed,0,1,hurts_yes_only_correct,CWE-416,linux,0.9079005122184753,1,0
256441,0,pjproject,CWE-200,-0.9185963869094849,fixed,0,1,agrees,CWE-682,Android,0.9185963869094849,0,1
256587,0,tensorflow,CWE-703,0.8941181898117065,vulnerable,0,1,hurts_yes_only_correct,CWE-369,tensorflow,0.8941181898117065,1,0
256947,0,tensorflow,CWE-703,-0.0006154775619506836,fixed,1,0,rescues_yes_only_error,CWE-415,gpac,0.9070215225219727,0,1
257461,0,tensorflow,CWE-703,-0.919390082359314,fixed,1,0,rescues_yes_only_error,CWE-362,linux,0.919390082359314,0,1
258082,0,tensorflow,CWE-369,-0.010592758655548096,fixed,0,1,hurts_yes_only_correct,CWE-125,tensorflow,0.8951621651649475,1,0
259081,0,tensorflow,CWE-476,-0.9115827083587646,fixed,1,0,rescues_yes_only_error,CWE-416,linux,0.9115827083587646,0,1
259515,0,gpac,CWE-416,0.009540140628814697,vulnerable,0,1,agrees,CWE-787,linux,0.919405996799469,0,1
259619,0,libjpeg,CWE-787,-0.0025029778480529785,fixed,1,0,rescues_yes_only_error,CWE-119,php-src,0.9022203087806702,0,1
259732,0,tensorflow,CWE-703,0.8998587131500244,vulnerable,0,1,agrees,CWE-476,tensorflow,0.8998587131500244,0,1
261220,0,wolfMQTT,CWE-787,-0.918114185333252,fixed,0,1,agrees,CWE-20,linux,0.918114185333252,0,1
261769,0,njs,CWE-416,-0.887751579284668,fixed,1,0,rescues_yes_only_error,CWE-703,linux,0.887751579284668,0,1
262721,0,njs,CWE-703,-0.0018066167831420898,fixed,0,1,agrees,CWE-119,php-src,0.9215405583381653,0,1
262803,0,tensorflow,CWE-125,-0.899718701839447,fixed,0,1,agrees,CWE-189,linux,0.899718701839447,0,1
263382,0,tensorflow,CWE-703,-0.9042344689369202,fixed,0,1,agrees,CWE-20,stb,0.9042344689369202,0,1
263521,0,tensorflow,CWE-125,-0.9128772020339966,fixed,1,0,rescues_yes_only_error,CWE-189,linux,0.9128772020339966,0,1
264367,0,tensorflow,CWE-345,0.9203605651855469,vulnerable,0,1,agrees,CWE-476,libmysofa,0.9203605651855469,0,1
264657,0,gpac,CWE-416,-0.004154324531555176,fixed,0,1,agrees,CWE-415,gpac,0.8992565870285034,0,1
264715,0,tensorflow,CWE-824,-0.9192160964012146,fixed,1,0,agrees,CWE-189,linux,0.9192160964012146,1,0
265432,0,tensorflow,CWE-703,-0.9083205461502075,fixed,0,1,agrees,CWE-189,linux,0.9083205461502075,0,1
267357,0,crun,CWE-276,-0.925265908241272,fixed,1,0,rescues_yes_only_error,CWE-20,openssh-portable,0.925265908241272,0,1
267917,0,tensorflow,CWE-703,0.897899329662323,vulnerable,0,1,agrees,CWE-369,tensorflow,0.897899329662323,0,1
267985,0,radare2,CWE-125,-0.9278085231781006,fixed,0,1,agrees,CWE-20,stb,0.9278085231781006,0,1
268104,0,tensorflow,CWE-703,-0.0013666152954101562,fixed,1,0,rescues_yes_only_error,CWE-476,linux,0.9145824909210205,0,1
269323,0,tensorflow,CWE-125,-0.919745147228241,fixed,0,1,hurts_yes_only_correct,CWE-476,openldap,0.919745147228241,1,0
269330,0,tensorflow,CWE-476,-0.0011769533157348633,fixed,0,1,agrees,CWE-190,openjpeg,0.9279527068138123,0,1
269941,0,ImageMagick,CWE-125,0.9239457845687866,vulnerable,0,1,agrees,CWE-772,ImageMagick,0.9239457845687866,0,1
270119,0,tensorflow,CWE-369,-0.8975858092308044,fixed,1,0,agrees,CWE-264,Android,0.8975858092308044,1,0
270767,0,barebox,CWE-200,0.9094923138618469,vulnerable,0,1,hurts_yes_only_correct,CWE-190,haproxy,0.9094923138618469,1,0
270922,0,tensorflow,CWE-369,-0.897994339466095,fixed,0,1,hurts_yes_only_correct,CWE-476,openldap,0.897994339466095,1,0
271526,0,tensorflow,CWE-369,-0.9057555198669434,fixed,0,1,agrees,CWE-189,linux,0.9057555198669434,0,1
273091,0,owntone-server,CWE-416,-0.932881236076355,fixed,1,0,agrees,CWE-19,linux,0.932881236076355,1,0
273407,0,tensorflow,CWE-703,-0.9091321229934692,fixed,0,1,agrees,CWE-415,linux,0.9091321229934692,0,1
273880,0,uftpd,CWE-787,-0.9336388111114502,fixed,0,1,agrees,CWE-20,radvd,0.9336388111114502,0,1
274773,0,mruby,CWE-288,0.9243854284286499,vulnerable,0,1,agrees,CWE-362,linux,0.9243854284286499,0,1
274814,0,pjproject,CWE-787,0.9277545809745789,vulnerable,0,1,agrees,CWE-362,linux,0.9277545809745789,0,1
274865,0,tensorflow,CWE-703,0.0014389753341674805,vulnerable,1,0,agrees,CWE-200,mosquitto,0.8905690908432007,1,0
275525,0,njs,CWE-416,0.012620925903320312,vulnerable,1,0,rescues_yes_only_error,CWE-200,linux-2.6,0.922032356262207,0,1
275987,0,micro-ecc,CWE-415,-0.9042558073997498,fixed,1,0,rescues_yes_only_error,CWE-476,openldap,0.9042558073997498,0,1
276447,0,tensorflow,CWE-416,0.8937342762947083,vulnerable,0,1,agrees,CWE-601,mod_auth_openidc,0.8937342762947083,0,1
276921,0,u-boot,CWE-787,0.9189295768737793,vulnerable,1,0,rescues_yes_only_error,CWE-476,linux,0.9189295768737793,0,1
276993,0,mruby,CWE-703,0.9147871136665344,vulnerable,1,0,rescues_yes_only_error,CWE-703,linux,0.9147871136665344,0,1
277489,0,libmobi,CWE-787,0.8966619372367859,vulnerable,0,1,agrees,CWE-125,cJSON,0.8966619372367859,0,1
279948,0,vim,CWE-787,-0.9208859801292419,fixed,0,1,agrees,CWE-787,wget,0.9208859801292419,0,1
281119,0,ipsec,CWE-125,-0.9339727759361267,fixed,0,1,agrees,CWE-200,linux,0.9339727759361267,0,1
281247,0,MilkyTracker,CWE-787,0.9163221716880798,vulnerable,0,1,agrees,CWE-190,mysql-server,0.9163221716880798,0,1
281662,0,LibRaw,CWE-189,-0.9121692180633545,fixed,0,1,agrees,CWE-20,stb,0.9121692180633545,0,1
282862,0,linux,CWE-401,-0.037941575050354004,fixed,0,1,agrees,CWE-415,linux,0.9429848790168762,0,1
282984,0,LuaJIT,CWE-125,-0.008934199810028076,fixed,1,0,rescues_yes_only_error,CWE-119,linux,0.8994263410568237,0,1
285157,0,radare2,CWE-125,0.9216301441192627,vulnerable,0,1,agrees,CWE-362,linux,0.9216301441192627,0,1
286739,0,swtpm,CWE-125,0.9158982038497925,vulnerable,0,1,agrees,CWE-362,linux,0.9158982038497925,0,1
289293,0,linux,CWE-362,0.9236418008804321,vulnerable,0,1,agrees,CWE-200,linux-2.6,0.9236418008804321,0,1
291761,0,linux,CWE-415,-0.9170867204666138,fixed,1,0,agrees,CWE-415,linux,0.9170867204666138,1,0
292205,0,hexchat,CWE-22,0.9125344753265381,vulnerable,0,1,agrees,CWE-362,linux,0.9125344753265381,0,1
292609,0,puma,CWE-444,-0.9320478439331055,fixed,0,1,agrees,CWE-200,linux,0.9320478439331055,0,1
293496,0,chafa,CWE-476,0.0007492303848266602,vulnerable,0,1,agrees,CWE-772,linux,0.9137430787086487,0,1
293522,0,pjproject,CWE-125,0.8994184732437134,vulnerable,1,0,agrees,CWE-200,linux-2.6,0.8994184732437134,1,0
293750,0,radare2,CWE-476,-0.941525399684906,fixed,1,0,rescues_yes_only_error,CWE-415,linux,0.941525399684906,0,1
293939,0,vim,CWE-787,0.012262105941772461,vulnerable,0,1,agrees,CWE-20,linux-2.6,0.9193509817123413,0,1
295887,0,MilkyTracker,CWE-787,0.9158177971839905,vulnerable,0,1,agrees,CWE-119,php-src,0.9158177971839905,0,1
296226,0,vim,CWE-416,-0.9132794141769409,fixed,0,1,agrees,CWE-476,openldap,0.9132794141769409,0,1
299319,0,ImageMagick,CWE-787,0.9165719747543335,vulnerable,0,1,agrees,CWE-190,mysql-server,0.9165719747543335,0,1
299905,0,exim,CWE-264,0.9291287064552307,vulnerable,0,1,agrees,CWE-200,linux-2.6,0.9291287064552307,0,1
299976,0,linux,CWE-200,-0.907654345035553,fixed,0,1,agrees,CWE-19,linux,0.907654345035553,0,1
300731,0,linux,CWE-200,0.9460090398788452,vulnerable,0,1,agrees,CWE-362,linux,0.9460090398788452,0,1
301016,0,ghostpdl,CWE-787,-0.9150494337081909,fixed,0,1,agrees,CWE-189,linux,0.9150494337081909,0,1
301429,0,samba,CWE-665,-0.007899999618530273,fixed,0,1,agrees,CWE-787,linux,0.9264516830444336,0,1
301481,0,vim,CWE-787,0.029953956604003906,vulnerable,0,1,agrees,CWE-787,linux,0.9157960414886475,0,1
302095,0,radare2,CWE-476,0.9094964265823364,vulnerable,0,1,agrees,CWE-362,linux,0.9094964265823364,0,1
308163,0,linux,CWE-401,-0.9185082912445068,fixed,0,1,agrees,CWE-415,linux,0.9185082912445068,0,1
309831,0,ncurses,CWE-787,0.8944568634033203,vulnerable,0,1,agrees,CWE-125,cJSON,0.8944568634033203,0,1
312399,0,vim,CWE-703,-0.9187941551208496,fixed,1,0,rescues_yes_only_error,CWE-415,savannah,0.9187941551208496,0,1
313134,0,libvirt,CWE-212,-0.0011390447616577148,fixed,1,0,agrees,CWE-119,php-src,0.9104920625686646,1,0
313850,0,vim,CWE-787,-0.8924581408500671,fixed,0,1,agrees,CWE-20,stb,0.8924581408500671,0,1
314536,0,pjproject,CWE-787,0.024974524974822998,vulnerable,0,1,agrees,CWE-787,linux,0.913199245929718,0,1
317271,0,linux,CWE-416,-0.9017342329025269,fixed,1,0,rescues_yes_only_error,CWE-416,linux,0.9017342329025269,0,1
318099,0,wireless-drivers,CWE-415,-0.9070576429367065,fixed,1,0,rescues_yes_only_error,CWE-682,Android,0.9070576429367065,0,1
318781,0,gerbv,CWE-787,0.00010687112808227539,vulnerable,0,1,agrees,CWE-119,linux,0.9256289601325989,0,1
318962,0,vim,CWE-787,-0.8807894587516785,fixed,1,0,agrees,CWE-189,zlib,0.8807894587516785,1,0
319422,0,ImageMagick6,CWE-787,0.029535889625549316,vulnerable,0,1,agrees,CWE-772,ImageMagick6,0.926575779914856,0,1
325821,0,gnutls,CWE-310,0.9219968914985657,vulnerable,0,1,agrees,CWE-125,libsoup,0.9219968914985657,0,1
326119,0,vim,CWE-416,0.0011921525001525879,vulnerable,1,0,agrees,CWE-264,linux-2.6,0.909198522567749,1,0
326629,0,libarchive,CWE-59,-0.9202829003334045,fixed,1,0,agrees,CWE-17,php,0.9202829003334045,1,0
326914,0,linux,CWE-476,-0.9106402397155762,fixed,0,1,agrees,CWE-476,openldap,0.9106402397155762,0,1
328807,0,vim,CWE-787,0.909832775592804,vulnerable,1,0,rescues_yes_only_error,CWE-190,mysql-server,0.909832775592804,0,1
328836,0,radare2,CWE-125,-0.9239256381988525,fixed,0,1,agrees,CWE-415,linux,0.9239256381988525,0,1
329925,0,cairo,CWE-787,-0.9141272306442261,fixed,0,1,agrees,CWE-415,linux,0.9141272306442261,0,1
331760,0,qtbase,CWE-787,0.8976179361343384,vulnerable,1,0,rescues_yes_only_error,CWE-476,libtiff,0.8976179361343384,0,1
332375,0,vim,CWE-787,0.9101836681365967,vulnerable,0,1,agrees,CWE-190,haproxy,0.9101836681365967,0,1
333041,0,vim,CWE-122,0.012893378734588623,vulnerable,0,1,agrees,CWE-476,radare2,0.9070296287536621,0,1
333503,0,php-src,CWE-119,-0.908706545829773,fixed,0,1,agrees,CWE-189,linux,0.908706545829773,0,1
336106,0,net,CWE-125,-0.9442756772041321,fixed,0,1,agrees,CWE-200,linux,0.9442756772041321,0,1
336484,0,qemu,CWE-369,1.2934207916259766e-05,vulnerable,0,1,agrees,CWE-119,php-src,0.919543445110321,0,1
336807,0,ghostpdl,CWE-787,-0.9251105785369873,fixed,0,1,agrees,CWE-415,linux,0.9251105785369873,0,1
337374,0,vim,CWE-476,0.8950023055076599,vulnerable,0,1,hurts_yes_only_correct,CWE-416,vim,0.8950023055076599,1,0
337848,0,linux,CWE-704,0.9296673536300659,vulnerable,0,1,agrees,CWE-362,linux,0.9296673536300659,0,1
338747,0,ImageMagick,CWE-772,-0.9150495529174805,fixed,0,1,agrees,CWE-189,linux,0.9150495529174805,0,1
339712,0,php-src,CWE-119,-0.00011867284774780273,fixed,0,1,agrees,CWE-119,php-src,0.9119462966918945,0,1
341817,0,ghostpdl,CWE-787,-0.9028596878051758,fixed,0,1,agrees,CWE-200,linux,0.9028596878051758,0,1
343158,0,linux,CWE-787,-0.9271741509437561,fixed,0,1,agrees,CWE-200,linux,0.9271741509437561,0,1
343175,0,linux,CWE-787,-0.9271741509437561,fixed,0,1,agrees,CWE-200,linux,0.9271741509437561,0,1
343298,0,pure-ftpd,CWE-434,0.03693634271621704,vulnerable,0,1,agrees,CWE-787,linux,0.9229151606559753,0,1
344242,0,lua,CWE-787,-0.905659019947052,fixed,1,0,agrees,CWE-200,linux,0.905659019947052,1,0
345131,0,linux,CWE-703,-0.9240404367446899,fixed,0,1,agrees,CWE-415,linux,0.9240404367446899,0,1
346415,0,vim,CWE-703,0.9161399602890015,vulnerable,1,0,rescues_yes_only_error,CWE-190,mysql-server,0.9161399602890015,0,1
349251,0,squashfs-tools,CWE-200,0.9297007918357849,vulnerable,0,1,agrees,CWE-362,linux,0.9297007918357849,0,1
349259,0,squashfs-tools,CWE-200,0.9230934977531433,vulnerable,0,1,agrees,CWE-362,linux,0.9230934977531433,0,1
349528,0,linux,CWE-772,-0.03226768970489502,fixed,0,1,agrees,CWE-415,linux,0.9351638555526733,0,1
349888,0,net,CWE-787,0.9018980264663696,vulnerable,0,1,agrees,CWE-787,linux,0.9018980264663696,0,1
351182,0,shapelib,CWE-415,0.8939328193664551,vulnerable,0,1,agrees,CWE-125,cJSON,0.8939328193664551,0,1
353015,0,openldap,CWE-617,0.03019559383392334,vulnerable,0,1,agrees,CWE-190,haproxy,0.925323486328125,0,1
353124,0,poppler,CWE-369,0.9103907346725464,vulnerable,0,1,agrees,CWE-190,FreeRDP,0.9103907346725464,0,1
355014,0,pjproject,CWE-125,0.9230829477310181,vulnerable,0,1,agrees,CWE-362,linux,0.9230829477310181,0,1
355649,0,vim,CWE-787,-0.905227780342102,fixed,1,0,rescues_yes_only_error,CWE-200,util-linux,0.905227780342102,0,1
356170,0,firejail,CWE-94,0.9189022779464722,vulnerable,0,1,agrees,CWE-362,linux,0.9189022779464722,0,1
357668,0,squirrel,CWE-125,0.8854527473449707,vulnerable,0,1,agrees,CWE-200,linux-2.6,0.8854527473449707,0,1
359206,0,bpf,CWE-787,0.9385716915130615,vulnerable,0,1,agrees,CWE-362,linux,0.9385716915130615,0,1
359365,0,frr,CWE-125,0.0004775524139404297,vulnerable,0,1,agrees,CWE-401,linux,0.9238854646682739,0,1
359843,0,ImageMagick,CWE-617,0.024582982063293457,vulnerable,0,1,agrees,CWE-772,ImageMagick6,0.9177305698394775,0,1
360829,0,linux,CWE-193,-0.00013273954391479492,fixed,1,0,agrees,CWE-119,php-src,0.919651448726654,1,0
361298,0,admesh,CWE-125,0.8850305080413818,vulnerable,0,1,hurts_yes_only_correct,CWE-200,linux-2.6,0.8850305080413818,1,0
361303,0,admesh,CWE-125,-0.8840282559394836,fixed,0,1,agrees,CWE-476,openldap,0.8840282559394836,0,1
361755,0,linux,CWE-416,0.9315728545188904,vulnerable,0,1,agrees,CWE-476,linux,0.9315728545188904,0,1
365760,0,linux,CWE-703,-0.9099025726318359,fixed,0,1,agrees,CWE-415,linux,0.9099025726318359,0,1
366223,0,linux,CWE-200,0.0062215328216552734,vulnerable,1,0,agrees,CWE-264,linux,0.9076576828956604,1,0
369215,0,linux,CWE-94,-0.9243149757385254,fixed,1,0,agrees,CWE-200,linux,0.9243149757385254,1,0
371185,0,rizin,CWE-787,-0.9124759435653687,fixed,0,1,agrees,CWE-20,stb,0.9124759435653687,0,1
371226,0,linux,CWE-834,-0.8995574116706848,fixed,1,0,agrees,CWE-20,linux,0.8995574116706848,1,0
372352,0,Singular,CWE-269,0.9102299809455872,vulnerable,0,1,agrees,CWE-362,linux,0.9102299809455872,0,1
373535,0,ovs,CWE-401,-0.9272375106811523,fixed,0,1,hurts_yes_only_correct,CWE-415,linux,0.9272375106811523,1,0
376350,0,evolution-data-server,CWE-200,-0.024810969829559326,fixed,1,0,agrees,CWE-20,openssh-portable,0.9085191488265991,1,0
376678,0,gimp,CWE-125,-0.9263060688972473,fixed,0,1,agrees,CWE-189,linux,0.9263060688972473,0,1
376682,0,tigervnc,CWE-672,-0.0013520121574401855,fixed,0,1,agrees,CWE-119,php-src,0.908435583114624,0,1
379334,0,vim,CWE-787,0.9034150838851929,vulnerable,1,0,rescues_yes_only_error,CWE-200,linux-2.6,0.9034150838851929,0,1
379671,0,radare2,CWE-416,-0.9317751526832581,fixed,1,0,rescues_yes_only_error,CWE-200,linux,0.9317751526832581,0,1
380955,0,vim,CWE-787,0.9126377701759338,vulnerable,1,0,agrees,CWE-190,mysql-server,0.9126377701759338,1,0
382797,0,php-src,CWE-119,0.9008245468139648,vulnerable,0,1,hurts_yes_only_correct,CWE-362,linux,0.9008245468139648,1,0
383316,0,php-src,CWE-119,0.9113044142723083,vulnerable,0,1,agrees,CWE-190,minisphere,0.9113044142723083,0,1
384124,0,raptor,CWE-787,0.0,fixed,0,1,agrees,CWE-125,php-src,0.9106625914573669,0,1
384201,0,linux,CWE-703,-0.9208606481552124,fixed,0,1,agrees,CWE-415,linux,0.9208606481552124,0,1
384677,0,nbdkit,CWE-924,0.9311363697052002,vulnerable,0,1,agrees,CWE-362,linux,0.9311363697052002,0,1
384767,0,vim,CWE-122,0.9219918251037598,vulnerable,1,0,agrees,CWE-362,linux,0.9219918251037598,1,0
384803,0,vim,CWE-703,0.9009417295455933,vulnerable,0,1,agrees,CWE-190,mysql-server,0.9009417295455933,0,1
386565,0,qcad,CWE-191,-0.888698160648346,fixed,0,1,agrees,CWE-20,stb,0.888698160648346,0,1
386750,0,linux,CWE-476,-0.9136650562286377,fixed,0,1,agrees,CWE-416,linux,0.9136650562286377,0,1
387149,0,ImageMagick,CWE-125,0.8998854756355286,vulnerable,0,1,agrees,CWE-772,ImageMagick6,0.8998854756355286,0,1
387593,0,linux,CWE-125,-0.9194929003715515,fixed,1,0,agrees,CWE-200,linux,0.9194929003715515,1,0
389676,0,vim,CWE-125,0.9136385321617126,vulnerable,0,1,agrees,CWE-125,cJSON,0.9136385321617126,0,1
389760,0,jasper,CWE-703,-0.9134090542793274,fixed,1,0,rescues_yes_only_error,CWE-416,linux,0.9134090542793274,0,1
391627,0,linux,CWE-120,-0.9104852676391602,fixed,1,0,agrees,CWE-20,radvd,0.9104852676391602,1,0
391628,0,linux,CWE-120,-0.9176262617111206,fixed,0,1,hurts_yes_only_correct,CWE-415,linux,0.9176262617111206,1,0
393528,0,squirrel,CWE-703,-0.9075437784194946,fixed,0,1,agrees,CWE-20,openssh-portable,0.9075437784194946,0,1
397644,0,autotrace,CWE-787,-0.9210948348045349,fixed,0,1,agrees,CWE-17,php,0.9210948348045349,0,1
398518,0,rizin,CWE-787,-0.9231897592544556,fixed,0,1,agrees,CWE-200,linux,0.9231897592544556,0,1
400103,0,EternalTerminal,CWE-362,0.019316136837005615,vulnerable,0,1,agrees,CWE-200,linux-2.6,0.9239236116409302,0,1
400109,0,EternalTerminal,CWE-362,-0.9131170511245728,fixed,0,1,agrees,CWE-287,pgbouncer,0.9131170511245728,0,1
400409,0,vim,CWE-787,-0.8717321157455444,fixed,0,1,agrees,CWE-20,stb,0.8717321157455444,0,1
400735,0,linux,CWE-284,-0.9244470000267029,fixed,0,1,agrees,CWE-415,linux,0.9244470000267029,0,1
400743,0,linux,CWE-284,-0.9242884516716003,fixed,1,0,rescues_yes_only_error,CWE-200,linux,0.9242884516716003,0,1
400779,0,php-src,CWE-200,-0.929289698600769,fixed,0,1,agrees,CWE-476,php-src,0.929289698600769,0,1
401034,0,radare2,CWE-703,0.018695533275604248,vulnerable,0,1,agrees,CWE-119,php-src,0.9253447651863098,0,1
401525,0,linux,CWE-200,-0.0011251568794250488,fixed,1,0,agrees,CWE-416,linux,0.8999506235122681,1,0
401579,0,linux,CWE-200,-0.00010567903518676758,fixed,1,0,agrees,CWE-415,gpac,0.9154201745986938,1,0
404192,0,pcre2,CWE-703,0.9196653366088867,vulnerable,1,0,agrees,CWE-190,php-src,0.9196653366088867,1,0
405333,0,linux,CWE-703,-0.9299595952033997,fixed,1,0,rescues_yes_only_error,CWE-200,linux,0.9299595952033997,0,1
405698,0,linux,CWE-703,-0.9201096296310425,fixed,0,1,agrees,CWE-415,linux,0.9201096296310425,0,1
406206,0,util-linux,CWE-200,-0.9185095429420471,fixed,1,0,agrees,CWE-17,php,0.9185095429420471,1,0
408968,0,vim,CWE-787,0.9151758551597595,vulnerable,0,1,agrees,CWE-703,linux,0.9151758551597595,0,1
409515,0,vim,CWE-787,-0.008100569248199463,fixed,0,1,agrees,CWE-787,linux,0.9259700775146484,0,1
411896,0,tor,CWE-399,0.0174180269241333,vulnerable,1,0,rescues_yes_only_error,CWE-200,linux-2.6,0.9272869825363159,0,1
411926,0,heimdal,CWE-476,-0.028777599334716797,fixed,0,1,agrees,CWE-20,linux,0.9240356683731079,0,1
412117,0,unbound,CWE-190,-0.9269935488700867,fixed,0,1,agrees,CWE-200,tip,0.9269935488700867,0,1
412190,0,vim,CWE-787,-0.8980988264083862,fixed,1,0,agrees,CWE-200,util-linux,0.8980988264083862,1,0
412332,0,rizin,CWE-415,0.909369707107544,vulnerable,1,0,agrees,CWE-190,haproxy,0.909369707107544,1,0
413339,0,php-src,CWE-416,0.9130544066429138,vulnerable,1,0,agrees,CWE-601,mod_auth_openidc,0.9130544066429138,1,0
413623,0,radare2,CWE-416,9.047985076904297e-05,vulnerable,1,0,rescues_yes_only_error,CWE-119,php-src,0.9321002960205078,0,1
416366,0,vim,CWE-416,-0.9129565954208374,fixed,1,0,agrees,CWE-20,openssh-portable,0.9129565954208374,1,0
417093,0,MilkyTracker,CWE-416,0.8447713255882263,vulnerable,1,0,rescues_yes_only_error,CWE-189,libvncserver,0.8447713255882263,0,1
417472,0,libvirt,CWE-119,-0.9110287427902222,fixed,0,1,hurts_yes_only_correct,CWE-415,linux,0.9110287427902222,1,0
418795,0,vim,CWE-703,0.9069586992263794,vulnerable,1,0,agrees,CWE-125,libsoup,0.9069586992263794,1,0
421378,0,mujs,CWE-476,0.8899762630462646,vulnerable,1,0,agrees,CWE-401,linux,0.8899762630462646,1,0
424522,0,FreeRDP,CWE-190,-0.9009946584701538,fixed,0,1,agrees,CWE-20,stb,0.9009946584701538,0,1
424969,0,linux,CWE-476,-0.012588322162628174,fixed,1,0,agrees,CWE-787,linux,0.9355668425559998,1,0
427153,0,lua,CWE-125,-0.9038133025169373,fixed,1,0,agrees,CWE-200,linux,0.9038133025169373,1,0
427707,0,file,CWE-787,0.9346504807472229,vulnerable,0,1,agrees,CWE-190,haproxy,0.9346504807472229,0,1
430335,0,linux,CWE-787,-0.906396210193634,fixed,1,0,agrees,CWE-416,linux,0.906396210193634,1,0
430380,0,linux,CWE-362,0.9153554439544678,vulnerable,1,0,rescues_yes_only_error,CWE-362,linux,0.9153554439544678,0,1
430470,0,squid,CWE-400,-0.9263272881507874,fixed,0,1,agrees,CWE-617,bind9,0.9263272881507874,0,1
431633,0,ImageMagick,CWE-787,0.9163710474967957,vulnerable,0,1,agrees,CWE-401,ImageMagick,0.9163710474967957,0,1
432093,0,vim,CWE-787,0.8925431966781616,vulnerable,0,1,agrees,CWE-401,linux,0.8925431966781616,0,1
432152,0,mongo,CWE-617,0.8944410085678101,vulnerable,1,0,agrees,CWE-119,w3m,0.8944410085678101,1,0
432247,0,unicorn,CWE-476,-0.8888261318206787,fixed,0,1,agrees,CWE-416,linux,0.8888261318206787,0,1
432346,0,qemu,CWE-125,-0.8981217741966248,fixed,0,1,hurts_yes_only_correct,CWE-682,Android,0.8981217741966248,1,0
432351,0,dpdk,CWE-703,0.9321743249893188,vulnerable,0,1,agrees,CWE-362,linux,0.9321743249893188,0,1
432352,0,dpdk,CWE-703,0.940828263759613,vulnerable,0,1,agrees,CWE-362,linux,0.940828263759613,0,1
434093,0,vim,CWE-416,-0.916365385055542,fixed,0,1,agrees,CWE-415,linux,0.916365385055542,0,1
434902,0,ghostpdl,CWE-119,-0.916916012763977,fixed,0,1,agrees,CWE-189,linux,0.916916012763977,0,1
435409,0,ghostpdl,CWE-120,-0.9369187355041504,fixed,0,1,agrees,CWE-415,linux,0.9369187355041504,0,1
436066,0,linux,CWE-125,-0.9323976635932922,fixed,0,1,agrees,CWE-200,linux,0.9323976635932922,0,1
436990,0,vim,CWE-125,-0.9047396183013916,fixed,1,0,rescues_yes_only_error,CWE-20,openssh-portable,0.9047396183013916,0,1
437003,0,linux,CWE-415,-0.027161240577697754,fixed,1,0,rescues_yes_only_error,CWE-415,linux,0.9351710081100464,0,1
437291,0,oniguruma,CWE-125,-0.9119217991828918,fixed,0,1,agrees,CWE-476,openldap,0.9119217991828918,0,1
437671,0,radare2,CWE-787,-0.9112885594367981,fixed,0,1,agrees,CWE-20,stb,0.9112885594367981,0,1
437708,0,linux,CWE-401,0.9172395467758179,vulnerable,0,1,agrees,CWE-601,mod_auth_openidc,0.9172395467758179,0,1
438686,0,linux,CWE-415,-0.040654122829437256,fixed,1,0,agrees,CWE-415,linux,0.9293166399002075,1,0
438876,0,linux,CWE-416,-0.9051346182823181,fixed,0,1,agrees,CWE-703,linux,0.9051346182823181,0,1
439114,0,ImageMagick6,CWE-401,0.02741330862045288,vulnerable,0,1,agrees,CWE-772,ImageMagick6,0.9183779358863831,0,1
439266,0,ImageMagick6,CWE-835,0.02989506721496582,vulnerable,0,1,agrees,CWE-772,ImageMagick6,0.9264140129089355,0,1
439495,0,squashfs-tools,CWE-22,-0.9278333187103271,fixed,0,1,agrees,CWE-415,linux,0.9278333187103271,0,1
439500,0,squashfs-tools,CWE-22,7.808208465576172e-05,vulnerable,0,1,agrees,CWE-119,php-src,0.9227913022041321,0,1
440872,0,xserver,CWE-863,-0.002778470516204834,fixed,0,1,agrees,CWE-119,php-src,0.9191019535064697,0,1
441822,0,xserver,CWE-191,-0.9175694584846497,fixed,0,1,agrees,CWE-787,libvncserver,0.9175694584846497,0,1
442189,0,qemu,CWE-835,0.0058068037033081055,vulnerable,0,1,agrees,CWE-200,linux-2.6,0.929052472114563,0,1
442587,0,spice,CWE-193,0.9035899043083191,vulnerable,0,1,agrees,CWE-200,linux-2.6,0.9035899043083191,0,1
442815,0,curl,CWE-125,-0.8951316475868225,fixed,0,1,agrees,CWE-20,stb,0.8951316475868225,0,1
442959,0,vim,CWE-200,0.9212037324905396,vulnerable,1,0,agrees,CWE-190,haproxy,0.9212037324905396,1,0
443152,0,linux,CWE-476,0.914193868637085,vulnerable,0,1,hurts_yes_only_correct,CWE-200,linux-2.6,0.914193868637085,1,0
443298,0,vim,CWE-416,-0.9320205450057983,fixed,1,0,rescues_yes_only_error,CWE-415,linux,0.9320205450057983,0,1
444900,0,cifs-utils,CWE-20,0.0030405521392822266,vulnerable,0,1,agrees,CWE-264,linux,0.9127850532531738,0,1
445881,0,file-roller,CWE-22,0.04118400812149048,vulnerable,0,1,hurts_yes_only_correct,CWE-601,mod_auth_openidc,0.9186792969703674,1,0
445995,0,file-roller,CWE-22,0.0012841224670410156,vulnerable,0,1,agrees,CWE-119,php-src,0.9271790981292725,0,1
446058,0,libtiff,CWE-787,0.914630651473999,vulnerable,0,1,agrees,CWE-119,php-src,0.914630651473999,0,1
446096,0,linux,CWE-416,-0.023806452751159668,fixed,1,0,rescues_yes_only_error,CWE-415,linux,0.8998099565505981,0,1
446279,0,libmobi,CWE-125,-9.256601333618164e-05,fixed,0,1,agrees,CWE-119,php-src,0.9183102250099182,0,1
446416,0,rizin,CWE-787,0.9243512153625488,vulnerable,0,1,agrees,CWE-119,php-src,0.9243512153625488,0,1
447053,0,exiv2,CWE-125,-0.006762027740478516,fixed,0,1,agrees,CWE-787,git,0.9156661629676819,0,1
447231,0,php-src,CWE-17,-0.9178040027618408,fixed,1,0,rescues_yes_only_error,CWE-17,php,0.9178040027618408,0,1
448562,0,frr,CWE-125,-0.9208038449287415,fixed,0,1,agrees,CWE-415,linux,0.9208038449287415,0,1
448584,0,gdk-pixbuf,CWE-189,-0.8993034362792969,fixed,0,1,agrees,CWE-362,linux,0.8993034362792969,0,1
448912,0,zlib,CWE-787,-0.913712739944458,fixed,1,0,agrees,CWE-787,linux,0.913712739944458,1,0
449294,0,vim,CWE-122,0.8884350061416626,vulnerable,0,1,hurts_yes_only_correct,CWE-862,linux,0.8884350061416626,1,0
449321,0,clamav-devel,CWE-189,-0.9227251410484314,fixed,0,1,agrees,CWE-20,radvd,0.9227251410484314,0,1
450764,0,vim,CWE-416,0.019993484020233154,vulnerable,1,0,agrees,CWE-190,haproxy,0.902550220489502,1,0
450812,0,gnulib,CWE-119,-0.0040776729583740234,fixed,0,1,agrees,CWE-119,php-src,0.9260605573654175,0,1
450830,0,linux,CWE-120,-0.04541015625,fixed,0,1,agrees,CWE-415,linux,0.93900465965271,0,1
451731,0,ntp,CWE-20,-0.8929128646850586,fixed,0,1,agrees,CWE-20,stb,0.8929128646850586,0,1
451888,0,jasper,CWE-20,0.9156633615493774,vulnerable,0,1,agrees,CWE-476,linux,0.9156633615493774,0,1
452377,0,vim,CWE-787,0.006185650825500488,vulnerable,1,0,agrees,CWE-20,linux-2.6,0.8959904313087463,1,0
452391,0,ImageMagick6,CWE-787,0.025486111640930176,vulnerable,0,1,agrees,CWE-772,ImageMagick6,0.9137001037597656,0,1
452994,0,nf,CWE-269,-0.9174512624740601,fixed,0,1,hurts_yes_only_correct,CWE-415,linux,0.9174512624740601,1,0
453109,0,libexpat,CWE-668,0.015068531036376953,vulnerable,0,1,agrees,CWE-119,php-src,0.9099365472793579,0,1
453265,0,jasper,CWE-125,0.9139547348022461,vulnerable,0,1,agrees,CWE-787,linux,0.9139547348022461,0,1
454759,0,linux,CWE-703,-0.9284691214561462,fixed,0,1,agrees,CWE-415,linux,0.9284691214561462,0,1
455177,0,libmobi,CWE-119,0.0006517767906188965,vulnerable,0,1,agrees,CWE-119,linux,0.9177609086036682,0,1
455356,0,bash,CWE-787,-0.0012193918228149414,fixed,0,1,agrees,CWE-264,linux,0.9048944115638733,0,1
457772,0,icecast-server,CWE-119,0.9316678643226624,vulnerable,0,1,agrees,CWE-362,linux,0.9316678643226624,0,1
459029,0,varnish-cache,CWE-703,-0.9029422998428345,fixed,1,0,rescues_yes_only_error,CWE-20,stb,0.9029422998428345,0,1
459107,0,linux,CWE-416,-0.9318016171455383,fixed,0,1,agrees,CWE-200,linux,0.9318016171455383,0,1
459400,0,vim,CWE-416,0.0004892945289611816,vulnerable,0,1,agrees,CWE-119,php-src,0.9065795540809631,0,1
459524,0,linux,CWE-787,0.8965661525726318,vulnerable,0,1,agrees,CWE-362,linux,0.8965661525726318,0,1
462278,0,pjproject,CWE-191,0.025654613971710205,vulnerable,0,1,agrees,CWE-190,haproxy,0.9138852953910828,0,1
462316,0,ghostpdl,CWE-787,-0.022303342819213867,fixed,0,1,agrees,CWE-703,linux,0.9035296440124512,0,1
462395,0,php-src,CWE-476,-0.9154132008552551,fixed,0,1,agrees,CWE-189,linux,0.9154132008552551,0,1
462409,0,rsyslog,CWE-190,0.9177868962287903,vulnerable,0,1,agrees,CWE-772,rsyslog,0.9177868962287903,0,1
462511,0,vim,CWE-416,0.0349271297454834,vulnerable,0,1,agrees,CWE-787,linux,0.9192520380020142,0,1
462566,0,newsbeuter,CWE-787,-0.9140201807022095,fixed,0,1,agrees,CWE-362,linux,0.9140201807022095,0,1
463051,0,qemu,CWE-835,0.934596836566925,vulnerable,1,0,agrees,CWE-200,linux-2.6,0.934596836566925,1,0
463134,0,cyrus-imapd,CWE-732,0.9299240112304688,vulnerable,1,0,rescues_yes_only_error,CWE-362,linux,0.9299240112304688,0,1
463476,0,linux,CWE-476,-0.9099299907684326,fixed,0,1,agrees,CWE-20,openssh-portable,0.9099299907684326,0,1
464942,0,php-src,CWE-125,-0.9166176319122314,fixed,0,1,agrees,CWE-189,linux,0.9166176319122314,0,1
465854,0,linux,CWE-416,0.8968337774276733,vulnerable,0,1,agrees,CWE-787,linux,0.8968337774276733,0,1
468349,0,glib,CWE-754,0.9169678688049316,vulnerable,1,0,rescues_yes_only_error,CWE-601,mod_auth_openidc,0.9169678688049316,0,1
471902,0,vim,CWE-787,0.9122120141983032,vulnerable,1,0,rescues_yes_only_error,CWE-362,linux,0.9122120141983032,0,1
472123,0,linux,CWE-416,-0.9324467182159424,fixed,1,0,rescues_yes_only_error,CWE-200,linux,0.9324467182159424,0,1
474434,0,libtpms,CWE-119,-0.869786262512207,fixed,1,0,agrees,CWE-20,stb,0.869786262512207,1,0
474462,0,libvncserver,CWE-787,-0.003950238227844238,fixed,0,1,agrees,CWE-119,php-src,0.9264984130859375,0,1
475987,0,chafa,CWE-125,-0.921318531036377,fixed,1,0,rescues_yes_only_error,CWE-189,linux,0.921318531036377,0,1
476103,0,linux,CWE-476,0.9314679503440857,vulnerable,1,0,rescues_yes_only_error,CWE-476,linux,0.9314679503440857,0,1
477273,0,linux,CWE-20,-0.9378621578216553,fixed,0,1,agrees,CWE-415,linux,0.9378621578216553,0,1
477380,0,radare2,CWE-787,0.00013762712478637695,vulnerable,0,1,agrees,CWE-119,php-src,0.9276137948036194,0,1
477800,0,ceph,CWE-79,0.9333190321922302,vulnerable,1,0,agrees,CWE-20,samba,0.9333190321922302,1,0
477803,0,linux,CWE-362,0.9516603946685791,vulnerable,0,1,agrees,CWE-362,linux,0.9516603946685791,0,1
477811,0,linux,CWE-787,0.9168941974639893,vulnerable,0,1,agrees,CWE-787,linux,0.9168941974639893,0,1
477946,0,clamav-devel,CWE-20,-0.0010948777198791504,fixed,0,1,agrees,CWE-119,php-src,0.9230186343193054,0,1
477975,0,php-src,CWE-119,0.9108690619468689,vulnerable,0,1,agrees,CWE-200,linux-2.6,0.9108690619468689,0,1
481267,0,linux,CWE-401,-0.9359802007675171,fixed,1,0,rescues_yes_only_error,CWE-415,linux,0.9359802007675171,0,1
481787,0,nagioscore,CWE-476,0.9262703657150269,vulnerable,0,1,agrees,CWE-200,linux-2.6,0.9262703657150269,0,1
482533,0,liblouis,CWE-787,0.9234349131584167,vulnerable,0,1,agrees,CWE-125,cJSON,0.9234349131584167,0,1
482692,0,gst-plugins-good,CWE-125,-0.9276540279388428,fixed,0,1,agrees,CWE-415,linux,0.9276540279388428,0,1
483053,0,linux,CWE-269,-0.9347465634346008,fixed,1,0,agrees,CWE-415,linux,0.9347465634346008,1,0
483469,0,mongo,CWE-617,0.8944410085678101,vulnerable,1,0,agrees,CWE-119,w3m,0.8944410085678101,1,0
484063,0,open62541,CWE-703,-0.9021108746528625,fixed,1,0,agrees,CWE-119,Chrome,0.9021108746528625,1,0
484732,0,libmobi,CWE-787,0.9300625324249268,vulnerable,0,1,agrees,CWE-200,linux-2.6,0.9300625324249268,0,1
486796,0,qemu,CWE-835,8.744001388549805e-05,vulnerable,0,1,agrees,CWE-125,tcpdump,0.9234858155250549,0,1
486837,0,perl5,CWE-120,0.9216150641441345,vulnerable,1,0,rescues_yes_only_error,CWE-401,linux,0.9216150641441345,0,1
487618,0,linux-2.6,CWE-20,-0.9164372086524963,fixed,0,1,agrees,CWE-416,linux,0.9164372086524963,0,1
488919,0,linux-2.6,CWE-189,-0.9168921113014221,fixed,0,1,agrees,CWE-20,linux,0.9168921113014221,0,1
489124,0,linux-2.6,CWE-20,-0.9123626947402954,fixed,1,0,rescues_yes_only_error,CWE-703,linux,0.9123626947402954,0,1
489215,0,linux-2.6,CWE-119,-0.92084139585495,fixed,0,1,agrees,CWE-19,linux,0.92084139585495,0,1
489221,0,linux-2.6,CWE-20,0.0001601576805114746,vulnerable,0,1,agrees,CWE-119,php-src,0.9192060828208923,0,1
491979,0,gzip,CWE-189,-0.0012770295143127441,fixed,0,1,agrees,CWE-119,linux,0.9120503067970276,0,1
497809,0,grep,CWE-119,-0.8977392911911011,fixed,1,0,rescues_yes_only_error,CWE-20,stb,0.8977392911911011,0,1
498160,0,nettle,CWE-310,-0.8862287998199463,fixed,1,0,agrees,CWE-189,zlib,0.8862287998199463,1,0
498918,0,tar,CWE-476,0.9245595932006836,vulnerable,0,1,agrees,CWE-362,linux,0.9245595932006836,0,1
500044,0,openssl,CWE-20,0.8868602514266968,vulnerable,0,1,agrees,CWE-476,linux,0.8868602514266968,0,1
500663,0,libssh,CWE-399,-0.9196708798408508,fixed,1,0,agrees,CWE-415,linux,0.9196708798408508,1,0
502735,0,openssl,CWE-362,-0.9162645936012268,fixed,0,1,agrees,CWE-20,openssh-portable,0.9162645936012268,0,1
503867,0,guile,CWE-275,0.9051730632781982,vulnerable,1,0,agrees,CWE-200,linux-2.6,0.9051730632781982,1,0
503985,0,core,CWE-20,-0.9249316453933716,fixed,0,1,agrees,CWE-415,linux,0.9249316453933716,0,1
504608,0,libtiff,CWE-770,-0.9120405316352844,fixed,0,1,agrees,CWE-200,linux,0.9120405316352844,0,1
505463,0,openssl,CWE-327,0.014151275157928467,vulnerable,0,1,agrees,CWE-20,openssl,0.923690140247345,0,1
505654,0,core,CWE-835,-0.9074088931083679,fixed,0,1,agrees,CWE-189,linux,0.9074088931083679,0,1
506428,0,core,CWE-125,-0.8903601169586182,fixed,0,1,agrees,CWE-20,stb,0.8903601169586182,0,1
506696,0,openssl,CWE-476,0.0008682608604431152,vulnerable,1,0,agrees,CWE-19,php-src,0.8650453686714172,1,0
507778,0,openssl,CWE-125,4.2498111724853516e-05,vulnerable,1,0,rescues_yes_only_error,CWE-74,php-src,0.9115371108055115,0,1
508874,0,server,CWE-476,-0.8891378045082092,fixed,1,0,agrees,CWE-189,linux,0.8891378045082092,1,0
509510,0,server,CWE-400,-0.9071223735809326,fixed,1,0,agrees,CWE-287,pgbouncer,0.9071223735809326,1,0
511472,0,server,CWE-416,-0.009954333305358887,fixed,1,0,agrees,CWE-20,php-src,0.9129377603530884,1,0
512825,0,server,CWE-617,-0.8934822678565979,fixed,1,0,agrees,CWE-476,openldap,0.8934822678565979,1,0
513202,0,server,CWE-416,0.9242534637451172,vulnerable,0,1,hurts_yes_only_correct,CWE-190,haproxy,0.9242534637451172,1,0
514292,0,server,CWE-617,-0.012000322341918945,fixed,1,0,rescues_yes_only_error,CWE-264,linux,0.9066656231880188,0,1
517437,0,monit,CWE-79,-0.9164191484451294,fixed,0,1,agrees,CWE-20,stb,0.9164191484451294,0,1
521488,0,JUCE,CWE-59,0.9002634286880493,vulnerable,0,1,agrees,CWE-77,thrift,0.9002634286880493,0,1
522329,0,libMeshb,CWE-120,0.9223697781562805,vulnerable,1,0,rescues_yes_only_error,CWE-362,linux,0.9223697781562805,0,1
522438,0,elfspirit,CWE-125,0.020160913467407227,vulnerable,0,1,agrees,CWE-787,linux,0.9207438230514526,0,1
