row_id,idx,target,prediction,correct,prob_no,prob_yes,logit_no,logit_yes,project,cwe,func_char_len
0,194963,1,0,0,0.504836916923523,0.4951631426811218,-0.0716552734375,-0.09100341796875,ImageMagick6,CWE-704,28188
1,217569,0,0,1,0.504836916923523,0.4951631426811218,-0.0716552734375,-0.09100341796875,ImageMagick6,CWE-704,28274
2,194989,1,1,1,0.49745938181877136,0.5025405287742615,-0.06982421875,-0.059661865234375,ImageMagick6,CWE-190,1693
3,218785,0,1,0,0.49745938181877136,0.5025405287742615,-0.06982421875,-0.059661865234375,ImageMagick6,CWE-190,1718
4,194994,1,0,0,0.5040892958641052,0.49591076374053955,-0.0611572265625,-0.0775146484375,tensorflow,CWE-401,6738
5,218852,0,0,1,0.5040892958641052,0.49591076374053955,-0.0611572265625,-0.0775146484375,tensorflow,CWE-401,6781
6,194996,1,0,0,0.5012893676757812,0.49871063232421875,-0.059906005859375,-0.0650634765625,tensorflow,CWE-476,1226
7,218933,0,1,0,0.49938201904296875,0.5006179809570312,-0.0609130859375,-0.058441162109375,tensorflow,CWE-476,1491
8,194998,1,0,0,0.5044249296188354,0.49557507038116455,-0.05609130859375,-0.07379150390625,tensorflow,CWE-617,2726
9,219032,0,0,1,0.5044249296188354,0.49557507038116455,-0.05609130859375,-0.07379150390625,tensorflow,CWE-617,2762
10,195017,1,0,0,0.5036010146141052,0.4963989853858948,-0.07232666015625,-0.08673095703125,gpac,CWE-476,455
11,219912,0,0,1,0.5037841200828552,0.49621590971946716,-0.07147216796875,-0.08660888671875,gpac,CWE-476,466
12,195019,1,0,0,0.5011138916015625,0.4988861083984375,-0.065185546875,-0.06964111328125,tensorflow,CWE-617,2808
13,219931,0,0,1,0.5011138916015625,0.4988861083984375,-0.065185546875,-0.06964111328125,tensorflow,CWE-617,3008
14,195022,1,1,1,0.49624642729759216,0.5037536025047302,-0.07861328125,-0.0635986328125,glewlwyd,CWE-287,10298
15,219947,0,1,0,0.49624642729759216,0.5037536025047302,-0.07861328125,-0.0635986328125,glewlwyd,CWE-287,9884
16,195023,1,1,1,0.4972382187843323,0.5027618408203125,-0.073974609375,-0.06292724609375,tensorflow,CWE-190,5831
17,220021,0,1,0,0.4972382187843323,0.5027618408203125,-0.073974609375,-0.06292724609375,tensorflow,CWE-190,5527
18,195026,1,0,0,0.5091847777366638,0.49081528186798096,-0.06390380859375,-0.10064697265625,linux,CWE-909,1703
19,220100,0,0,1,0.5093830823898315,0.49061697721481323,-0.0631103515625,-0.10064697265625,linux,CWE-909,1686
20,195028,1,0,0,0.5041502714157104,0.4958496689796448,-0.06561279296875,-0.08221435546875,tensorflow,CWE-401,4634
21,220168,0,0,1,0.5058438777923584,0.4941561818122864,-0.06268310546875,-0.0860595703125,tensorflow,CWE-401,5125
22,195029,1,0,0,0.5029601454734802,0.4970398247241974,-0.06268310546875,-0.07452392578125,tensorflow,CWE-125,2052
23,220201,0,0,1,0.5029601454734802,0.4970398247241974,-0.06268310546875,-0.07452392578125,tensorflow,CWE-125,2328
24,195038,1,1,1,0.4973145127296448,0.502685546875,-0.07489013671875,-0.06414794921875,mruby,CWE-476,877
25,220442,0,1,0,0.4976654350757599,0.5023345947265625,-0.07501220703125,-0.065673828125,mruby,CWE-476,878
26,195039,1,0,0,0.5003204345703125,0.4996795654296875,-0.06878662109375,-0.070068359375,tensorflow,CWE-354,3831
27,220449,0,0,1,0.5003204345703125,0.4996795654296875,-0.06878662109375,-0.070068359375,tensorflow,CWE-354,4232
28,195040,1,0,0,0.5071024894714355,0.49289751052856445,-0.055450439453125,-0.0838623046875,tensorflow,CWE-476,2726
29,220463,0,0,1,0.5071024894714355,0.49289751052856445,-0.055450439453125,-0.0838623046875,tensorflow,CWE-476,2769
30,195055,1,0,0,0.500457763671875,0.499542236328125,-0.06671142578125,-0.06854248046875,tensorflow,CWE-787,3819
31,220804,0,0,1,0.5001220703125,0.4998779296875,-0.065185546875,-0.065673828125,tensorflow,CWE-787,2361
32,195056,1,0,0,0.502593994140625,0.4974060654640198,-0.06396484375,-0.0743408203125,tensorflow,CWE-369,2670
33,220841,0,0,1,0.5031890273094177,0.4968109428882599,-0.06280517578125,-0.0755615234375,tensorflow,CWE-369,2700
34,195059,1,0,0,0.5066676735877991,0.49333226680755615,-0.0509033203125,-0.07757568359375,tensorflow,CWE-617,1177
35,220909,0,0,1,0.5067210793495178,0.4932788908481598,-0.051605224609375,-0.0784912109375,tensorflow,CWE-617,1185
36,195063,1,0,0,0.5069270730018616,0.4930729866027832,-0.0672607421875,-0.094970703125,gpac,CWE-476,16506
37,220924,0,0,1,0.5069270730018616,0.4930729866027832,-0.0672607421875,-0.094970703125,gpac,CWE-476,16655
38,195069,1,0,0,0.5083610415458679,0.49163898825645447,-0.0628662109375,-0.0963134765625,gpac,CWE-120,1715
39,221079,0,0,1,0.5089178085327148,0.49108216166496277,-0.061859130859375,-0.0975341796875,gpac,CWE-120,1731
40,195073,1,0,0,0.5042113065719604,0.49578866362571716,-0.06488037109375,-0.08172607421875,tensorflow,CWE-416,4701
41,221123,0,0,1,0.5041502714157104,0.4958496689796448,-0.06561279296875,-0.08221435546875,tensorflow,CWE-416,4663
42,195074,1,0,0,0.5032500624656677,0.4967499077320099,-0.07696533203125,-0.0899658203125,gpac,CWE-415,2689
43,221160,0,0,1,0.5032500624656677,0.4967499077320099,-0.07696533203125,-0.0899658203125,gpac,CWE-415,2707
44,195082,1,0,0,0.5100389122962952,0.48996105790138245,-0.0634765625,-0.1036376953125,linux,CWE-862,1076
45,221413,0,0,1,0.5100694298744202,0.48993057012557983,-0.06317138671875,-0.10345458984375,linux,CWE-862,1161
46,195083,1,0,0,0.501495361328125,0.4985046684741974,-0.06671142578125,-0.07269287109375,tensorflow,CWE-617,1232
47,221428,0,0,1,0.5045698881149292,0.4954301118850708,-0.059234619140625,-0.0775146484375,tensorflow,CWE-617,1679
48,195091,1,0,0,0.5024261474609375,0.4975738823413849,-0.06439208984375,-0.0740966796875,tensorflow,CWE-754,2597
49,221631,0,0,1,0.5028838515281677,0.4971160888671875,-0.06304931640625,-0.0745849609375,tensorflow,CWE-754,2739
50,195092,1,0,0,0.5013275146484375,0.4986724853515625,-0.0650634765625,-0.07037353515625,hermes,CWE-843,2070
51,221651,0,0,1,0.5013275146484375,0.4986724853515625,-0.0650634765625,-0.07037353515625,hermes,CWE-843,2034
52,195095,1,0,0,0.5028991103172302,0.497100830078125,-0.0731201171875,-0.084716796875,e2guardian,CWE-295,3786
53,221678,0,0,1,0.5028991103172302,0.497100830078125,-0.0731201171875,-0.084716796875,e2guardian,CWE-295,3911
54,195220,1,0,0,0.5069270730018616,0.4930729866027832,-0.06890869140625,-0.09661865234375,tmate-ssh-server,CWE-362,1780
55,222666,0,0,1,0.5069270730018616,0.4930729866027832,-0.06890869140625,-0.09661865234375,tmate-ssh-server,CWE-362,2025
56,195230,1,0,0,0.5052793025970459,0.49472060799598694,-0.0692138671875,-0.09033203125,pjproject,CWE-125,7256
57,222737,0,0,1,0.5052793025970459,0.49472060799598694,-0.0692138671875,-0.09033203125,pjproject,CWE-125,7585
58,195231,1,0,0,0.5056760311126709,0.4943239688873291,-0.070556640625,-0.09326171875,gpac,CWE-476,4464
59,222739,0,0,1,0.5056760311126709,0.4943239688873291,-0.070556640625,-0.09326171875,gpac,CWE-476,4475
60,195233,1,1,1,0.4843800961971283,0.5156199336051941,-0.09661865234375,-0.03411865234375,tensorflow,CWE-787,360
61,222906,0,1,0,0.49215760827064514,0.5078423619270325,-0.08245849609375,-0.05108642578125,tensorflow,CWE-787,601
62,195234,1,0,0,0.5011825561523438,0.49881744384765625,-0.061004638671875,-0.06573486328125,tensorflow,CWE-617,1873
63,222925,0,0,1,0.5018234252929688,0.49817657470703125,-0.058868408203125,-0.066162109375,tensorflow,CWE-617,2055
64,195237,1,1,1,0.4984283745288849,0.5015716552734375,-0.070556640625,-0.06427001953125,ImageMagick,CWE-190,7995
65,223089,0,1,0,0.4984283745288849,0.5015716552734375,-0.070556640625,-0.06427001953125,ImageMagick,CWE-190,8029
66,195264,1,0,0,0.5019683241844177,0.4980315864086151,-0.07232666015625,-0.0802001953125,pcre2,CWE-125,22734
67,223368,0,0,1,0.5019683241844177,0.4980315864086151,-0.07232666015625,-0.0802001953125,pcre2,CWE-125,22737
68,195274,1,0,0,0.5058515071868896,0.4941485524177551,-0.053375244140625,-0.0767822265625,tensorflow,CWE-476,4637
69,223728,0,0,1,0.507354199886322,0.4926457703113556,-0.0516357421875,-0.0810546875,tensorflow,CWE-476,4724
70,195291,1,0,0,0.5022735595703125,0.4977264702320099,-0.059814453125,-0.06890869140625,tensorflow,CWE-908,3667
71,224153,0,0,1,0.503013551235199,0.49698638916015625,-0.060638427734375,-0.07269287109375,tensorflow,CWE-908,3946
72,195293,1,1,1,0.498199462890625,0.501800537109375,-0.0703125,-0.0631103515625,mruby,CWE-476,1302
73,224154,0,1,0,0.4983978569507599,0.5016021728515625,-0.0701904296875,-0.06378173828125,mruby,CWE-476,1318
74,195294,1,1,1,0.4953080713748932,0.5046919584274292,-0.0804443359375,-0.061676025390625,tensorflow,CWE-843,967
75,224181,0,1,0,0.4991912841796875,0.5008087158203125,-0.07318115234375,-0.0699462890625,tensorflow,CWE-843,1181
76,195295,1,1,1,0.4993133544921875,0.5006866455078125,-0.06805419921875,-0.0653076171875,mruby,CWE-125,3885
77,224192,0,1,0,0.4993133544921875,0.5006866455078125,-0.06805419921875,-0.0653076171875,mruby,CWE-125,3896
78,195296,1,0,0,0.5057751536369324,0.49422478675842285,-0.057708740234375,-0.080810546875,uWebSockets,CWE-787,2354
79,224208,0,0,1,0.5054013729095459,0.4945985674858093,-0.05999755859375,-0.08160400390625,uWebSockets,CWE-787,2571
80,195308,1,0,0,0.5089178085327148,0.49108216166496277,-0.057830810546875,-0.093505859375,flatpak,CWE-20,10440
81,224277,0,0,1,0.5089178085327148,0.49108216166496277,-0.057830810546875,-0.093505859375,flatpak,CWE-20,10472
82,195309,1,1,1,0.4953995943069458,0.5046004056930542,-0.078369140625,-0.059967041015625,squid,CWE-400,11823
83,224281,0,1,0,0.49607858061790466,0.5039214491844177,-0.0770263671875,-0.06134033203125,squid,CWE-400,11400
84,195328,1,0,0,0.5083152651786804,0.4916847348213196,-0.0673828125,-0.10064697265625,gpac,CWE-415,1840
85,224472,0,0,1,0.5082390308380127,0.4917610287666321,-0.0673828125,-0.100341796875,gpac,CWE-415,1840
86,195331,1,0,0,0.504653811454773,0.49534621834754944,-0.061767578125,-0.08038330078125,tensorflow,CWE-843,3246
87,224570,0,0,1,0.504653811454773,0.49534621834754944,-0.061767578125,-0.08038330078125,tensorflow,CWE-843,3248
88,195334,1,0,0,0.5073084235191345,0.4926915466785431,-0.06805419921875,-0.0972900390625,gpac,CWE-415,2502
89,224728,0,0,1,0.5070796012878418,0.4929203987121582,-0.06854248046875,-0.09686279296875,gpac,CWE-415,2479
90,195340,1,1,1,0.4991455078125,0.5008544921875,-0.07293701171875,-0.06951904296875,tensorflow,CWE-190,6813
91,224862,0,1,0,0.4991455078125,0.5008544921875,-0.07293701171875,-0.06951904296875,tensorflow,CWE-190,6906
92,195343,1,0,0,0.5107252597808838,0.4892747104167938,-0.05120849609375,-0.0941162109375,tensorflow,CWE-125,7263
93,224891,0,0,1,0.5107252597808838,0.4892747104167938,-0.05120849609375,-0.0941162109375,tensorflow,CWE-125,7747
94,195385,1,1,1,0.49271440505981445,0.5072855353355408,-0.07440185546875,-0.045257568359375,flatpak,CWE-276,3354
95,224964,0,1,0,0.49271440505981445,0.5072855353355408,-0.07440185546875,-0.045257568359375,flatpak,CWE-276,3627
96,195388,1,0,0,0.5119224786758423,0.4880775213241577,-0.061004638671875,-0.10870361328125,postgres,CWE-522,46206
97,225062,0,0,1,0.5119224786758423,0.4880775213241577,-0.061004638671875,-0.10870361328125,postgres,CWE-522,47132
98,195389,1,1,1,0.49762728810310364,0.5023727416992188,-0.06976318359375,-0.060272216796875,tensorflow,CWE-617,699
99,225086,0,1,0,0.4979248046875,0.5020751953125,-0.07012939453125,-0.06182861328125,tensorflow,CWE-617,722
100,195391,1,0,0,0.5026397705078125,0.4973602890968323,-0.06451416015625,-0.0750732421875,tensorflow,CWE-190,4681
101,225125,0,0,1,0.5026397705078125,0.4973602890968323,-0.06451416015625,-0.0750732421875,tensorflow,CWE-190,5193
102,195398,1,0,0,0.5061489939689636,0.49385103583335876,-0.0721435546875,-0.09674072265625,v4l2loopback,CWE-134,1512
103,225383,0,0,1,0.5061184763908386,0.4938815236091614,-0.07220458984375,-0.0966796875,v4l2loopback,CWE-134,1518
104,195399,1,1,1,0.4928135871887207,0.5071863532066345,-0.0762939453125,-0.04754638671875,tensorflow,CWE-476,449
105,225473,0,1,0,0.49471306800842285,0.5052869915962219,-0.07391357421875,-0.052764892578125,tensorflow,CWE-476,508
106,195402,1,1,1,0.4958496689796448,0.5041502714157104,-0.08319091796875,-0.06658935546875,tensorflow,CWE-190,312
107,225547,0,1,0,0.49528518319129944,0.504714846611023,-0.08197021484375,-0.0631103515625,tensorflow,CWE-190,318
108,195403,1,1,1,0.4859275221824646,0.5140725374221802,-0.09649658203125,-0.040191650390625,tensorflow,CWE-190,260
109,225552,0,1,0,0.48579028248786926,0.5142097473144531,-0.0953369140625,-0.038482666015625,tensorflow,CWE-190,263
110,195404,1,0,0,0.5001220703125,0.4998779296875,-0.0699462890625,-0.0704345703125,tensorflow,CWE-369,4646
111,225563,0,1,0,0.4972534775733948,0.50274658203125,-0.07598876953125,-0.06500244140625,tensorflow,CWE-369,5009
112,195405,1,1,1,0.4980621635913849,0.5019378662109375,-0.0712890625,-0.06353759765625,ImageMagick6,CWE-190,7979
113,225566,0,1,0,0.4980621635913849,0.5019378662109375,-0.0712890625,-0.06353759765625,ImageMagick6,CWE-190,8015
114,195409,1,1,1,0.4995574951171875,0.5004425048828125,-0.08209228515625,-0.080322265625,gpac,CWE-476,269
115,226029,0,0,1,0.5011444091796875,0.4988556206226349,-0.07794189453125,-0.08251953125,gpac,CWE-476,279
116,195410,1,0,0,0.5015716552734375,0.4984283745288849,-0.06854248046875,-0.0748291015625,tensorflow,CWE-476,2921
117,226433,0,1,0,0.4991302490234375,0.5008697509765625,-0.070068359375,-0.06658935546875,tensorflow,CWE-476,3181
118,195471,1,1,1,0.4978180229663849,0.5021820068359375,-0.06964111328125,-0.0609130859375,weechat,CWE-476,3200
119,227022,0,1,0,0.49805453419685364,0.5019454956054688,-0.07012939453125,-0.062347412109375,weechat,CWE-476,3216
120,195565,1,0,0,0.5015029907226562,0.49849703907966614,-0.062408447265625,-0.06842041015625,hhvm,CWE-119,3314
121,228563,0,0,1,0.503959596157074,0.4960404336452484,-0.060272216796875,-0.07611083984375,hhvm,CWE-119,3598
122,195626,1,1,1,0.48734554648399353,0.5126544833183289,-0.0972900390625,-0.046661376953125,qemu,CWE-787,410
123,229165,0,1,0,0.4908762574195862,0.5091237425804138,-0.08978271484375,-0.05328369140625,qemu,CWE-787,486
124,195629,1,0,0,0.5004119873046875,0.4995880126953125,-0.06494140625,-0.06658935546875,tensorflow,CWE-476,1859
125,229337,0,0,1,0.501556396484375,0.498443603515625,-0.06292724609375,-0.06915283203125,tensorflow,CWE-476,1966
126,195665,1,1,1,0.4976806938648224,0.5023193359375,-0.06634521484375,-0.05706787109375,njs,CWE-703,4339
127,230302,0,1,0,0.4976806938648224,0.5023193359375,-0.06634521484375,-0.05706787109375,njs,CWE-703,4486
128,195670,1,0,0,0.5056302547454834,0.4943697452545166,-0.06634521484375,-0.0888671875,pjproject,CWE-703,3296
129,230394,0,0,1,0.5056302547454834,0.4943697452545166,-0.06634521484375,-0.0888671875,pjproject,CWE-703,3343
130,195691,1,1,1,0.498443603515625,0.501556396484375,-0.0784912109375,-0.072265625,mruby,CWE-703,51274
131,231012,0,1,0,0.498443603515625,0.501556396484375,-0.0784912109375,-0.072265625,mruby,CWE-703,51202
132,195692,1,0,0,0.5124943256378174,0.48750561475753784,-0.0390625,-0.08905029296875,FreeRTOS-Kernel,CWE-200,2805
133,231048,0,0,1,0.512029230594635,0.487970769405365,-0.040985107421875,-0.089111328125,FreeRTOS-Kernel,CWE-200,2940
134,195720,1,0,0,0.5041350722312927,0.49586498737335205,-0.0650634765625,-0.08160400390625,mvfst,CWE-703,3323
135,231710,0,0,1,0.5041350722312927,0.49586498737335205,-0.0650634765625,-0.08160400390625,mvfst,CWE-703,3434
136,195740,1,0,0,0.5064388513565063,0.49356114864349365,-0.05853271484375,-0.08428955078125,libjpeg,CWE-703,6317
137,232289,0,0,1,0.5064769983291626,0.4935230016708374,-0.058135986328125,-0.08404541015625,libjpeg,CWE-703,6336
138,195741,1,0,0,0.5044554471969604,0.49554455280303955,-0.06341552734375,-0.08123779296875,libjpeg,CWE-703,5436
139,232287,0,0,1,0.5047605633735657,0.49523937702178955,-0.0628662109375,-0.0819091796875,libjpeg,CWE-703,5449
140,195742,1,0,0,0.5089406967163086,0.4910593032836914,-0.0626220703125,-0.098388671875,gpac,CWE-476,15815
141,232329,0,0,1,0.509306788444519,0.49069321155548096,-0.06304931640625,-0.10028076171875,gpac,CWE-476,15893
142,195752,1,1,1,0.4993438720703125,0.5006561279296875,-0.07110595703125,-0.0684814453125,tensorflow,CWE-476,2398
143,232405,0,0,1,0.5015869140625,0.4984130859375,-0.06854248046875,-0.07489013671875,tensorflow,CWE-476,2915
144,195768,1,1,1,0.498382568359375,0.501617431640625,-0.07196044921875,-0.06549072265625,tensorflow,CWE-703,1049
145,232839,0,1,0,0.4995574951171875,0.5004425048828125,-0.0697021484375,-0.06793212890625,tensorflow,CWE-703,1205
146,195800,1,1,1,0.4996795654296875,0.5003204345703125,-0.08380126953125,-0.08251953125,deark,CWE-369,1444
147,233862,0,1,0,0.49981689453125,0.50018310546875,-0.08367919921875,-0.08294677734375,deark,CWE-369,1471
148,195801,1,0,0,0.5075982809066772,0.49240168929100037,-0.0631103515625,-0.093505859375,php-src,CWE-476,3632
149,233867,0,0,1,0.5076745748519897,0.49232542514801025,-0.06317138671875,-0.0938720703125,php-src,CWE-476,3633
150,195908,1,0,0,0.5066066384315491,0.49339330196380615,-0.06915283203125,-0.0955810546875,linux,CWE-703,4198
151,234731,0,0,1,0.5067897439002991,0.4932102560997009,-0.06805419921875,-0.09521484375,linux,CWE-703,4213
152,195909,1,0,0,0.5007781982421875,0.4992218017578125,-0.070068359375,-0.07318115234375,ImageMagick,CWE-125,79137
153,234875,0,0,1,0.5007781982421875,0.4992218017578125,-0.070068359375,-0.07318115234375,ImageMagick,CWE-125,79225
154,195954,1,1,1,0.4978790581226349,0.5021209716796875,-0.080078125,-0.07159423828125,pjproject,CWE-787,983
155,235642,0,0,1,0.5007781982421875,0.4992218017578125,-0.0750732421875,-0.07818603515625,pjproject,CWE-787,1097
156,195965,1,1,1,0.4945222735404968,0.5054776668548584,-0.08062744140625,-0.0587158203125,tensorflow,CWE-787,7615
157,235765,0,1,0,0.4945222735404968,0.5054776668548584,-0.08062744140625,-0.0587158203125,tensorflow,CWE-787,7660
158,195984,1,1,1,0.4986114501953125,0.5013885498046875,-0.082763671875,-0.07720947265625,gpac,CWE-703,313
159,236125,0,1,0,0.4967041611671448,0.5032958388328552,-0.0867919921875,-0.0736083984375,gpac,CWE-703,339
160,196276,1,1,1,0.4959412217140198,0.5040587186813354,-0.0811767578125,-0.06494140625,lsquic,CWE-269,1227
161,237885,0,1,0,0.4965668320655823,0.5034331679344177,-0.08111572265625,-0.0673828125,lsquic,CWE-269,1305
162,196316,1,1,1,0.49542248249053955,0.5045775175094604,-0.09521484375,-0.076904296875,barebox,CWE-200,292
163,238322,0,1,0,0.4983978569507599,0.5016021728515625,-0.091064453125,-0.08465576171875,barebox,CWE-200,305
164,196328,1,0,0,0.504020631313324,0.4959794282913208,-0.062103271484375,-0.07818603515625,vim,CWE-416,18096
165,238803,0,0,1,0.504020631313324,0.4959794282913208,-0.062103271484375,-0.07818603515625,vim,CWE-416,18162
166,196578,1,0,0,0.5020599365234375,0.4979400932788849,-0.07501220703125,-0.083251953125,vim,CWE-787,803
167,240276,0,0,1,0.5019073486328125,0.4980926811695099,-0.0748291015625,-0.08245849609375,vim,CWE-787,803
168,196587,1,0,0,0.5003662109375,0.4996337890625,-0.068603515625,-0.070068359375,tensorflow,CWE-369,3420
169,240595,0,0,1,0.5003662109375,0.4996337890625,-0.068603515625,-0.070068359375,tensorflow,CWE-369,3658
170,196611,1,0,0,0.5089406967163086,0.4910593032836914,-0.06561279296875,-0.10137939453125,booth,CWE-284,1007
171,241040,0,0,1,0.5089712142944336,0.4910287857055664,-0.06494140625,-0.100830078125,booth,CWE-284,1025
172,196621,1,1,1,0.4841514229774475,0.5158485770225525,-0.10369873046875,-0.040283203125,mruby,CWE-787,228
173,241311,0,1,0,0.4868575632572174,0.5131424069404602,-0.095947265625,-0.043365478515625,mruby,CWE-787,273
174,196629,1,1,1,0.499420166015625,0.500579833984375,-0.071533203125,-0.0692138671875,tensorflow,CWE-354,10045
175,241369,0,1,0,0.49945068359375,0.50054931640625,-0.0716552734375,-0.0694580078125,tensorflow,CWE-354,10312
176,196689,1,1,1,0.49117371439933777,0.5088263154029846,-0.08770751953125,-0.052398681640625,tensorflow,CWE-703,602
177,242619,0,1,0,0.49069321155548096,0.509306788444519,-0.08770751953125,-0.05047607421875,tensorflow,CWE-703,517
178,196691,1,0,0,0.5100237131118774,0.48997634649276733,-0.06072998046875,-0.100830078125,gpac,CWE-703,11818
179,242637,0,0,1,0.5100237131118774,0.48997634649276733,-0.06072998046875,-0.100830078125,gpac,CWE-703,12031
180,196698,1,0,0,0.5020294189453125,0.4979705810546875,-0.0684814453125,-0.07659912109375,tensorflow,CWE-125,2261
181,242899,0,0,1,0.5020294189453125,0.4979705810546875,-0.0684814453125,-0.07659912109375,tensorflow,CWE-125,2578
182,196705,1,0,0,0.5053250789642334,0.49467483162879944,-0.05584716796875,-0.0771484375,tensorflow,CWE-20,1242
183,242926,0,0,1,0.5050886273384094,0.4949113726615906,-0.057464599609375,-0.07781982421875,tensorflow,CWE-20,2303
184,196790,1,1,1,0.49920654296875,0.50079345703125,-0.07135009765625,-0.06817626953125,tensorflow,CWE-703,3832
185,245140,0,1,0,0.49920654296875,0.50079345703125,-0.07135009765625,-0.06817626953125,tensorflow,CWE-703,4067
186,196801,1,0,0,0.5055997371673584,0.4944002628326416,-0.067626953125,-0.09002685546875,gpac,CWE-703,6017
187,245434,0,0,1,0.5055997371673584,0.4944002628326416,-0.067626953125,-0.09002685546875,gpac,CWE-703,6039
188,196829,1,1,1,0.4915093183517456,0.5084907412528992,-0.08441162109375,-0.050445556640625,tensorflow,CWE-476,869
189,245921,0,1,0,0.49442315101623535,0.5055768489837646,-0.0804443359375,-0.058135986328125,tensorflow,CWE-476,1071
190,196834,1,1,1,0.487970769405365,0.512029230594635,-0.0994873046875,-0.051361083984375,tensorflow,CWE-125,338
191,246207,0,1,0,0.49022799730300903,0.509772002696991,-0.0953369140625,-0.056243896484375,tensorflow,CWE-125,420
192,196841,1,1,1,0.4994659423828125,0.5005340576171875,-0.06671142578125,-0.0645751953125,furnace,CWE-703,12844
193,246237,0,1,0,0.4994659423828125,0.5005340576171875,-0.06671142578125,-0.0645751953125,furnace,CWE-703,12980
194,196846,1,1,1,0.4962693154811859,0.5037307143211365,-0.07696533203125,-0.062042236328125,tensorflow,CWE-369,1159
195,246495,0,0,1,0.50238037109375,0.4976196587085724,-0.0694580078125,-0.0789794921875,tensorflow,CWE-369,1915
196,196860,1,0,0,0.5069423317909241,0.4930577278137207,-0.07012939453125,-0.097900390625,gpac,CWE-787,1878
197,246693,0,0,1,0.5067592263221741,0.4932407736778259,-0.070068359375,-0.09710693359375,gpac,CWE-787,1877
198,196885,1,1,1,0.499969482421875,0.500030517578125,-0.07061767578125,-0.07049560546875,tensorflow,CWE-703,3259
199,247290,0,1,0,0.4979553520679474,0.502044677734375,-0.0709228515625,-0.062744140625,tensorflow,CWE-703,3983
200,196889,1,0,0,0.5054318904876709,0.4945680499076843,-0.07171630859375,-0.09344482421875,rpm,CWE-284,744
201,247337,0,0,1,0.5081322193145752,0.4918677806854248,-0.06610107421875,-0.0986328125,rpm,CWE-284,1625
202,196893,1,0,0,0.50140380859375,0.49859619140625,-0.0633544921875,-0.0689697265625,envoy,CWE-362,1618
203,247550,0,0,1,0.50140380859375,0.49859619140625,-0.0633544921875,-0.0689697265625,envoy,CWE-362,2972
204,196894,1,0,0,0.5089559555053711,0.4910440444946289,-0.06256103515625,-0.098388671875,cryptopp,CWE-399,1059
205,247755,0,0,1,0.5103668570518494,0.48963311314582825,-0.058319091796875,-0.09979248046875,cryptopp,CWE-399,1215
206,196993,1,1,1,0.498992919921875,0.501007080078125,-0.07183837890625,-0.06781005859375,libjxl,CWE-369,7391
207,249510,0,1,0,0.498992919921875,0.501007080078125,-0.07183837890625,-0.06781005859375,libjxl,CWE-369,7435
208,197015,1,0,0,0.5069118142127991,0.4930882155895233,-0.06768798828125,-0.0953369140625,gpac,CWE-476,2728
209,249989,0,0,1,0.5073694586753845,0.4926305413246155,-0.06756591796875,-0.0970458984375,gpac,CWE-476,2973
210,197057,1,1,1,0.4973145127296448,0.502685546875,-0.0758056640625,-0.0650634765625,drogon,CWE-552,883
211,250692,0,1,0,0.4971619248390198,0.502838134765625,-0.074462890625,-0.0631103515625,drogon,CWE-552,959
212,197095,1,1,1,0.4939044117927551,0.5060955882072449,-0.076416015625,-0.052032470703125,tensorflow,CWE-369,4283
213,251946,0,1,0,0.4939044117927551,0.5060955882072449,-0.076416015625,-0.052032470703125,tensorflow,CWE-369,4315
214,197111,1,0,0,0.502044677734375,0.4979553520679474,-0.071533203125,-0.0797119140625,tinyexr,CWE-20,10037
215,252437,0,0,1,0.502044677734375,0.4979553520679474,-0.071533203125,-0.0797119140625,tinyexr,CWE-20,10240
216,197128,1,1,1,0.4993133544921875,0.5006866455078125,-0.06805419921875,-0.0653076171875,mruby,CWE-125,3787
217,253515,0,1,0,0.4993133544921875,0.5006866455078125,-0.06805419921875,-0.0653076171875,mruby,CWE-125,3886
218,197135,1,0,0,0.5107862949371338,0.4892137050628662,-0.0631103515625,-0.10626220703125,linux,CWE-703,6867
219,253699,0,0,1,0.5107862949371338,0.4892137050628662,-0.0631103515625,-0.10626220703125,linux,CWE-703,6915
220,197142,1,1,1,0.4958115518093109,0.5041884183883667,-0.0791015625,-0.062347412109375,tensorflow,CWE-476,2320
221,253970,0,0,1,0.5004425048828125,0.4995574951171875,-0.0721435546875,-0.07391357421875,tensorflow,CWE-476,4946
222,197185,1,1,1,0.4974212944507599,0.5025787353515625,-0.07257080078125,-0.062255859375,FFmpeg,CWE-252,1566
223,255032,0,1,0,0.4970627427101135,0.5029373168945312,-0.07354736328125,-0.061798095703125,FFmpeg,CWE-252,1611
224,197223,1,1,1,0.49805453419685364,0.5019454956054688,-0.06884765625,-0.061065673828125,njs,CWE-787,1138
225,255574,0,1,0,0.49782565236091614,0.5021743774414062,-0.069091796875,-0.060394287109375,njs,CWE-787,1139
226,197239,1,1,1,0.49618539214134216,0.5038146376609802,-0.078125,-0.0628662109375,tensorflow,CWE-20,5096
227,255787,0,1,0,0.4975891709327698,0.502410888671875,-0.07415771484375,-0.06451416015625,tensorflow,CWE-20,5427
228,197242,1,1,1,0.498992919921875,0.501007080078125,-0.0728759765625,-0.06884765625,tensorflow,CWE-908,9667
229,255807,0,1,0,0.498992919921875,0.501007080078125,-0.0728759765625,-0.06884765625,tensorflow,CWE-908,10123
230,197247,1,0,0,0.503410279750824,0.496589720249176,-0.061859130859375,-0.07550048828125,tensorflow,CWE-369,2523
231,255932,0,0,1,0.503410279750824,0.496589720249176,-0.061859130859375,-0.07550048828125,tensorflow,CWE-369,3318
232,197262,1,1,1,0.4999542236328125,0.5000457763671875,-0.07330322265625,-0.0731201171875,tensorflow,CWE-125,4354
233,256138,0,1,0,0.498779296875,0.501220703125,-0.0748291015625,-0.0699462890625,tensorflow,CWE-125,4710
234,197305,1,0,0,0.50018310546875,0.49981689453125,-0.0771484375,-0.077880859375,pjproject,CWE-200,839
235,256441,0,0,1,0.5036162734031677,0.4963837265968323,-0.07110595703125,-0.0855712890625,pjproject,CWE-200,1449
236,197318,1,1,1,0.4864458739757538,0.5135540962219238,-0.095947265625,-0.041717529296875,tensorflow,CWE-703,418
237,256587,0,1,0,0.4896864891052246,0.5103134512901306,-0.09075927734375,-0.04949951171875,tensorflow,CWE-703,552
238,197326,1,1,1,0.4982147514820099,0.5017852783203125,-0.07318115234375,-0.0660400390625,tensorflow,CWE-703,2300
239,256947,0,1,0,0.4982147514820099,0.5017852783203125,-0.07318115234375,-0.0660400390625,tensorflow,CWE-703,2375
240,197359,1,1,1,0.4993133544921875,0.5006866455078125,-0.06982421875,-0.06707763671875,tensorflow,CWE-703,4992
241,257461,0,1,0,0.4993133544921875,0.5006866455078125,-0.06982421875,-0.06707763671875,tensorflow,CWE-703,5002
242,197395,1,0,0,0.500518798828125,0.499481201171875,-0.0721435546875,-0.07421875,tensorflow,CWE-369,1647
243,258082,0,0,1,0.502410888671875,0.4975891709327698,-0.066162109375,-0.0758056640625,tensorflow,CWE-369,1900
244,197466,1,1,1,0.499969482421875,0.500030517578125,-0.0682373046875,-0.068115234375,tensorflow,CWE-476,3703
245,259081,0,0,1,0.500091552734375,0.499908447265625,-0.06744384765625,-0.06781005859375,tensorflow,CWE-476,3979
246,197499,1,0,0,0.5061184763908386,0.4938815236091614,-0.06671142578125,-0.0911865234375,gpac,CWE-416,3101
247,259515,0,0,1,0.5061184763908386,0.4938815236091614,-0.06671142578125,-0.0911865234375,gpac,CWE-416,3091
248,197511,1,1,1,0.49598705768585205,0.5040130019187927,-0.0771484375,-0.06109619140625,libjpeg,CWE-787,1103
249,259619,0,1,0,0.496162474155426,0.5038374662399292,-0.07733154296875,-0.061981201171875,libjpeg,CWE-787,1217
250,197517,1,1,1,0.4948427379131317,0.5051572918891907,-0.07379150390625,-0.05316162109375,glewlwyd,CWE-787,7137
251,230147,0,1,0,0.4957658350467682,0.504234254360199,-0.07147216796875,-0.054534912109375,glewlwyd,CWE-787,7404
252,197518,1,1,1,0.4997711181640625,0.5002288818359375,-0.07080078125,-0.06988525390625,tensorflow,CWE-703,3191
253,259732,0,0,1,0.5003662109375,0.4996337890625,-0.07025146484375,-0.07171630859375,tensorflow,CWE-703,3595
254,197565,1,0,0,0.500091552734375,0.499908447265625,-0.07122802734375,-0.07159423828125,wolfMQTT,CWE-787,7554
255,261220,0,0,1,0.500091552734375,0.499908447265625,-0.07122802734375,-0.07159423828125,wolfMQTT,CWE-787,7575
256,197593,1,1,1,0.49420955777168274,0.5057904720306396,-0.0711669921875,-0.048004150390625,njs,CWE-416,1335
257,261769,0,1,0,0.494003564119339,0.5059964060783386,-0.0718994140625,-0.04791259765625,njs,CWE-416,1410
258,197666,1,1,1,0.496376097202301,0.503623902797699,-0.06976318359375,-0.055267333984375,njs,CWE-703,4494
259,262721,0,1,0,0.496376097202301,0.503623902797699,-0.06976318359375,-0.055267333984375,njs,CWE-703,4564
260,197719,1,1,1,0.49684908986091614,0.5031508803367615,-0.0743408203125,-0.061737060546875,tensorflow,CWE-125,2111
261,262803,0,1,0,0.49684908986091614,0.5031508803367615,-0.0743408203125,-0.061737060546875,tensorflow,CWE-125,2419
262,197748,1,0,0,0.504836916923523,0.4951631426811218,-0.064208984375,-0.08355712890625,tensorflow,CWE-703,2247
263,263382,0,0,1,0.504836916923523,0.4951631426811218,-0.064208984375,-0.08355712890625,tensorflow,CWE-703,2266
264,197760,1,1,1,0.4943392276763916,0.5056607723236084,-0.0762939453125,-0.05364990234375,tensorflow,CWE-125,1030
265,263521,0,1,0,0.4967651665210724,0.5032348036766052,-0.0760498046875,-0.0631103515625,tensorflow,CWE-125,1424
266,197796,1,1,1,0.49501821398735046,0.5049818754196167,-0.07958984375,-0.059661865234375,qemu,CWE-703,4407
267,187732,0,1,0,0.49501821398735046,0.5049818754196167,-0.07958984375,-0.059661865234375,qemu,CWE-264,4695
268,197801,1,0,0,0.501190185546875,0.498809814453125,-0.05950927734375,-0.06427001953125,tensorflow,CWE-345,1688
269,264367,0,0,1,0.501190185546875,0.498809814453125,-0.05950927734375,-0.06427001953125,tensorflow,CWE-345,2392
270,197824,1,0,0,0.5050199627876282,0.49498000741004944,-0.06976318359375,-0.08984375,gpac,CWE-416,1090
271,264657,0,0,1,0.50801020860672,0.4919898509979248,-0.064208984375,-0.09625244140625,gpac,CWE-416,1309
272,197826,1,0,0,0.5063701868057251,0.4936297833919525,-0.051177978515625,-0.07666015625,tensorflow,CWE-824,2329
273,264715,0,0,1,0.5065532326698303,0.4934467077255249,-0.051055908203125,-0.0772705078125,tensorflow,CWE-824,2427
274,197893,1,1,1,0.488474041223526,0.5115259885787964,-0.0955810546875,-0.049468994140625,tensorflow,CWE-703,568
275,265432,0,1,0,0.49534621834754944,0.504653811454773,-0.0819091796875,-0.06329345703125,tensorflow,CWE-703,1006
276,197973,1,1,1,0.4959564805030823,0.504043459892273,-0.0831298828125,-0.06695556640625,crun,CWE-276,3429
277,267357,0,1,0,0.4959564805030823,0.504043459892273,-0.0831298828125,-0.06695556640625,crun,CWE-276,3362
278,197998,1,1,1,0.4999847412109375,0.5000152587890625,-0.069091796875,-0.06903076171875,tensorflow,CWE-703,2727
279,267917,0,0,1,0.500030517578125,0.499969482421875,-0.068603515625,-0.0687255859375,tensorflow,CWE-703,2873
280,198010,1,0,0,0.5084068179130554,0.49159321188926697,-0.062744140625,-0.09637451171875,radare2,CWE-125,7850
281,267985,0,0,1,0.5084068179130554,0.49159321188926697,-0.062744140625,-0.09637451171875,radare2,CWE-125,7883
282,198013,1,0,0,0.501678466796875,0.498321533203125,-0.06658935546875,-0.07330322265625,tensorflow,CWE-703,11099
283,268104,0,0,1,0.5004730224609375,0.4995269775390625,-0.06744384765625,-0.0693359375,tensorflow,CWE-703,11370
284,198116,1,1,1,0.499847412109375,0.500152587890625,-0.0731201171875,-0.072509765625,tensorflow,CWE-125,3054
285,269323,0,1,0,0.499847412109375,0.500152587890625,-0.0731201171875,-0.072509765625,tensorflow,CWE-125,3684
286,198117,1,0,0,0.5107481479644775,0.4892518222332001,-0.051116943359375,-0.0941162109375,tensorflow,CWE-476,6758
287,269330,0,0,1,0.5107481479644775,0.4892518222332001,-0.051116943359375,-0.0941162109375,tensorflow,CWE-476,7257
288,198161,1,1,1,0.4980926811695099,0.5019073486328125,-0.072021484375,-0.06439208984375,ImageMagick,CWE-125,16319
289,269941,0,1,0,0.4980926811695099,0.5019073486328125,-0.072021484375,-0.06439208984375,ImageMagick,CWE-125,16370
290,198169,1,1,1,0.48279869556427,0.51720130443573,-0.09271240234375,-0.0238800048828125,tensorflow,CWE-369,237
291,270119,0,1,0,0.4859656095504761,0.5140343904495239,-0.08770751953125,-0.03155517578125,tensorflow,CWE-369,278
292,198239,1,0,0,0.5080406665802002,0.4919593036174774,-0.0693359375,-0.10150146484375,barebox,CWE-200,1384
293,270767,0,0,1,0.5080406665802002,0.4919593036174774,-0.0693359375,-0.10150146484375,barebox,CWE-200,1388
294,198259,1,1,1,0.4997100830078125,0.5002899169921875,-0.07373046875,-0.07257080078125,tensorflow,CWE-369,1647
295,270922,0,1,0,0.499664306640625,0.500335693359375,-0.0726318359375,-0.0712890625,tensorflow,CWE-369,1859
296,198282,1,0,0,0.5020675659179688,0.49793246388435364,-0.061614990234375,-0.06988525390625,tensorflow,CWE-369,4587
297,271526,0,0,1,0.5020675659179688,0.49793246388435364,-0.061614990234375,-0.06988525390625,tensorflow,CWE-369,4881
298,198350,1,1,1,0.498687744140625,0.501312255859375,-0.08197021484375,-0.07672119140625,owntone-server,CWE-416,2487
299,273091,0,1,0,0.4980926811695099,0.5019073486328125,-0.08258056640625,-0.074951171875,owntone-server,CWE-416,2738
300,198374,1,1,1,0.4968414902687073,0.5031585693359375,-0.07940673828125,-0.0667724609375,tensorflow,CWE-703,5377
301,273407,0,1,0,0.4968414902687073,0.5031585693359375,-0.07940673828125,-0.0667724609375,tensorflow,CWE-703,8690
302,198399,1,0,0,0.5038909316062927,0.49610912799835205,-0.07208251953125,-0.087646484375,uftpd,CWE-787,890
303,273880,0,0,1,0.5038146376609802,0.49618539214134216,-0.07220458984375,-0.08746337890625,uftpd,CWE-787,905
304,198439,1,1,1,0.498443603515625,0.501556396484375,-0.07843017578125,-0.07220458984375,mruby,CWE-288,50746
305,274773,0,1,0,0.498443603515625,0.501556396484375,-0.07843017578125,-0.07220458984375,mruby,CWE-288,50746
306,198449,1,0,0,0.501068115234375,0.498931884765625,-0.073974609375,-0.0782470703125,pjproject,CWE-787,1767
307,274814,0,0,1,0.500152587890625,0.499847412109375,-0.075439453125,-0.0760498046875,pjproject,CWE-787,1988
308,198452,1,1,1,0.4950029253959656,0.5049970746040344,-0.0777587890625,-0.057769775390625,tensorflow,CWE-703,1722
309,274865,0,1,0,0.4946138858795166,0.5053861737251282,-0.07904052734375,-0.0574951171875,tensorflow,CWE-703,1608
310,198476,1,1,1,0.49080002307891846,0.5092000365257263,-0.07855224609375,-0.041748046875,njs,CWE-416,2245
311,275525,0,1,0,0.4911431670188904,0.5088567733764648,-0.078369140625,-0.042938232421875,njs,CWE-416,2071
312,198499,1,1,1,0.4985198974609375,0.5014801025390625,-0.0771484375,-0.07122802734375,micro-ecc,CWE-415,2725
313,275987,0,1,0,0.4982757568359375,0.5017242431640625,-0.07769775390625,-0.07080078125,micro-ecc,CWE-415,3068
314,198523,1,1,1,0.4985046684741974,0.501495361328125,-0.06976318359375,-0.06378173828125,tensorflow,CWE-416,1155
315,276447,0,1,0,0.4994049072265625,0.5005950927734375,-0.06781005859375,-0.0654296875,tensorflow,CWE-416,1233
316,198545,1,0,0,0.5115488171577454,0.48845112323760986,-0.06195068359375,-0.108154296875,u-boot,CWE-787,2210
317,276921,0,0,1,0.5115336179733276,0.48846641182899475,-0.06158447265625,-0.10772705078125,u-boot,CWE-787,2212
318,198556,1,1,1,0.4994049072265625,0.5005950927734375,-0.07318115234375,-0.07080078125,mruby,CWE-703,1634
319,276993,0,1,0,0.4990081787109375,0.5009918212890625,-0.07293701171875,-0.0689697265625,mruby,CWE-703,1845
320,198566,1,0,0,0.50146484375,0.49853515625,-0.06097412109375,-0.06683349609375,libmobi,CWE-787,2248
321,277489,0,0,1,0.5013427734375,0.4986572563648224,-0.06146240234375,-0.06683349609375,libmobi,CWE-787,2092
322,198662,1,0,0,0.5081169605255127,0.4918830394744873,-0.060546875,-0.093017578125,vim,CWE-787,1308
323,279948,0,0,1,0.5081169605255127,0.4918830394744873,-0.060546875,-0.093017578125,vim,CWE-787,1360
324,198692,1,0,0,0.5105346441268921,0.4894653856754303,-0.059600830078125,-0.10174560546875,ipsec,CWE-125,1471
325,281119,0,0,1,0.5105651617050171,0.4894348680973053,-0.060211181640625,-0.10247802734375,ipsec,CWE-125,1566
326,198695,1,0,0,0.5113201141357422,0.4886799156665802,-0.06268310546875,-0.10797119140625,MilkyTracker,CWE-787,8477
327,281247,0,0,1,0.5119072198867798,0.4880927503108978,-0.061553955078125,-0.10919189453125,MilkyTracker,CWE-787,8590
328,198703,1,0,0,0.5037230849266052,0.4962769150733948,-0.07391357421875,-0.08880615234375,LibRaw,CWE-189,1410
329,281662,0,0,1,0.5036315321922302,0.49636849761009216,-0.07342529296875,-0.08795166015625,LibRaw,CWE-189,1419
330,198736,1,0,0,0.5026549696922302,0.497344970703125,-0.08062744140625,-0.09124755859375,linux,CWE-401,638
331,282862,0,0,1,0.5026549696922302,0.497344970703125,-0.08056640625,-0.0911865234375,linux,CWE-401,660
332,198743,1,0,0,0.5046080350875854,0.49539199471473694,-0.066650390625,-0.0850830078125,LuaJIT,CWE-125,1384
333,282984,0,0,1,0.504470705986023,0.49552929401397705,-0.06683349609375,-0.084716796875,LuaJIT,CWE-125,1412
334,198927,1,0,0,0.5100389122962952,0.48996105790138245,-0.06292724609375,-0.10308837890625,radare2,CWE-125,1947
335,285157,0,0,1,0.5100389122962952,0.48996105790138245,-0.06292724609375,-0.10308837890625,radare2,CWE-125,2155
336,198983,1,1,1,0.499359130859375,0.500640869140625,-0.07598876953125,-0.07342529296875,swtpm,CWE-125,1134
337,286739,0,1,0,0.499176025390625,0.500823974609375,-0.07574462890625,-0.07244873046875,swtpm,CWE-125,1391
338,199159,1,0,0,0.5060269236564636,0.4939730763435364,-0.07098388671875,-0.0950927734375,linux,CWE-362,2961
339,289293,0,0,1,0.5058895945549011,0.4941103756427765,-0.0711669921875,-0.0947265625,linux,CWE-362,2969
340,199712,1,1,1,0.48771148920059204,0.5122884511947632,-0.09942626953125,-0.050262451171875,linux,CWE-415,152
341,291761,0,1,0,0.4893204867839813,0.5106795430183411,-0.09722900390625,-0.05450439453125,linux,CWE-415,225
342,199767,1,0,0,0.507476270198822,0.49252375960350037,-0.06829833984375,-0.09820556640625,hexchat,CWE-22,2721
343,292205,0,0,1,0.5081474781036377,0.4918525218963623,-0.06793212890625,-0.10052490234375,hexchat,CWE-22,1809
344,199778,1,0,0,0.5092381834983826,0.4907618761062622,-0.062286376953125,-0.0992431640625,puma,CWE-444,19279
345,292609,0,0,1,0.5092381834983826,0.4907618761062622,-0.062286376953125,-0.0992431640625,puma,CWE-444,19424
346,199833,1,0,0,0.5000457763671875,0.4999542236328125,-0.06866455078125,-0.06884765625,chafa,CWE-476,15134
347,293496,0,0,1,0.5003814697265625,0.4996185302734375,-0.06781005859375,-0.0693359375,chafa,CWE-476,15337
348,199836,1,1,1,0.4945680499076843,0.5054318904876709,-0.0909423828125,-0.0692138671875,pjproject,CWE-125,308
349,293522,0,1,0,0.49566659331321716,0.5043333768844604,-0.08514404296875,-0.06781005859375,pjproject,CWE-125,393
350,199841,1,0,0,0.5070643424987793,0.4929356276988983,-0.0643310546875,-0.09259033203125,radare2,CWE-476,1665
351,293750,0,0,1,0.5070643424987793,0.4929356276988983,-0.0643310546875,-0.09259033203125,radare2,CWE-476,1681
352,199851,1,0,0,0.50225830078125,0.4977417290210724,-0.070556640625,-0.07958984375,vim,CWE-787,5582
353,293939,0,0,1,0.50225830078125,0.4977417290210724,-0.070556640625,-0.07958984375,vim,CWE-787,5668
354,199952,1,0,0,0.5084830522537231,0.49151691794395447,-0.0672607421875,-0.1011962890625,MilkyTracker,CWE-787,19139
355,295887,0,0,1,0.5084830522537231,0.49151691794395447,-0.0672607421875,-0.1011962890625,MilkyTracker,CWE-787,19161
356,199984,1,0,0,0.50103759765625,0.49896240234375,-0.0701904296875,-0.0743408203125,vim,CWE-416,31245
357,296226,0,0,1,0.5004730224609375,0.4995269775390625,-0.0709228515625,-0.07281494140625,vim,CWE-416,31465
358,200113,1,1,1,0.4968949258327484,0.5031051635742188,-0.073974609375,-0.061553955078125,ImageMagick,CWE-787,6670
359,299319,0,1,0,0.4970703423023224,0.5029296278953552,-0.07275390625,-0.06103515625,ImageMagick,CWE-787,6690
360,200157,1,0,0,0.5028076171875,0.4971924424171448,-0.0687255859375,-0.0799560546875,exim,CWE-264,13171
361,299905,0,0,1,0.5028076171875,0.4971924424171448,-0.0687255859375,-0.0799560546875,exim,CWE-264,13109
362,200163,1,0,0,0.5043028593063354,0.49569711089134216,-0.07354736328125,-0.09075927734375,linux,CWE-200,875
363,299976,0,0,1,0.504257082939148,0.49574288725852966,-0.07366943359375,-0.0906982421875,linux,CWE-200,895
364,200287,1,0,0,0.5076287984848022,0.49237120151519775,-0.07183837890625,-0.10235595703125,linux,CWE-200,3449
365,300731,0,0,1,0.5076287984848022,0.49237120151519775,-0.07183837890625,-0.10235595703125,linux,CWE-200,3487
366,200305,1,0,0,0.5047987103462219,0.4952012300491333,-0.061676025390625,-0.08087158203125,ghostpdl,CWE-787,1184
367,301016,0,0,1,0.5048521161079407,0.49514782428741455,-0.06195068359375,-0.08135986328125,ghostpdl,CWE-787,1184
368,200320,1,0,0,0.507384717464447,0.492615282535553,-0.065185546875,-0.0947265625,samba,CWE-665,8888
369,301429,0,0,1,0.507384717464447,0.492615282535553,-0.065185546875,-0.0947265625,samba,CWE-665,8880
370,200323,1,0,0,0.5044173002243042,0.4955826997756958,-0.059906005859375,-0.07757568359375,vim,CWE-787,39409
371,301481,0,0,1,0.5044173002243042,0.4955826997756958,-0.059906005859375,-0.07757568359375,vim,CWE-787,39439
372,200379,1,0,0,0.504775881767273,0.4952241778373718,-0.07183837890625,-0.0909423828125,radare2,CWE-476,761
373,302095,0,0,1,0.5050352215766907,0.49496474862098694,-0.0706787109375,-0.0908203125,radare2,CWE-476,786
374,200695,1,0,0,0.502471923828125,0.4975281059741974,-0.0777587890625,-0.087646484375,linux,CWE-401,674
375,308163,0,0,1,0.5024566650390625,0.4975433647632599,-0.07794189453125,-0.0877685546875,linux,CWE-401,686
376,200781,1,0,0,0.5089712142944336,0.4910287857055664,-0.0631103515625,-0.0989990234375,ncurses,CWE-787,1139
377,309831,0,0,1,0.5090550780296326,0.49094489216804504,-0.062469482421875,-0.09869384765625,ncurses,CWE-787,1187
378,200895,1,0,0,0.5049284100532532,0.49507156014442444,-0.07049560546875,-0.0902099609375,vim,CWE-703,1117
379,312399,0,0,1,0.5050504803657532,0.4949495196342468,-0.069091796875,-0.08929443359375,vim,CWE-703,1303
380,200934,1,0,0,0.5012664794921875,0.4987335205078125,-0.061767578125,-0.06683349609375,libvirt,CWE-212,1308
381,313134,0,0,1,0.5008697509765625,0.4991302490234375,-0.0626220703125,-0.06610107421875,libvirt,CWE-212,1385
382,200976,1,0,0,0.5061489939689636,0.49385103583335876,-0.06494140625,-0.08953857421875,vim,CWE-787,895
383,313850,0,0,1,0.5085135698318481,0.49148643016815186,-0.061279296875,-0.0953369140625,vim,CWE-787,996
384,201007,1,0,0,0.5023497939109802,0.4976501166820526,-0.06842041015625,-0.07781982421875,pjproject,CWE-787,1492
385,314536,0,0,1,0.5038909316062927,0.49610912799835205,-0.0653076171875,-0.08087158203125,pjproject,CWE-787,1617
386,201343,1,1,1,0.48740652203559875,0.5125934481620789,-0.103271484375,-0.052886962890625,linux,CWE-416,204
387,317271,0,1,0,0.4874751567840576,0.5125248432159424,-0.10357666015625,-0.053466796875,linux,CWE-416,203
388,201353,1,0,0,0.5069270730018616,0.4930729866027832,-0.0693359375,-0.0970458984375,wireless-drivers,CWE-415,1417
389,318099,0,0,1,0.5069270730018616,0.4930729866027832,-0.0693359375,-0.0970458984375,wireless-drivers,CWE-415,1400
390,201382,1,0,0,0.504257082939148,0.49574288725852966,-0.06591796875,-0.08294677734375,gerbv,CWE-787,7874
391,318781,0,0,1,0.504257082939148,0.49574288725852966,-0.06591796875,-0.08294677734375,gerbv,CWE-787,7886
392,201384,1,0,0,0.5027160048484802,0.497283935546875,-0.07220458984375,-0.08306884765625,vim,CWE-787,762
393,318962,0,0,1,0.5027160048484802,0.497283935546875,-0.07208251953125,-0.08294677734375,vim,CWE-787,763
394,201451,1,1,1,0.499664306640625,0.500335693359375,-0.06793212890625,-0.06658935546875,ImageMagick6,CWE-787,15672
395,319422,0,1,0,0.499664306640625,0.500335693359375,-0.06793212890625,-0.06658935546875,ImageMagick6,CWE-787,15774
396,201872,1,0,0,0.5092000365257263,0.49080002307891846,-0.06390380859375,-0.1007080078125,gnutls,CWE-310,4749
397,325821,0,0,1,0.5088186860084534,0.491181343793869,-0.0645751953125,-0.099853515625,gnutls,CWE-310,4790
398,201885,1,0,0,0.5099169015884399,0.49008306860923767,-0.0555419921875,-0.09521484375,vim,CWE-416,34450
399,326119,0,0,1,0.5099169015884399,0.49008306860923767,-0.0555419921875,-0.09521484375,vim,CWE-416,34649
400,201913,1,0,0,0.512113094329834,0.48788687586784363,-0.064697265625,-0.1131591796875,libarchive,CWE-59,2210
401,326629,0,0,1,0.511884331703186,0.4881156384944916,-0.0654296875,-0.11297607421875,libarchive,CWE-59,2229
402,201925,1,0,0,0.5059048533439636,0.494095116853714,-0.0740966796875,-0.09771728515625,linux,CWE-476,1188
403,326914,0,0,1,0.5056455135345459,0.4943544864654541,-0.0765380859375,-0.09912109375,linux,CWE-476,1317
404,202081,1,1,1,0.4968872368335724,0.5031127333641052,-0.0772705078125,-0.0648193359375,vim,CWE-787,19946
405,328807,0,1,0,0.4968872368335724,0.5031127333641052,-0.0772705078125,-0.0648193359375,vim,CWE-787,20005
406,202082,1,0,0,0.5061641931533813,0.4938357174396515,-0.06402587890625,-0.08868408203125,radare2,CWE-125,1105
407,328836,0,0,1,0.507796585559845,0.49220338463783264,-0.0633544921875,-0.09454345703125,radare2,CWE-125,1167
408,202125,1,0,0,0.5051878094673157,0.4948122203350067,-0.07568359375,-0.096435546875,cairo,CWE-787,2943
409,329925,0,0,1,0.5051267743110657,0.4948732256889343,-0.0750732421875,-0.0955810546875,cairo,CWE-787,2984
410,202256,1,1,1,0.49794772267341614,0.5020523071289062,-0.0703125,-0.062103271484375,qtbase,CWE-787,9164
411,331760,0,1,0,0.49794772267341614,0.5020523071289062,-0.0703125,-0.062103271484375,qtbase,CWE-787,9188
412,202276,1,0,0,0.5076669454574585,0.4923330843448639,-0.061553955078125,-0.09222412109375,vim,CWE-787,3371
413,332375,0,0,1,0.5076669454574585,0.4923330843448639,-0.061553955078125,-0.09222412109375,vim,CWE-787,3119
414,202304,1,0,0,0.5082542896270752,0.4917457699775696,-0.063232421875,-0.09625244140625,vim,CWE-122,1179
415,333041,0,0,1,0.5088186860084534,0.491181343793869,-0.06439208984375,-0.09967041015625,vim,CWE-122,1239
416,202392,1,0,0,0.5084220767021179,0.49157795310020447,-0.06292724609375,-0.09661865234375,php-src,CWE-119,978
417,333503,0,0,1,0.5084373354911804,0.49156272411346436,-0.0628662109375,-0.09661865234375,php-src,CWE-119,1008
418,202659,1,0,0,0.5087271332740784,0.49127286672592163,-0.06390380859375,-0.09881591796875,net,CWE-125,2044
419,336106,0,0,1,0.5071101188659668,0.4928898811340332,-0.068115234375,-0.0965576171875,net,CWE-125,2085
420,202677,1,1,1,0.4985046684741974,0.501495361328125,-0.07574462890625,-0.06976318359375,qemu,CWE-369,1213
421,336484,0,1,0,0.499725341796875,0.500274658203125,-0.073974609375,-0.0728759765625,qemu,CWE-369,1354
422,202688,1,1,1,0.49171528220176697,0.5082848072052002,-0.08935546875,-0.05621337890625,ghostpdl,CWE-787,522
423,336807,0,1,0,0.4997711181640625,0.5002288818359375,-0.0723876953125,-0.07147216796875,ghostpdl,CWE-787,920
424,202708,1,0,0,0.5049284100532532,0.49507156014442444,-0.062744140625,-0.08245849609375,vim,CWE-476,576
425,337374,0,0,1,0.5053403973579407,0.4946596622467041,-0.0633544921875,-0.084716796875,vim,CWE-476,602
426,202719,1,0,0,0.504623293876648,0.49537670612335205,-0.076171875,-0.09466552734375,linux,CWE-704,1222
427,337848,0,0,1,0.504836916923523,0.4951631426811218,-0.075927734375,-0.09527587890625,linux,CWE-704,1244
428,202748,1,1,1,0.4992523193359375,0.5007476806640625,-0.06756591796875,-0.0645751953125,ImageMagick,CWE-772,13504
429,338747,0,1,0,0.4992523193359375,0.5007476806640625,-0.06756591796875,-0.0645751953125,ImageMagick,CWE-772,13644
430,202783,1,0,0,0.5008087158203125,0.4991912841796875,-0.08294677734375,-0.086181640625,php-src,CWE-119,349
431,339712,0,0,1,0.5055997371673584,0.4944002628326416,-0.07269287109375,-0.0950927734375,php-src,CWE-119,562
432,202822,1,1,1,0.4984894096851349,0.5015106201171875,-0.07305908203125,-0.0670166015625,ghostpdl,CWE-787,1080
433,341817,0,1,0,0.4995574951171875,0.5004425048828125,-0.07135009765625,-0.069580078125,ghostpdl,CWE-787,1279
434,202888,1,0,0,0.5084373354911804,0.49156272411346436,-0.06787109375,-0.10162353515625,linux,CWE-787,1898
435,343175,0,0,1,0.5084525346755981,0.4915474057197571,-0.06915283203125,-0.10296630859375,linux,CWE-787,2029
436,202889,1,0,0,0.5069423317909241,0.4930577278137207,-0.06988525390625,-0.09765625,linux,CWE-787,1844
437,343158,0,0,1,0.5078423619270325,0.49215760827064514,-0.0699462890625,-0.101318359375,linux,CWE-787,1975
438,202892,1,0,0,0.5018157958984375,0.4981842041015625,-0.06927490234375,-0.0765380859375,pure-ftpd,CWE-434,7610
439,343298,0,0,1,0.5018157958984375,0.4981842041015625,-0.06927490234375,-0.0765380859375,pure-ftpd,CWE-434,7569
440,202943,1,1,1,0.48997634649276733,0.5100237131118774,-0.08892822265625,-0.048828125,lua,CWE-787,434
441,344242,0,1,0,0.49258479475975037,0.507415235042572,-0.082763671875,-0.0531005859375,lua,CWE-787,531
442,203614,1,0,0,0.5103287100791931,0.4896712601184845,-0.06207275390625,-0.1033935546875,linux,CWE-703,1582
443,345131,0,0,1,0.5102753043174744,0.48972460627555847,-0.062103271484375,-0.10321044921875,linux,CWE-703,1585
444,203902,1,0,0,0.507796585559845,0.49220338463783264,-0.06353759765625,-0.0947265625,vim,CWE-703,2749
445,346415,0,0,1,0.5072321891784668,0.492767870426178,-0.0650634765625,-0.093994140625,vim,CWE-703,2775
446,204016,1,0,0,0.5080711841583252,0.4919287860393524,-0.06866455078125,-0.1009521484375,squashfs-tools,CWE-200,3355
447,349259,0,0,1,0.5082542896270752,0.4917457699775696,-0.06793212890625,-0.1009521484375,squashfs-tools,CWE-200,3559
448,204017,1,0,0,0.5082542896270752,0.4917457699775696,-0.06793212890625,-0.1009521484375,squashfs-tools,CWE-200,3363
449,349259,0,0,1,0.5082542896270752,0.4917457699775696,-0.06793212890625,-0.1009521484375,squashfs-tools,CWE-200,3559
450,204019,1,0,0,0.5086508393287659,0.49134910106658936,-0.06787109375,-0.10247802734375,squashfs-tools,CWE-200,3071
451,349251,0,0,1,0.5086508393287659,0.49134910106658936,-0.06787109375,-0.10247802734375,squashfs-tools,CWE-200,3267
452,204032,1,1,1,0.4985657036304474,0.501434326171875,-0.07928466796875,-0.07354736328125,linux,CWE-772,348
453,349528,0,1,0,0.49981689453125,0.50018310546875,-0.078369140625,-0.07763671875,linux,CWE-772,385
454,204036,1,0,0,0.507735550403595,0.49226438999176025,-0.06842041015625,-0.099365234375,net,CWE-787,1016
455,349888,0,0,1,0.5078728795051575,0.49212712049484253,-0.0662841796875,-0.0977783203125,net,CWE-787,1284
456,204073,1,1,1,0.4965210556983948,0.5034789443016052,-0.07342529296875,-0.05950927734375,shapelib,CWE-415,737
457,351182,0,1,0,0.4966583549976349,0.5033416152000427,-0.07318115234375,-0.059814453125,shapelib,CWE-415,719
458,204115,1,0,0,0.5105270147323608,0.48947298526763916,-0.0614013671875,-0.103515625,openldap,CWE-617,3567
459,353015,0,0,1,0.5105270147323608,0.48947298526763916,-0.0614013671875,-0.103515625,openldap,CWE-617,3647
460,204137,1,0,0,0.5003662109375,0.4996337890625,-0.0703125,-0.07177734375,poppler,CWE-369,6800
461,353124,0,0,1,0.5003662109375,0.4996337890625,-0.0703125,-0.07177734375,poppler,CWE-369,6992
462,204195,1,1,1,0.4993133544921875,0.5006866455078125,-0.07928466796875,-0.0765380859375,pjproject,CWE-125,558
463,355014,0,0,1,0.5024261474609375,0.4975738823413849,-0.07135009765625,-0.0810546875,pjproject,CWE-125,784
464,204243,1,0,0,0.5047605633735657,0.49523937702178955,-0.0601806640625,-0.0792236328125,vim,CWE-787,6093
465,355649,0,0,1,0.5060650706291199,0.4939349293708801,-0.058197021484375,-0.08245849609375,vim,CWE-787,6349
466,204278,1,0,0,0.5119529962539673,0.4880470037460327,-0.056732177734375,-0.10455322265625,firejail,CWE-94,876
467,356170,0,0,1,0.5127840638160706,0.48721590638160706,-0.05584716796875,-0.10699462890625,firejail,CWE-94,970
468,204351,1,1,1,0.49982452392578125,0.5001754760742188,-0.062255859375,-0.061553955078125,squirrel,CWE-125,1824
469,357668,0,0,1,0.5045241117477417,0.4954759180545807,-0.059417724609375,-0.0775146484375,squirrel,CWE-125,1893
470,204412,1,0,0,0.5072779059410095,0.4927220642566681,-0.0682373046875,-0.09735107421875,bpf,CWE-787,1123
471,359206,0,0,1,0.5081322193145752,0.4918677806854248,-0.06695556640625,-0.0994873046875,bpf,CWE-787,1164
472,204425,1,0,0,0.5027312636375427,0.4972686767578125,-0.06982421875,-0.08074951171875,frr,CWE-125,2808
473,359365,0,0,1,0.5024566650390625,0.4975433647632599,-0.0694580078125,-0.07928466796875,frr,CWE-125,3211
474,204438,1,0,0,0.5015716552734375,0.4984283745288849,-0.0709228515625,-0.07720947265625,ImageMagick,CWE-617,16612
475,359843,0,0,1,0.5015716552734375,0.4984283745288849,-0.0709228515625,-0.07720947265625,ImageMagick,CWE-617,16656
476,204495,1,0,0,0.5057981014251709,0.4942019581794739,-0.072509765625,-0.095703125,linux,CWE-193,636
477,360829,0,0,1,0.5057065486907959,0.4942934811115265,-0.07269287109375,-0.09552001953125,linux,CWE-193,637
478,204534,1,1,1,0.4997100830078125,0.5002899169921875,-0.0672607421875,-0.06610107421875,admesh,CWE-125,2388
479,361303,0,1,0,0.4997100830078125,0.5002899169921875,-0.0672607421875,-0.06610107421875,admesh,CWE-125,2431
480,204535,1,1,1,0.49665072560310364,0.503349244594574,-0.07415771484375,-0.060760498046875,admesh,CWE-125,620
481,361298,0,1,0,0.4984283745288849,0.5015716552734375,-0.07080078125,-0.06451416015625,admesh,CWE-125,650
482,204544,1,0,0,0.5092000365257263,0.49080002307891846,-0.06365966796875,-0.1004638671875,linux,CWE-416,8029
483,361755,0,0,1,0.5092000365257263,0.49080002307891846,-0.06365966796875,-0.1004638671875,linux,CWE-416,8029
484,204814,1,0,0,0.5079949498176575,0.4920051097869873,-0.07037353515625,-0.10235595703125,linux,CWE-703,827
485,365760,0,0,1,0.5080711841583252,0.4919287860393524,-0.0699462890625,-0.10223388671875,linux,CWE-703,827
486,204830,1,0,0,0.5021361708641052,0.4978637397289276,-0.07891845703125,-0.08746337890625,linux,CWE-200,422
487,366223,0,0,1,0.5036010146141052,0.4963989853858948,-0.07659912109375,-0.09100341796875,linux,CWE-200,637
488,205630,1,0,0,0.5108930468559265,0.4891069233417511,-0.0655517578125,-0.109130859375,linux,CWE-94,1193
489,369215,0,0,1,0.5107862949371338,0.4892137050628662,-0.065673828125,-0.10882568359375,linux,CWE-94,1218
490,205734,1,0,0,0.509627103805542,0.490372896194458,-0.06280517578125,-0.101318359375,rizin,CWE-787,1196
491,371185,0,0,1,0.509772002696991,0.49022799730300903,-0.061737060546875,-0.100830078125,rizin,CWE-787,1209
492,205736,1,1,1,0.4809357821941376,0.5190642476081848,-0.1103515625,-0.0340576171875,linux,CWE-834,110
493,371226,0,1,0,0.48154523968696594,0.5184547305107117,-0.10675048828125,-0.03289794921875,linux,CWE-834,137
494,205806,1,1,1,0.498382568359375,0.501617431640625,-0.0712890625,-0.0648193359375,Singular,CWE-269,1794
495,372352,0,1,0,0.4983673095703125,0.5016326904296875,-0.07037353515625,-0.0638427734375,Singular,CWE-269,1744
496,205823,1,1,1,0.4973297119140625,0.5026702284812927,-0.07427978515625,-0.0635986328125,ovs,CWE-401,991
497,373535,0,1,0,0.4973297119140625,0.5026702284812927,-0.07427978515625,-0.0635986328125,ovs,CWE-401,1051
498,206025,1,1,1,0.4996795654296875,0.5003204345703125,-0.08538818359375,-0.0841064453125,evolution-data-server,CWE-200,295
499,376350,0,0,1,0.5052335858345032,0.4947664439678192,-0.07147216796875,-0.0924072265625,evolution-data-server,CWE-200,583
500,206043,1,1,1,0.49502578377723694,0.5049741864204407,-0.080078125,-0.0601806640625,gimp,CWE-125,7841
501,376678,0,1,0,0.49502578377723694,0.5049741864204407,-0.080078125,-0.0601806640625,gimp,CWE-125,7880
502,206044,1,1,1,0.4978027641773224,0.502197265625,-0.075439453125,-0.066650390625,tigervnc,CWE-672,2972
503,376682,0,1,0,0.4978027641773224,0.502197265625,-0.075439453125,-0.066650390625,tigervnc,CWE-672,3002
504,206262,1,0,0,0.5083610415458679,0.49163898825645447,-0.0574951171875,-0.0909423828125,vim,CWE-787,9072
505,379334,0,0,1,0.5083610415458679,0.49163898825645447,-0.0574951171875,-0.0909423828125,vim,CWE-787,9168
506,206273,1,0,0,0.5093220472335815,0.49067798256874084,-0.06298828125,-0.10028076171875,radare2,CWE-416,5477
507,379671,0,0,1,0.5093220472335815,0.49067798256874084,-0.06298828125,-0.10028076171875,radare2,CWE-416,5476
508,206417,1,0,0,0.5091084837913513,0.4908915162086487,-0.06304931640625,-0.0994873046875,vim,CWE-787,10082
509,380955,0,0,1,0.5091084837913513,0.4908915162086487,-0.06304931640625,-0.0994873046875,vim,CWE-787,10110
510,206555,1,0,0,0.501556396484375,0.498443603515625,-0.0809326171875,-0.087158203125,php-src,CWE-119,400
511,382797,0,0,1,0.5016632080078125,0.4983367919921875,-0.0806884765625,-0.08734130859375,php-src,CWE-119,400
512,206588,1,0,0,0.5082390308380127,0.4917610287666321,-0.0631103515625,-0.0960693359375,php-src,CWE-119,1594
513,383316,0,0,1,0.512143611907959,0.4878564178943634,-0.05670166015625,-0.10528564453125,php-src,CWE-119,1467
514,206625,1,1,1,0.498382568359375,0.501617431640625,-0.07525634765625,-0.06878662109375,raptor,CWE-787,8295
515,384124,0,1,0,0.4977722465991974,0.502227783203125,-0.07745361328125,-0.06854248046875,raptor,CWE-787,8301
516,206639,1,0,0,0.50794917345047,0.4920508563518524,-0.06781005859375,-0.099609375,linux,CWE-703,1465
517,384201,0,0,1,0.50794917345047,0.4920508563518524,-0.06781005859375,-0.099609375,linux,CWE-703,1517
518,206670,1,0,0,0.500335693359375,0.499664306640625,-0.07086181640625,-0.07220458984375,nbdkit,CWE-924,18843
519,384677,0,0,1,0.500335693359375,0.499664306640625,-0.07086181640625,-0.07220458984375,nbdkit,CWE-924,19005
520,206676,1,0,0,0.504379153251648,0.49562081694602966,-0.06793212890625,-0.08544921875,vim,CWE-122,6235
521,384767,0,0,1,0.5051878094673157,0.4948122203350067,-0.06634521484375,-0.08709716796875,vim,CWE-122,6183
522,206677,1,0,0,0.5067058205604553,0.4932941496372223,-0.058563232421875,-0.08538818359375,vim,CWE-703,5339
523,384803,0,0,1,0.5067058205604553,0.4932941496372223,-0.058563232421875,-0.08538818359375,vim,CWE-703,5340
524,206771,1,1,1,0.4999542236328125,0.5000457763671875,-0.06414794921875,-0.06396484375,qcad,CWE-191,1260
525,386565,0,1,0,0.4999542236328125,0.5000457763671875,-0.06414794921875,-0.06396484375,qcad,CWE-191,1296
526,206781,1,0,0,0.5089559555053711,0.4910440444946289,-0.0648193359375,-0.10064697265625,linux,CWE-476,2044
527,386750,0,0,1,0.5089559555053711,0.4910440444946289,-0.0648193359375,-0.10064697265625,linux,CWE-476,2081
528,206815,1,1,1,0.498382568359375,0.501617431640625,-0.07025146484375,-0.06378173828125,ImageMagick,CWE-125,5146
529,387149,0,1,0,0.4980163872241974,0.501983642578125,-0.07098388671875,-0.06304931640625,ImageMagick,CWE-125,5182
530,206845,1,1,1,0.4979400932788849,0.5020599365234375,-0.087646484375,-0.07940673828125,linux,CWE-125,352
531,387593,0,1,0,0.4979248046875,0.5020751953125,-0.08819580078125,-0.07989501953125,linux,CWE-125,352
532,206942,1,0,0,0.5097185969352722,0.4902813732624054,-0.0576171875,-0.09649658203125,vim,CWE-125,3520
533,389676,0,0,1,0.5113201141357422,0.4886799156665802,-0.056396484375,-0.1016845703125,vim,CWE-125,3822
534,206946,1,0,0,0.502593994140625,0.4974060654640198,-0.07965087890625,-0.09002685546875,jasper,CWE-703,4177
535,389760,0,0,1,0.502593994140625,0.4974060654640198,-0.07965087890625,-0.09002685546875,jasper,CWE-703,4234
536,207068,1,0,0,0.50067138671875,0.49932861328125,-0.08502197265625,-0.08770751953125,linux,CWE-120,422
537,391627,0,1,0,0.499908447265625,0.500091552734375,-0.08514404296875,-0.08477783203125,linux,CWE-120,400
538,207069,1,1,1,0.4998779296875,0.5001220703125,-0.08575439453125,-0.08526611328125,linux,CWE-120,415
539,391628,0,1,0,0.499176025390625,0.500823974609375,-0.0859375,-0.0826416015625,linux,CWE-120,393
540,207150,1,1,1,0.49041861295700073,0.5095813274383545,-0.08404541015625,-0.04571533203125,squirrel,CWE-703,600
541,393528,0,1,0,0.49084576964378357,0.5091542601585388,-0.08343505859375,-0.04681396484375,squirrel,CWE-703,650
542,207461,1,0,0,0.504714846611023,0.49528518319129944,-0.06866455078125,-0.0875244140625,autotrace,CWE-787,10784
543,397644,0,0,1,0.5047453045845032,0.49525463581085205,-0.06866455078125,-0.087646484375,autotrace,CWE-787,10785
544,207520,1,0,0,0.507979691028595,0.4920203685760498,-0.064453125,-0.09637451171875,rizin,CWE-787,1456
545,398518,0,0,1,0.5073694586753845,0.4926305413246155,-0.065185546875,-0.09466552734375,rizin,CWE-787,1498
546,207700,1,1,1,0.48843592405319214,0.5115641355514526,-0.09051513671875,-0.04425048828125,EternalTerminal,CWE-362,225
547,400109,0,1,0,0.4881308376789093,0.5118690729141235,-0.0877685546875,-0.040283203125,EternalTerminal,CWE-362,275
548,207703,1,1,1,0.49546825885772705,0.504531741142273,-0.0791015625,-0.06097412109375,EternalTerminal,CWE-362,823
549,400103,0,1,0,0.49546825885772705,0.504531741142273,-0.07916259765625,-0.06103515625,EternalTerminal,CWE-362,848
550,207719,1,0,0,0.5000457763671875,0.4999542236328125,-0.07470703125,-0.07489013671875,vim,CWE-787,569
551,400409,0,0,1,0.5000457763671875,0.4999542236328125,-0.0732421875,-0.07342529296875,vim,CWE-787,618
552,207753,1,0,0,0.5069727897644043,0.4930271506309509,-0.0689697265625,-0.09686279296875,linux,CWE-284,988
553,400735,0,0,1,0.5070948600769043,0.4929051399230957,-0.06890869140625,-0.0972900390625,linux,CWE-284,1005
554,207754,1,0,0,0.5072627067565918,0.492737352848053,-0.0693359375,-0.098388671875,linux,CWE-284,1062
555,400743,0,0,1,0.5072321891784668,0.492767870426178,-0.0693359375,-0.0982666015625,linux,CWE-284,1080
556,207755,1,0,0,0.5053555965423584,0.4946443438529968,-0.0703125,-0.09173583984375,php-src,CWE-200,2116
557,400779,0,0,1,0.5061032176017761,0.49389681220054626,-0.06756591796875,-0.09197998046875,php-src,CWE-200,2044
558,207780,1,0,0,0.50782710313797,0.49217286705970764,-0.06695556640625,-0.0982666015625,radare2,CWE-703,4121
559,401034,0,0,1,0.50782710313797,0.49217286705970764,-0.06695556640625,-0.0982666015625,radare2,CWE-703,4229
560,207803,1,0,0,0.5068202614784241,0.4931797683238983,-0.069580078125,-0.09686279296875,linux,CWE-200,1703
561,401579,0,0,1,0.5060269236564636,0.4939730763435364,-0.07147216796875,-0.0955810546875,linux,CWE-200,1766
562,207804,1,1,1,0.49951171875,0.50048828125,-0.0855712890625,-0.0836181640625,linux,CWE-200,384
563,401525,0,0,1,0.5061947703361511,0.49380525946617126,-0.07275390625,-0.0975341796875,linux,CWE-200,746
564,207990,1,1,1,0.498870849609375,0.501129150390625,-0.07275390625,-0.0682373046875,pcre2,CWE-703,4749
565,404192,0,1,0,0.4989471733570099,0.5010528564453125,-0.0738525390625,-0.06964111328125,pcre2,CWE-703,6323
566,208107,1,0,0,0.5074304342269897,0.4925694763660431,-0.0694580078125,-0.09918212890625,linux,CWE-703,913
567,405333,0,0,1,0.5077050924301147,0.49229493737220764,-0.06951904296875,-0.100341796875,linux,CWE-703,954
568,208115,1,0,0,0.5058591365814209,0.4941409230232239,-0.0712890625,-0.0947265625,linux,CWE-703,2285
569,405698,0,0,1,0.5058591365814209,0.4941409230232239,-0.0712890625,-0.0947265625,linux,CWE-703,2256
570,208140,1,0,0,0.5052335858345032,0.4947664439678192,-0.07373046875,-0.09466552734375,util-linux,CWE-200,7619
571,406206,0,0,1,0.5052335858345032,0.4947664439678192,-0.07373046875,-0.09466552734375,util-linux,CWE-200,7680
572,208370,1,0,0,0.5097110271453857,0.49028903245925903,-0.061187744140625,-0.10003662109375,vim,CWE-787,2208
573,408968,0,0,1,0.5097110271453857,0.49028903245925903,-0.061187744140625,-0.10003662109375,vim,CWE-787,2270
574,208411,1,0,0,0.5044859647750854,0.49551403522491455,-0.06939697265625,-0.08734130859375,vim,CWE-787,16023
575,409515,0,0,1,0.5044859647750854,0.49551403522491455,-0.06939697265625,-0.08734130859375,vim,CWE-787,16039
576,208505,1,1,1,0.4967651665210724,0.5032348036766052,-0.07586669921875,-0.06292724609375,tor,CWE-399,17737
577,411896,0,1,0,0.4967651665210724,0.5032348036766052,-0.07586669921875,-0.06292724609375,tor,CWE-399,17737
578,208506,1,1,1,0.4995574951171875,0.5004425048828125,-0.0804443359375,-0.07867431640625,heimdal,CWE-476,31845
579,411926,0,1,0,0.4995574951171875,0.5004425048828125,-0.0804443359375,-0.07867431640625,heimdal,CWE-476,31969
580,208522,1,0,0,0.5026549696922302,0.497344970703125,-0.0657958984375,-0.076416015625,unbound,CWE-190,2520
581,412117,0,0,1,0.5026549696922302,0.497344970703125,-0.0657958984375,-0.076416015625,unbound,CWE-190,2728
582,208525,1,0,0,0.5090169906616211,0.4909830689430237,-0.05975341796875,-0.0958251953125,vim,CWE-787,1598
583,412190,0,0,1,0.5083076357841492,0.49169233441352844,-0.062408447265625,-0.09564208984375,vim,CWE-787,1586
584,208535,1,1,1,0.4885426461696625,0.5114573240280151,-0.09844970703125,-0.0526123046875,rizin,CWE-415,148
585,412332,0,1,0,0.48802417516708374,0.511975884437561,-0.0980224609375,-0.05010986328125,rizin,CWE-415,144
586,208654,1,0,0,0.5052641034126282,0.4947359263896942,-0.072021484375,-0.09307861328125,php-src,CWE-416,4635
587,413339,0,0,1,0.5051267743110657,0.4948732256889343,-0.07257080078125,-0.09307861328125,php-src,CWE-416,4687
588,208680,1,0,0,0.5082390308380127,0.4917610287666321,-0.0654296875,-0.098388671875,radare2,CWE-416,13139
589,413623,0,0,1,0.5083152651786804,0.4916847348213196,-0.0655517578125,-0.09881591796875,radare2,CWE-416,13253
590,208912,1,0,0,0.5058743357658386,0.4941256046295166,-0.061279296875,-0.08477783203125,vim,CWE-416,25369
591,416366,0,0,1,0.5048978924751282,0.49510204792022705,-0.06329345703125,-0.0828857421875,vim,CWE-416,25536
592,208987,1,0,0,0.50042724609375,0.49957275390625,-0.07879638671875,-0.08050537109375,MilkyTracker,CWE-416,240
593,417093,0,0,1,0.5015716552734375,0.4984283745288849,-0.074951171875,-0.08123779296875,MilkyTracker,CWE-416,251
594,209026,1,1,1,0.49311110377311707,0.5068889260292053,-0.083984375,-0.056427001953125,libvirt,CWE-119,634
595,417472,0,1,0,0.4933551847934723,0.5066447854042053,-0.0831298828125,-0.056549072265625,libvirt,CWE-119,636
596,209102,1,0,0,0.5035552382469177,0.49644479155540466,-0.0653076171875,-0.07952880859375,vim,CWE-703,22314
597,418795,0,0,1,0.5035552382469177,0.49644479155540466,-0.0653076171875,-0.07952880859375,vim,CWE-703,22413
598,209801,1,1,1,0.4985198974609375,0.5014801025390625,-0.0836181640625,-0.07769775390625,mujs,CWE-476,205
599,421378,0,0,1,0.500213623046875,0.499786376953125,-0.08001708984375,-0.08087158203125,mujs,CWE-476,227
600,209931,1,0,0,0.507476270198822,0.49252375960350037,-0.06689453125,-0.0968017578125,FreeRDP,CWE-190,1581
601,424522,0,0,1,0.507506787776947,0.49249324202537537,-0.06597900390625,-0.09600830078125,FreeRDP,CWE-190,1645
602,209955,1,0,0,0.5051725506782532,0.4948274791240692,-0.07403564453125,-0.0947265625,linux,CWE-476,5021
603,424969,0,0,1,0.504165530204773,0.4958344101905823,-0.07550048828125,-0.0921630859375,linux,CWE-476,5161
604,210050,1,1,1,0.4894806146621704,0.5105193853378296,-0.0850830078125,-0.042999267578125,lua,CWE-125,467
605,427153,0,1,0,0.4911661148071289,0.5088339447975159,-0.0823974609375,-0.04705810546875,lua,CWE-125,530
606,210090,1,0,0,0.507415235042572,0.49258479475975037,-0.0672607421875,-0.096923828125,file,CWE-787,3962
607,427707,0,0,1,0.507415235042572,0.49258479475975037,-0.0672607421875,-0.096923828125,file,CWE-787,3963
608,210203,1,1,1,0.48477643728256226,0.5152235627174377,-0.11114501953125,-0.05023193359375,linux,CWE-787,94
609,430335,0,1,0,0.4947054088115692,0.5052946209907532,-0.0960693359375,-0.07489013671875,linux,CWE-787,146
610,210204,1,0,0,0.5050504803657532,0.4949495196342468,-0.0733642578125,-0.09356689453125,linux,CWE-362,1036
611,430380,0,0,1,0.5049284100532532,0.49507156014442444,-0.07354736328125,-0.09326171875,linux,CWE-362,1036
612,210206,1,1,1,0.4953691065311432,0.5046309232711792,-0.078369140625,-0.059844970703125,squid,CWE-400,11324
613,430470,0,1,0,0.4961167573928833,0.5038833022117615,-0.07696533203125,-0.061431884765625,squid,CWE-400,11220
614,210252,1,1,1,0.4997711181640625,0.5002288818359375,-0.06671142578125,-0.0657958984375,ImageMagick,CWE-787,15720
615,431633,0,1,0,0.4997711181640625,0.5002288818359375,-0.06671142578125,-0.0657958984375,ImageMagick,CWE-787,15822
616,210271,1,0,0,0.5053709149360657,0.4946291148662567,-0.0660400390625,-0.0875244140625,vim,CWE-787,2143
617,432093,0,0,1,0.5066372156143188,0.4933628439903259,-0.0653076171875,-0.09185791015625,vim,CWE-787,2227
618,210273,1,0,0,0.5060955882072449,0.4939044117927551,-0.056671142578125,-0.0810546875,mongo,CWE-617,10193
619,432152,0,0,1,0.5060955882072449,0.4939044117927551,-0.056671142578125,-0.0810546875,mongo,CWE-617,10351
620,210278,1,1,1,0.4910440444946289,0.5089559555053711,-0.08563232421875,-0.0498046875,unicorn,CWE-476,402
621,432247,0,1,0,0.49117371439933777,0.5088263154029846,-0.08551025390625,-0.050201416015625,unicorn,CWE-476,406
622,210282,1,1,1,0.479218065738678,0.520781934261322,-0.104248046875,-0.0210723876953125,qemu,CWE-125,156
623,432346,0,1,0,0.4796483814716339,0.5203515887260437,-0.10711669921875,-0.025665283203125,qemu,CWE-125,179
624,210283,1,0,0,0.5052030682563782,0.4947969615459442,-0.0732421875,-0.09405517578125,dpdk,CWE-703,3022
625,432351,0,0,1,0.5057828426361084,0.494217187166214,-0.07135009765625,-0.094482421875,dpdk,CWE-703,3099
626,210284,1,0,0,0.5097491145133972,0.4902508556842804,-0.06329345703125,-0.102294921875,dpdk,CWE-703,3121
627,432352,0,0,1,0.5094135403633118,0.49058642983436584,-0.0650634765625,-0.10272216796875,dpdk,CWE-703,3198
628,210393,1,0,0,0.5077813863754272,0.49221867322921753,-0.05682373046875,-0.08795166015625,vim,CWE-416,7558
629,434093,0,0,1,0.5073694586753845,0.4926305413246155,-0.0567626953125,-0.08624267578125,vim,CWE-416,7674
630,210420,1,1,1,0.49598705768585205,0.5040130019187927,-0.08087158203125,-0.0648193359375,ghostpdl,CWE-119,758
631,434902,0,1,0,0.49613961577415466,0.5038604140281677,-0.08074951171875,-0.0653076171875,ghostpdl,CWE-119,757
632,210453,1,1,1,0.4974518418312073,0.5025482177734375,-0.07281494140625,-0.0626220703125,ghostpdl,CWE-120,4521
633,435409,0,1,0,0.4991607666015625,0.5008392333984375,-0.07080078125,-0.06744384765625,ghostpdl,CWE-120,4557
634,210484,1,0,0,0.5085440874099731,0.49145591259002686,-0.06549072265625,-0.09967041015625,linux,CWE-125,2805
635,436066,0,0,1,0.5085440874099731,0.49145591259002686,-0.06549072265625,-0.09967041015625,linux,CWE-125,2863
636,210520,1,0,0,0.5081932544708252,0.4918067753314972,-0.064208984375,-0.09698486328125,vim,CWE-125,3834
637,436990,0,0,1,0.5081932544708252,0.4918067753314972,-0.064208984375,-0.09698486328125,vim,CWE-125,3868
638,210527,1,0,0,0.5088186860084534,0.491181343793869,-0.0662841796875,-0.1015625,linux,CWE-415,1600
639,437003,0,0,1,0.5088186860084534,0.491181343793869,-0.0662841796875,-0.1015625,linux,CWE-415,1579
640,210551,1,1,1,0.4967575967311859,0.5032424926757812,-0.0733642578125,-0.060394287109375,oniguruma,CWE-125,3190
641,437291,0,1,0,0.49715423583984375,0.5028457045555115,-0.0723876953125,-0.061004638671875,oniguruma,CWE-125,4381
642,210570,1,0,0,0.511137068271637,0.48886290192604065,-0.05987548828125,-0.10443115234375,radare2,CWE-787,2594
643,437671,0,0,1,0.5110760927200317,0.48892393708229065,-0.0596923828125,-0.10400390625,radare2,CWE-787,2630
644,210571,1,0,0,0.5078728795051575,0.49212712049484253,-0.0677490234375,-0.0992431640625,linux,CWE-401,1324
645,437708,0,0,1,0.50801020860672,0.4919898509979248,-0.0670166015625,-0.09906005859375,linux,CWE-401,1348
646,210620,1,0,0,0.504073977470398,0.4959259629249573,-0.0767822265625,-0.09307861328125,linux,CWE-415,751
647,438686,0,0,1,0.5049894452095032,0.49501052498817444,-0.07452392578125,-0.094482421875,linux,CWE-415,795
648,210636,1,0,0,0.507293164730072,0.4927068054676056,-0.07000732421875,-0.09918212890625,linux,CWE-416,702
649,438876,0,0,1,0.5072779059410095,0.4927220642566681,-0.0699462890625,-0.09906005859375,linux,CWE-416,702
650,210669,1,1,1,0.499267578125,0.500732421875,-0.068603515625,-0.065673828125,ImageMagick6,CWE-401,34566
651,439114,0,1,0,0.499267578125,0.500732421875,-0.068603515625,-0.065673828125,ImageMagick6,CWE-401,34604
652,210692,1,1,1,0.499267578125,0.500732421875,-0.068603515625,-0.065673828125,ImageMagick6,CWE-835,34742
653,439266,0,1,0,0.499267578125,0.500732421875,-0.068603515625,-0.065673828125,ImageMagick6,CWE-835,34707
654,210700,1,0,0,0.5086508393287659,0.49134910106658936,-0.068115234375,-0.10272216796875,squashfs-tools,CWE-22,3282
655,439495,0,0,1,0.5086508393287659,0.49134910106658936,-0.068115234375,-0.10272216796875,squashfs-tools,CWE-22,3490
656,210701,1,0,0,0.5083457827568054,0.4916542172431946,-0.06866455078125,-0.10205078125,squashfs-tools,CWE-22,3285
657,439495,0,0,1,0.5086508393287659,0.49134910106658936,-0.068115234375,-0.10272216796875,squashfs-tools,CWE-22,3490
658,210702,1,0,0,0.5086356401443481,0.49136441946029663,-0.06817626953125,-0.10272216796875,squashfs-tools,CWE-22,2982
659,439500,0,0,1,0.5086356401443481,0.49136441946029663,-0.06817626953125,-0.10272216796875,squashfs-tools,CWE-22,3190
660,210834,1,0,0,0.5001068115234375,0.4998931884765625,-0.066650390625,-0.06707763671875,xserver,CWE-863,1122
661,440872,0,0,1,0.5064769983291626,0.4935230016708374,-0.062469482421875,-0.08837890625,xserver,CWE-863,1248
662,210866,1,1,1,0.4971160888671875,0.5028838515281677,-0.07489013671875,-0.0633544921875,xserver,CWE-191,2399
663,441822,0,1,0,0.4968262016773224,0.5031737685203552,-0.07537841796875,-0.06268310546875,xserver,CWE-191,2401
664,210887,1,1,1,0.4868728220462799,0.5131271481513977,-0.0960693359375,-0.043548583984375,qemu,CWE-835,491
665,442189,0,1,0,0.48668986558914185,0.5133101344108582,-0.096435546875,-0.043182373046875,qemu,CWE-835,493
666,210896,1,1,1,0.4966431260108948,0.5033568739891052,-0.07666015625,-0.063232421875,spice,CWE-193,1191
667,442587,0,1,0,0.4965973496437073,0.5034026503562927,-0.07659912109375,-0.06298828125,spice,CWE-193,1193
668,210904,1,1,1,0.49475881457328796,0.5052412152290344,-0.0777587890625,-0.056793212890625,curl,CWE-125,789
669,442815,0,1,0,0.4978485405445099,0.5021514892578125,-0.0716552734375,-0.06304931640625,curl,CWE-125,954
670,210910,1,0,0,0.5057218074798584,0.494278222322464,-0.066162109375,-0.08905029296875,vim,CWE-200,3475
671,442959,0,0,1,0.5055997371673584,0.4944002628326416,-0.0655517578125,-0.08795166015625,vim,CWE-200,3513
672,210928,1,0,0,0.5065761804580688,0.49342384934425354,-0.066650390625,-0.09295654296875,linux,CWE-476,900
673,443152,0,0,1,0.5064541101455688,0.49354588985443115,-0.0670166015625,-0.09283447265625,linux,CWE-476,960
674,210944,1,0,0,0.501983642578125,0.4980163872241974,-0.06744384765625,-0.07537841796875,vim,CWE-416,22933
675,443298,0,0,1,0.501983642578125,0.4980163872241974,-0.06744384765625,-0.07537841796875,vim,CWE-416,22967
676,211090,1,0,0,0.5091694593429565,0.4908304512500763,-0.0635986328125,-0.10028076171875,cifs-utils,CWE-20,2509
677,444900,0,0,1,0.5090474486351013,0.4909525215625763,-0.06365966796875,-0.099853515625,cifs-utils,CWE-20,3041
678,211102,1,0,0,0.502105712890625,0.497894287109375,-0.07745361328125,-0.08587646484375,file-roller,CWE-22,7299
679,445995,0,0,1,0.5025787353515625,0.4974212944507599,-0.07745361328125,-0.0877685546875,file-roller,CWE-22,7667
680,211103,1,0,0,0.5078728795051575,0.49212712049484253,-0.06396484375,-0.095458984375,file-roller,CWE-22,1690
681,445881,0,0,1,0.5082694888114929,0.4917304813861847,-0.0634765625,-0.0965576171875,file-roller,CWE-22,1868
682,211110,1,0,0,0.5118462443351746,0.4881537854671478,-0.059967041015625,-0.10736083984375,libtiff,CWE-787,5119
683,446058,0,0,1,0.5115488171577454,0.48845112323760986,-0.060791015625,-0.10699462890625,libtiff,CWE-787,5176
684,211113,1,1,1,0.4939272999763489,0.5060727000236511,-0.09344482421875,-0.06915283203125,linux,CWE-416,534
685,446096,0,1,0,0.49382051825523376,0.5061795115470886,-0.0928955078125,-0.06817626953125,linux,CWE-416,535
686,211126,1,1,1,0.49957275390625,0.50042724609375,-0.07220458984375,-0.07049560546875,libmobi,CWE-125,6639
687,446279,0,1,0,0.49957275390625,0.50042724609375,-0.07220458984375,-0.07049560546875,libmobi,CWE-125,6806
688,211136,1,0,0,0.509451687335968,0.4905482828617096,-0.062347412109375,-0.10015869140625,rizin,CWE-787,2717
689,446416,0,0,1,0.5106566548347473,0.4893433749675751,-0.060821533203125,-0.10345458984375,rizin,CWE-787,2834
690,211179,1,1,1,0.499053955078125,0.500946044921875,-0.06744384765625,-0.06365966796875,exiv2,CWE-125,8217
691,447053,0,1,0,0.499053955078125,0.500946044921875,-0.06744384765625,-0.06365966796875,exiv2,CWE-125,8454
692,211181,1,0,0,0.5099779367446899,0.49002209305763245,-0.06585693359375,-0.10577392578125,php-src,CWE-17,2835
693,447231,0,0,1,0.5099779367446899,0.49002209305763245,-0.06585693359375,-0.10577392578125,php-src,CWE-17,2818
694,211471,1,0,0,0.5092991590499878,0.4907008409500122,-0.062469482421875,-0.09967041015625,frr,CWE-125,2993
695,448562,0,0,1,0.5090627074241638,0.4909372627735138,-0.0635986328125,-0.099853515625,frr,CWE-125,3275
696,211473,1,0,0,0.5110760927200317,0.48892393708229065,-0.0604248046875,-0.104736328125,gdk-pixbuf,CWE-189,2983
697,448584,0,0,1,0.510999858379364,0.48900023102760315,-0.06024169921875,-0.104248046875,gdk-pixbuf,CWE-189,3351
698,211506,1,0,0,0.5006866455078125,0.4993133544921875,-0.070068359375,-0.07281494140625,zlib,CWE-787,25995
699,448912,0,0,1,0.5006866455078125,0.4993133544921875,-0.070068359375,-0.07281494140625,zlib,CWE-787,26047
700,211563,1,0,0,0.5058591365814209,0.4941409230232239,-0.0677490234375,-0.0911865234375,vim,CWE-122,1349
701,449294,0,0,1,0.5058591365814209,0.4941409230232239,-0.06781005859375,-0.09124755859375,vim,CWE-122,1349
702,211567,1,1,1,0.49442315101623535,0.5055768489837646,-0.08428955078125,-0.061981201171875,clamav-devel,CWE-189,466
703,449321,0,1,0,0.4943392276763916,0.5056607723236084,-0.08465576171875,-0.06201171875,clamav-devel,CWE-189,468
704,211695,1,0,0,0.5054471492767334,0.4945527911186218,-0.0657958984375,-0.08758544921875,vim,CWE-416,1662
705,450764,0,0,1,0.5054471492767334,0.4945527911186218,-0.0657958984375,-0.08758544921875,vim,CWE-416,1757
706,211699,1,0,0,0.504257082939148,0.49574288725852966,-0.06561279296875,-0.0826416015625,gnulib,CWE-119,28165
707,450812,0,0,1,0.504257082939148,0.49574288725852966,-0.06561279296875,-0.0826416015625,gnulib,CWE-119,28169
708,211700,1,0,0,0.5094898343086243,0.4905101954936981,-0.06292724609375,-0.10089111328125,linux,CWE-120,1407
709,450830,0,0,1,0.5101457238197327,0.4898543059825897,-0.0631103515625,-0.10369873046875,linux,CWE-120,1715
710,211773,1,0,0,0.5070033073425293,0.4929966628551483,-0.0716552734375,-0.09967041015625,ntp,CWE-20,2313
711,451731,0,0,1,0.5070033073425293,0.4929966628551483,-0.0716552734375,-0.09967041015625,ntp,CWE-20,2436
712,211785,1,0,0,0.5018463134765625,0.4981536865234375,-0.08074951171875,-0.088134765625,jasper,CWE-20,11802
713,451888,0,0,1,0.5018463134765625,0.4981536865234375,-0.08074951171875,-0.088134765625,jasper,CWE-20,11947
714,211842,1,0,0,0.5040282607078552,0.49597176909446716,-0.057861328125,-0.073974609375,vim,CWE-787,5974
715,452377,0,0,1,0.5040282607078552,0.49597176909446716,-0.057861328125,-0.073974609375,vim,CWE-787,6020
716,211845,1,0,0,0.500640869140625,0.499359130859375,-0.0709228515625,-0.073486328125,ImageMagick6,CWE-787,34484
717,452391,0,0,1,0.500640869140625,0.499359130859375,-0.0709228515625,-0.073486328125,ImageMagick6,CWE-787,34505
718,211868,1,0,0,0.5075219869613647,0.4924779534339905,-0.0703125,-0.10040283203125,nf,CWE-269,1118
719,452994,0,0,1,0.5074609518051147,0.4925389587879181,-0.07012939453125,-0.0999755859375,nf,CWE-269,1137
720,211877,1,1,1,0.4929508864879608,0.5070490837097168,-0.08251953125,-0.0543212890625,libexpat,CWE-668,5086
721,453109,0,1,0,0.4929508864879608,0.5070490837097168,-0.08251953125,-0.0543212890625,libexpat,CWE-668,5684
722,211915,1,0,0,0.5071406364440918,0.4928593933582306,-0.06622314453125,-0.09478759765625,jasper,CWE-125,9385
723,453265,0,0,1,0.5071406364440918,0.4928593933582306,-0.06622314453125,-0.09478759765625,jasper,CWE-125,9401
724,212083,1,0,0,0.507415235042572,0.49258479475975037,-0.0701904296875,-0.099853515625,linux,CWE-703,6487
725,454759,0,0,1,0.507415235042572,0.49258479475975037,-0.0701904296875,-0.099853515625,linux,CWE-703,6551
726,212144,1,0,0,0.500457763671875,0.499542236328125,-0.07025146484375,-0.07208251953125,libmobi,CWE-119,1932
727,455177,0,0,1,0.500457763671875,0.499542236328125,-0.07025146484375,-0.07208251953125,libmobi,CWE-119,2146
728,212152,1,1,1,0.4983520805835724,0.50164794921875,-0.08160400390625,-0.07501220703125,bash,CWE-787,494
729,455356,0,0,1,0.5022735595703125,0.4977264702320099,-0.077392578125,-0.08648681640625,bash,CWE-787,720
730,212339,1,1,1,0.4964752793312073,0.5035247206687927,-0.07806396484375,-0.06396484375,icecast-server,CWE-119,1092
731,457772,0,1,0,0.4977264702320099,0.5022735595703125,-0.076416015625,-0.06732177734375,icecast-server,CWE-119,1913
732,212407,1,1,1,0.4992828369140625,0.5007171630859375,-0.0849609375,-0.08209228515625,varnish-cache,CWE-703,295
733,459029,0,0,1,0.500640869140625,0.499359130859375,-0.0848388671875,-0.08740234375,varnish-cache,CWE-703,334
734,212414,1,0,0,0.5060574412345886,0.4939425587654114,-0.07550048828125,-0.0997314453125,linux,CWE-416,5619
735,459107,0,0,1,0.5059048533439636,0.494095116853714,-0.07562255859375,-0.0992431640625,linux,CWE-416,5631
736,212433,1,0,0,0.50006103515625,0.49993896484375,-0.06915283203125,-0.06939697265625,vim,CWE-416,16686
737,459400,0,0,1,0.50006103515625,0.49993896484375,-0.06915283203125,-0.06939697265625,vim,CWE-416,17024
738,212436,1,0,0,0.5010833740234375,0.4989166259765625,-0.08331298828125,-0.087646484375,linux,CWE-787,532
739,459524,0,0,1,0.50140380859375,0.49859619140625,-0.08306884765625,-0.08868408203125,linux,CWE-787,540
740,212818,1,1,1,0.49109745025634766,0.5089025497436523,-0.088134765625,-0.052520751953125,pjproject,CWE-191,698
741,462278,0,1,0,0.4938815236091614,0.5061184763908386,-0.08465576171875,-0.0601806640625,pjproject,CWE-191,792
742,212822,1,1,1,0.48702532052993774,0.5129746794700623,-0.0966796875,-0.044769287109375,ghostpdl,CWE-787,501
743,462316,0,1,0,0.48762762546539307,0.5123723149299622,-0.0953369140625,-0.04583740234375,ghostpdl,CWE-787,536
744,212829,1,0,0,0.5067592263221741,0.4932407736778259,-0.066162109375,-0.09320068359375,php-src,CWE-476,3806
745,462395,0,0,1,0.5071406364440918,0.4928593933582306,-0.065673828125,-0.09423828125,php-src,CWE-476,3878
746,212834,1,0,0,0.5101380944252014,0.48986193537712097,-0.061981201171875,-0.1025390625,rsyslog,CWE-190,4516
747,462409,0,0,1,0.5102372169494629,0.4897627830505371,-0.06195068359375,-0.1029052734375,rsyslog,CWE-190,4889
748,212857,1,0,0,0.507384717464447,0.492615282535553,-0.06390380859375,-0.09344482421875,vim,CWE-416,2622
749,462511,0,0,1,0.5075830221176147,0.49241694808006287,-0.06329345703125,-0.0936279296875,vim,CWE-416,2647
750,212871,1,0,0,0.5043944120407104,0.49560558795928955,-0.07550048828125,-0.09307861328125,newsbeuter,CWE-787,1385
751,462566,0,0,1,0.5046842694282532,0.49531564116477966,-0.07470703125,-0.09344482421875,newsbeuter,CWE-787,1406
752,212927,1,1,1,0.48396849632263184,0.5160315036773682,-0.1024169921875,-0.03826904296875,qemu,CWE-835,320
753,463051,0,1,0,0.4841209053993225,0.5158790349960327,-0.101806640625,-0.03826904296875,qemu,CWE-835,322
754,212934,1,1,1,0.4975433647632599,0.5024566650390625,-0.0753173828125,-0.06549072265625,cyrus-imapd,CWE-732,3456
755,463134,0,1,0,0.4971466660499573,0.5028533935546875,-0.07586669921875,-0.064453125,cyrus-imapd,CWE-732,3416
756,212955,1,0,0,0.5066066384315491,0.49339330196380615,-0.0718994140625,-0.09832763671875,linux,CWE-476,1838
757,463476,0,0,1,0.5066066384315491,0.49339330196380615,-0.0718994140625,-0.09832763671875,linux,CWE-476,2008
758,213037,1,0,0,0.5100389122962952,0.48996105790138245,-0.06402587890625,-0.10418701171875,php-src,CWE-125,2277
759,464942,0,0,1,0.5100389122962952,0.48996105790138245,-0.06402587890625,-0.10418701171875,php-src,CWE-125,2059
760,213075,1,1,1,0.4965515732765198,0.5034484267234802,-0.0888671875,-0.0750732421875,linux,CWE-416,369
761,465854,0,1,0,0.49623116850852966,0.5037688612937927,-0.0899658203125,-0.07489013671875,linux,CWE-416,369
762,213370,1,0,0,0.5001983642578125,0.4998016357421875,-0.07318115234375,-0.073974609375,glib,CWE-754,3733
763,468349,0,1,0,0.4990997314453125,0.5009002685546875,-0.0753173828125,-0.07171630859375,glib,CWE-754,3727
764,213515,1,0,0,0.5066143274307251,0.4933857321739197,-0.061370849609375,-0.08782958984375,vim,CWE-787,6540
765,471902,0,0,1,0.5067897439002991,0.4932102560997009,-0.061767578125,-0.08892822265625,vim,CWE-787,6730
766,213528,1,0,0,0.5093220472335815,0.49067798256874084,-0.063720703125,-0.10101318359375,linux,CWE-416,2176
767,472123,0,0,1,0.5098863840103149,0.49011358618736267,-0.06304931640625,-0.10260009765625,linux,CWE-416,2262
768,213998,1,0,0,0.5051725506782532,0.4948274791240692,-0.072265625,-0.09295654296875,libtpms,CWE-119,482
769,474434,0,0,1,0.5058438777923584,0.4941561818122864,-0.071044921875,-0.09442138671875,libtpms,CWE-119,576
770,214003,1,0,0,0.5023345947265625,0.4976654350757599,-0.07452392578125,-0.0838623046875,libvncserver,CWE-787,836
771,474462,0,0,1,0.5021820068359375,0.4978180229663849,-0.07464599609375,-0.0833740234375,libvncserver,CWE-787,836
772,214124,1,0,0,0.5105422735214233,0.48945775628089905,-0.05877685546875,-0.1009521484375,chafa,CWE-125,2279
773,475987,0,0,1,0.5102066993713379,0.4897932708263397,-0.0599365234375,-0.10076904296875,chafa,CWE-125,2382
774,214160,1,0,0,0.5097491145133972,0.4902508556842804,-0.06353759765625,-0.1025390625,linux,CWE-476,11322
775,476103,0,0,1,0.5097491145133972,0.4902508556842804,-0.06353759765625,-0.1025390625,linux,CWE-476,11424
776,214276,1,0,0,0.5071406364440918,0.4928593933582306,-0.0672607421875,-0.0958251953125,linux,CWE-20,1300
777,477273,0,0,1,0.5083457827568054,0.4916542172431946,-0.06268310546875,-0.0960693359375,linux,CWE-20,1682
778,214282,1,0,0,0.5067592263221741,0.4932407736778259,-0.06585693359375,-0.0928955078125,radare2,CWE-787,2479
779,477380,0,0,1,0.5074914693832397,0.4925084710121155,-0.064208984375,-0.09417724609375,radare2,CWE-787,2596
780,214335,1,1,1,0.4987335205078125,0.5012664794921875,-0.071533203125,-0.06646728515625,ceph,CWE-79,7013
781,477800,0,1,0,0.4987335205078125,0.5012664794921875,-0.071533203125,-0.06646728515625,ceph,CWE-79,7565
782,214336,1,0,0,0.5053098797798157,0.4946901798248291,-0.07269287109375,-0.09393310546875,linux,CWE-362,745
783,477803,0,0,1,0.5051572918891907,0.4948427379131317,-0.0732421875,-0.0938720703125,linux,CWE-362,802
784,214339,1,0,0,0.5090169906616211,0.4909830689430237,-0.061767578125,-0.09783935546875,linux,CWE-787,1527
785,477811,0,0,1,0.5118615031242371,0.4881385564804077,-0.057159423828125,-0.1046142578125,linux,CWE-787,2315
786,214358,1,0,0,0.502593994140625,0.4974060654640198,-0.06451416015625,-0.07489013671875,clamav-devel,CWE-20,5074
787,477946,0,0,1,0.502593994140625,0.4974060654640198,-0.06451416015625,-0.07489013671875,clamav-devel,CWE-20,5230
788,214364,1,1,1,0.49692538380622864,0.503074586391449,-0.07318115234375,-0.060882568359375,php-src,CWE-119,833
789,477975,0,0,1,0.5031127333641052,0.4968872368335724,-0.06402587890625,-0.07647705078125,php-src,CWE-119,1227
790,214909,1,0,0,0.5034026503562927,0.4965973496437073,-0.07696533203125,-0.090576171875,linux,CWE-401,2338
791,481267,0,0,1,0.5034026503562927,0.4965973496437073,-0.07696533203125,-0.090576171875,linux,CWE-401,2357
792,214948,1,0,0,0.5072016716003418,0.492798388004303,-0.0665283203125,-0.0953369140625,nagioscore,CWE-476,776
793,481787,0,0,1,0.5072473883628845,0.4927525520324707,-0.0662841796875,-0.09527587890625,nagioscore,CWE-476,782
794,214997,1,0,0,0.5089635848999023,0.49103641510009766,-0.058929443359375,-0.09478759765625,liblouis,CWE-787,49196
795,482533,0,0,1,0.5089635848999023,0.49103641510009766,-0.058929443359375,-0.09478759765625,liblouis,CWE-787,49195
796,215038,1,1,1,0.4962616562843323,0.5037383437156677,-0.07843017578125,-0.0634765625,gst-plugins-good,CWE-125,5721
797,482692,0,1,0,0.4962616562843323,0.5037383437156677,-0.07843017578125,-0.0634765625,gst-plugins-good,CWE-125,5690
798,215073,1,1,1,0.4977417290210724,0.50225830078125,-0.08526611328125,-0.07623291015625,linux,CWE-269,503
799,483053,0,0,1,0.5052488446235657,0.4947511851787567,-0.07159423828125,-0.09259033203125,linux,CWE-269,713
800,215103,1,0,0,0.5060955882072449,0.4939044117927551,-0.056671142578125,-0.0810546875,mongo,CWE-617,9585
801,483469,0,0,1,0.5060955882072449,0.4939044117927551,-0.056671142578125,-0.0810546875,mongo,CWE-617,9743
802,215142,1,1,1,0.4826081693172455,0.5173918008804321,-0.093017578125,-0.0234222412109375,open62541,CWE-703,500
803,484063,0,1,0,0.48401421308517456,0.5159857273101807,-0.08953857421875,-0.02557373046875,open62541,CWE-703,545
804,215188,1,1,1,0.49306535720825195,0.5069347023963928,-0.0775146484375,-0.049774169921875,libmobi,CWE-787,683
805,484732,0,1,0,0.49410274624824524,0.5058972239494324,-0.075927734375,-0.052337646484375,libmobi,CWE-787,737
806,215262,1,0,0,0.501373291015625,0.4986267387866974,-0.068603515625,-0.0740966796875,qemu,CWE-835,6042
807,486796,0,0,1,0.501373291015625,0.4986267387866974,-0.068603515625,-0.0740966796875,qemu,CWE-835,6058
808,215264,1,0,0,0.5090093016624451,0.49099063873291016,-0.059478759765625,-0.09552001953125,perl5,CWE-120,81477
809,486837,0,0,1,0.5085288286209106,0.49147117137908936,-0.06024169921875,-0.0943603515625,perl5,CWE-120,82226
810,215312,1,0,0,0.5104659795761108,0.4895339906215668,-0.066162109375,-0.1080322265625,linux-2.6,CWE-20,1821
811,487618,0,0,1,0.5118995904922485,0.4881003499031067,-0.06298828125,-0.110595703125,linux-2.6,CWE-20,1857
812,215374,1,0,0,0.5057370662689209,0.4942629337310791,-0.07080078125,-0.09375,linux-2.6,CWE-189,751
813,488919,0,0,1,0.5057981014251709,0.4942019581794739,-0.0701904296875,-0.0933837890625,linux-2.6,CWE-189,781
814,215391,1,0,0,0.5008087158203125,0.4991912841796875,-0.0740966796875,-0.07733154296875,linux-2.6,CWE-20,403
815,489124,0,1,0,0.4986572563648224,0.5013427734375,-0.08087158203125,-0.07550048828125,linux-2.6,CWE-20,397
816,215399,1,0,0,0.501434326171875,0.4985657036304474,-0.08087158203125,-0.08660888671875,linux-2.6,CWE-119,592
817,489215,0,0,1,0.5037993788719177,0.49620065093040466,-0.07568359375,-0.09088134765625,linux-2.6,CWE-119,724
818,215400,1,0,0,0.5084068179130554,0.49159321188926697,-0.06744384765625,-0.10107421875,linux-2.6,CWE-20,2869
819,489221,0,0,1,0.50801020860672,0.4919898509979248,-0.0679931640625,-0.10003662109375,linux-2.6,CWE-20,3033
820,215549,1,0,0,0.5013580322265625,0.4986419677734375,-0.07073974609375,-0.076171875,gzip,CWE-189,4759
821,491979,0,0,1,0.5013580322265625,0.4986419677734375,-0.07073974609375,-0.076171875,gzip,CWE-189,4781
822,215921,1,0,0,0.501068115234375,0.498931884765625,-0.07049560546875,-0.07476806640625,grep,CWE-119,2320
823,497809,0,0,1,0.501068115234375,0.498931884765625,-0.07049560546875,-0.07476806640625,grep,CWE-119,2383
824,215948,1,0,0,0.5033110976219177,0.4966888725757599,-0.0689697265625,-0.08221435546875,nettle,CWE-310,1312
825,498160,0,0,1,0.5033110976219177,0.4966888725757599,-0.0689697265625,-0.08221435546875,nettle,CWE-310,1552
826,216027,1,1,1,0.49696359038352966,0.5030364990234375,-0.08197021484375,-0.06982421875,tar,CWE-476,3123
827,498918,0,1,0,0.49696359038352966,0.5030364990234375,-0.08197021484375,-0.06982421875,tar,CWE-476,3339
828,216126,1,1,1,0.49969482421875,0.50030517578125,-0.07025146484375,-0.06903076171875,openssl,CWE-20,1641
829,500044,0,1,0,0.49969482421875,0.50030517578125,-0.07025146484375,-0.06903076171875,openssl,CWE-20,1670
830,216202,1,1,1,0.4978637397289276,0.5021361708641052,-0.07501220703125,-0.06646728515625,libssh,CWE-399,2415
831,500663,0,1,0,0.4977417290210724,0.50225830078125,-0.07537841796875,-0.06634521484375,libssh,CWE-399,2430
832,216515,1,1,1,0.49571239948272705,0.504287600517273,-0.07672119140625,-0.0595703125,openssl,CWE-362,2379
833,502735,0,1,0,0.4982452392578125,0.5017547607421875,-0.0732421875,-0.06622314453125,openssl,CWE-362,3459
834,216637,1,1,1,0.4987945556640625,0.5012054443359375,-0.07720947265625,-0.0723876953125,guile,CWE-275,729
835,503867,0,1,0,0.4988556206226349,0.5011444091796875,-0.0806884765625,-0.07611083984375,guile,CWE-275,654
836,216654,1,0,0,0.5063930749893188,0.49360692501068115,-0.07275390625,-0.09832763671875,core,CWE-20,4342
837,503985,0,0,1,0.5065761804580688,0.49342384934425354,-0.07159423828125,-0.097900390625,core,CWE-20,4359
838,216701,1,0,0,0.5066066384315491,0.49339330196380615,-0.06549072265625,-0.0919189453125,libtiff,CWE-770,2050
839,504608,0,0,1,0.507384717464447,0.492615282535553,-0.0645751953125,-0.0941162109375,libtiff,CWE-770,2542
840,216726,1,1,1,0.4952241778373718,0.504775881767273,-0.08251953125,-0.06341552734375,openssl,CWE-327,3458
841,505463,0,1,0,0.4952241778373718,0.504775881767273,-0.08251953125,-0.06341552734375,openssl,CWE-327,3470
842,216767,1,0,0,0.5110303163528442,0.48896968364715576,-0.0609130859375,-0.10504150390625,core,CWE-835,1865
843,505654,0,0,1,0.5109311938285828,0.4890688359737396,-0.061126708984375,-0.1048583984375,core,CWE-835,1902
844,216800,1,1,1,0.4989013671875,0.5010986328125,-0.08868408203125,-0.08428955078125,core,CWE-125,330
845,506428,0,1,0,0.499237060546875,0.500762939453125,-0.087890625,-0.0848388671875,core,CWE-125,342
846,216812,1,1,1,0.47867351770401,0.52132648229599,-0.112548828125,-0.027191162109375,openssl,CWE-476,95
847,506696,0,1,0,0.48017019033432007,0.5198298692703247,-0.1064453125,-0.0270843505859375,openssl,CWE-476,132
848,216861,1,0,0,0.5030059218406677,0.4969940483570099,-0.06439208984375,-0.076416015625,openssl,CWE-125,10741
849,507778,0,0,1,0.5030059218406677,0.4969940483570099,-0.06439208984375,-0.076416015625,openssl,CWE-125,10827
850,216903,1,0,0,0.5066829323768616,0.49331703782081604,-0.05859375,-0.0853271484375,server,CWE-476,3525
851,508874,0,0,1,0.5066829323768616,0.49331703782081604,-0.05859375,-0.0853271484375,server,CWE-476,4104
852,216906,1,1,1,0.4794846475124359,0.5205153822898865,-0.1055908203125,-0.0234832763671875,server,CWE-400,155
853,509510,0,1,0,0.48070719838142395,0.5192927718162537,-0.10540771484375,-0.0281982421875,server,CWE-400,164
854,216938,1,0,0,0.5044783353805542,0.4955216646194458,-0.062347412109375,-0.08026123046875,server,CWE-416,15070
855,511472,0,0,1,0.5044783353805542,0.4955216646194458,-0.062347412109375,-0.08026123046875,server,CWE-416,15074
856,216945,1,1,1,0.49791720509529114,0.5020828247070312,-0.0670166015625,-0.058685302734375,server,CWE-617,1828
857,512825,0,1,0,0.49791720509529114,0.5020828247070312,-0.0670166015625,-0.058685302734375,server,CWE-617,2230
858,216946,1,1,1,0.48688048124313354,0.5131195783615112,-0.0911865234375,-0.0386962890625,server,CWE-416,402
859,513202,0,1,0,0.48818424344062805,0.5118157267570496,-0.08984375,-0.042572021484375,server,CWE-416,435
860,216965,1,0,0,0.5045088529586792,0.4954911470413208,-0.057647705078125,-0.07568359375,server,CWE-617,5013
861,514292,0,0,1,0.503684937953949,0.4963150918483734,-0.058807373046875,-0.07354736328125,server,CWE-617,5121
862,217176,1,1,1,0.4970093071460724,0.5029906630516052,-0.07452392578125,-0.06256103515625,monit,CWE-79,1566
863,517437,0,1,0,0.4966431260108948,0.5033568739891052,-0.0762939453125,-0.0628662109375,monit,CWE-79,1551
864,217459,1,0,0,0.510793924331665,0.48920610547065735,-0.047332763671875,-0.09051513671875,JUCE,CWE-59,2024
865,521488,0,0,1,0.5116022229194641,0.4883977472782135,-0.046417236328125,-0.09283447265625,JUCE,CWE-59,2458
866,217547,1,0,0,0.50079345703125,0.49920654296875,-0.07293701171875,-0.07611083984375,libMeshb,CWE-120,6479
867,522329,0,0,1,0.50079345703125,0.49920654296875,-0.07293701171875,-0.07611083984375,libMeshb,CWE-120,6485
868,217551,1,1,1,0.4981384575366974,0.501861572265625,-0.0745849609375,-0.067138671875,elfspirit,CWE-125,37504
869,522438,0,1,0,0.4981384575366974,0.501861572265625,-0.0745849609375,-0.067138671875,elfspirit,CWE-125,37828
