sample_key,idx,target,project,cwe,char_len,line_count,router_pred,router_prob_yes,router_correct,zero_shot_pred,zero_shot_correct,author_no_yes_pred,author_no_yes_correct,yes_only_pred,yes_only_correct,no_only_pred,no_only_correct,icl_pred,icl_correct,old_rag_pred,old_rag_correct,positive_weighted_rag_pred,positive_weighted_rag_correct,balanced_grouped_no_label_bc_pred,balanced_grouped_no_label_bc_correct
idx:194963,194963,1,ImageMagick6,CWE-704,28188,869,1,0.45519698601659675,1,1,1,1,1,1,1,1,1,1,1,1,1,1.0,1.0,1.0,1.0
idx:217569,217569,0,ImageMagick6,CWE-704,28274,871,1,0.6912590324802101,0,1,0,1,0,1,0,1,0,1,0,1,0,1.0,0.0,1.0,0.0
idx:194989,194989,1,ImageMagick6,CWE-190,1693,75,1,0.6080265889695019,1,1,1,1,1,1,1,1,1,1,1,1,1,1.0,1.0,1.0,1.0
idx:218785,218785,0,ImageMagick6,CWE-190,1718,76,1,0.6922308333522103,0,1,0,1,0,1,0,1,0,1,0,1,0,1.0,0.0,1.0,0.0
idx:194994,194994,1,tensorflow,CWE-401,6738,179,1,0.5227669530849195,1,1,1,0,0,0,0,0,0,0,0,0,0,0.0,0.0,0.0,0.0
idx:218852,218852,0,tensorflow,CWE-401,6781,180,1,0.4560838929896466,0,0,1,1,0,1,0,1,0,0,1,0,1,0.0,1.0,0.0,1.0
idx:194996,194996,1,tensorflow,CWE-476,1226,31,1,0.4611189101138252,1,1,1,1,1,1,1,1,1,0,0,0,0,0.0,0.0,0.0,0.0
idx:218933,218933,0,tensorflow,CWE-476,1491,36,1,0.45480188715923636,0,0,1,0,1,0,1,0,1,0,1,0,1,0.0,1.0,0.0,1.0
idx:194998,194998,1,tensorflow,CWE-617,2726,74,1,0.8366375579421749,1,1,1,1,1,1,1,1,1,1,1,1,1,0.0,0.0,1.0,1.0
idx:219032,219032,0,tensorflow,CWE-617,2762,76,1,0.6285569255763929,0,1,0,1,0,1,0,1,0,1,0,0,1,0.0,1.0,1.0,0.0
idx:195017,195017,1,gpac,CWE-476,455,14,1,0.7351863037471216,1,1,1,1,1,1,1,1,1,1,1,1,1,1.0,1.0,1.0,1.0
idx:219912,219912,0,gpac,CWE-476,466,14,1,0.6105956152922991,0,1,0,1,0,1,0,1,0,1,0,1,0,1.0,0.0,1.0,0.0
idx:195019,195019,1,tensorflow,CWE-617,2808,75,1,0.41524768190745487,1,1,1,0,0,0,0,1,1,0,0,0,0,0.0,0.0,1.0,1.0
idx:219931,219931,0,tensorflow,CWE-617,3008,80,0,0.42383444676351206,1,1,0,0,1,0,1,1,0,0,1,0,1,0.0,1.0,1.0,0.0
idx:195022,195022,1,glewlwyd,CWE-287,10298,141,0,0.2992701327937773,0,1,1,1,1,1,1,1,1,1,1,1,1,0.0,0.0,1.0,1.0
idx:219947,219947,0,glewlwyd,CWE-287,9884,137,1,0.6741580080536212,0,1,0,1,0,1,0,1,0,0,1,1,0,1.0,0.0,1.0,0.0
idx:195023,195023,1,tensorflow,CWE-190,5831,144,0,0.42177965691272534,0,1,1,1,1,1,1,1,1,1,1,1,1,1.0,1.0,1.0,1.0
idx:220021,220021,0,tensorflow,CWE-190,5527,132,1,0.5552454238226625,0,1,0,1,0,1,0,1,0,1,0,0,1,1.0,0.0,1.0,0.0
idx:195026,195026,1,linux,CWE-909,1703,78,0,0.3504358506258246,0,1,1,1,1,0,0,0,0,0,0,0,0,0.0,0.0,1.0,1.0
idx:220100,220100,0,linux,CWE-909,1686,78,1,0.464493043403106,0,1,0,1,0,0,1,0,1,0,1,1,0,0.0,1.0,1.0,0.0
idx:195028,195028,1,tensorflow,CWE-401,4634,94,1,0.4836208979809801,1,1,1,1,1,1,1,1,1,0,0,1,1,1.0,1.0,1.0,1.0
idx:220168,220168,0,tensorflow,CWE-401,5125,104,1,0.47612771443323365,0,1,0,1,0,1,0,1,0,0,1,1,0,1.0,0.0,1.0,0.0
idx:195029,195029,1,tensorflow,CWE-125,2052,62,0,0.40234311494942165,0,1,1,1,1,1,1,0,0,0,0,1,1,0.0,0.0,1.0,1.0
idx:220201,220201,0,tensorflow,CWE-125,2328,68,0,0.34546568978475495,1,1,0,1,0,1,0,0,1,1,0,0,1,0.0,1.0,0.0,1.0
idx:195038,195038,1,mruby,CWE-476,877,40,1,0.699018021846892,1,1,1,1,1,1,1,1,1,1,1,1,1,0.0,0.0,1.0,1.0
idx:220442,220442,0,mruby,CWE-476,878,42,1,0.7644912482542929,0,1,0,1,0,1,0,1,0,1,0,1,0,1.0,0.0,1.0,0.0
idx:195039,195039,1,tensorflow,CWE-354,3831,83,1,0.5231627274642796,1,1,1,1,1,1,1,1,1,1,1,1,1,0.0,0.0,1.0,1.0
idx:220449,220449,0,tensorflow,CWE-354,4232,92,0,0.17683989952228138,1,1,0,1,0,1,0,1,0,0,1,1,0,1.0,0.0,1.0,0.0
idx:195040,195040,1,tensorflow,CWE-476,2726,62,1,0.5744503546651456,1,1,1,1,1,1,1,1,1,1,1,0,0,0.0,0.0,1.0,1.0
idx:220463,220463,0,tensorflow,CWE-476,2769,64,1,0.5553106580694113,0,1,0,1,0,1,0,1,0,1,0,0,1,0.0,1.0,1.0,0.0
idx:195055,195055,1,tensorflow,CWE-787,3819,90,0,0.26495944302207797,0,1,1,1,1,1,1,1,1,1,1,1,1,1.0,1.0,1.0,1.0
idx:220804,220804,0,tensorflow,CWE-787,2361,61,0,0.1966569031640343,1,1,0,1,0,1,0,1,0,1,0,1,0,1.0,0.0,1.0,0.0
idx:195056,195056,1,tensorflow,CWE-369,2670,65,1,0.6547611559115668,1,1,1,0,0,1,1,0,0,1,1,1,1,0.0,0.0,0.0,0.0
idx:220841,220841,0,tensorflow,CWE-369,2700,66,1,0.5974859362056191,0,1,0,1,0,1,0,1,0,0,1,1,0,0.0,1.0,1.0,0.0
idx:195059,195059,1,tensorflow,CWE-617,1177,40,1,0.4598969642230411,1,0,0,0,0,0,0,0,0,0,0,0,0,0.0,0.0,0.0,0.0
idx:220909,220909,0,tensorflow,CWE-617,1185,42,0,0.4351888672621142,1,0,1,0,1,0,1,0,1,0,1,0,1,0.0,1.0,1.0,0.0
idx:195063,195063,1,gpac,CWE-476,16506,535,1,0.5042393866988673,1,1,1,1,1,1,1,1,1,1,1,1,1,1.0,1.0,1.0,1.0
idx:220924,220924,0,gpac,CWE-476,16655,541,1,0.4954887946583556,0,1,0,1,0,1,0,1,0,1,0,1,0,1.0,0.0,1.0,0.0
idx:195069,195069,1,gpac,CWE-120,1715,49,1,0.41829671641401794,1,1,1,1,1,1,1,1,1,1,1,1,1,1.0,1.0,1.0,1.0
idx:221079,221079,0,gpac,CWE-120,1731,49,1,0.7339998087547713,0,1,0,1,0,1,0,1,0,1,0,1,0,1.0,0.0,1.0,0.0
idx:195073,195073,1,tensorflow,CWE-416,4701,95,1,0.6227523359964474,1,1,1,1,1,1,1,1,1,0,0,1,1,1.0,1.0,1.0,1.0
idx:221123,221123,0,tensorflow,CWE-416,4663,94,1,0.6458382248685057,0,1,0,1,0,1,0,1,0,0,1,1,0,1.0,0.0,1.0,0.0
idx:195074,195074,1,gpac,CWE-415,2689,83,1,0.5616223186858926,1,1,1,1,1,1,1,1,1,1,1,1,1,1.0,1.0,1.0,1.0
idx:221160,221160,0,gpac,CWE-415,2707,84,1,0.5193342953139432,0,1,0,1,0,1,0,1,0,1,0,1,0,1.0,0.0,1.0,0.0
idx:195082,195082,1,linux,CWE-862,1076,40,1,0.46108840287821057,1,1,1,1,1,1,1,1,1,0,0,0,0,0.0,0.0,1.0,1.0
idx:221413,221413,0,linux,CWE-862,1161,43,0,0.3904705553211611,1,1,0,1,0,0,1,1,0,0,1,1,0,0.0,1.0,1.0,0.0
idx:195083,195083,1,tensorflow,CWE-617,1232,31,1,0.6315431597099244,1,1,1,1,1,1,1,1,1,1,1,1,1,1.0,1.0,1.0,1.0
idx:221428,221428,0,tensorflow,CWE-617,1679,40,1,0.483356514672501,0,1,0,1,0,1,0,1,0,1,0,1,0,0.0,1.0,0.0,1.0
idx:195091,195091,1,tensorflow,CWE-754,2597,57,0,0.4051231400497974,0,0,0,0,0,0,0,0,0,0,0,0,0,0.0,0.0,0.0,0.0
idx:221631,221631,0,tensorflow,CWE-754,2739,61,1,0.542964877714152,0,0,1,0,1,0,1,0,1,0,1,0,1,0.0,1.0,0.0,1.0
idx:195092,195092,1,hermes,CWE-843,2070,64,0,0.255276433944812,0,0,0,0,0,0,0,0,0,0,0,0,0,0.0,0.0,0.0,0.0
idx:221651,221651,0,hermes,CWE-843,2034,64,1,0.7443196107402664,0,0,1,0,1,0,1,0,1,1,0,0,1,0.0,1.0,0.0,1.0
idx:195095,195095,1,e2guardian,CWE-295,3786,118,1,0.6981582761039433,1,1,1,1,1,1,1,1,1,1,1,1,1,1.0,1.0,1.0,1.0
idx:221678,221678,0,e2guardian,CWE-295,3911,122,1,0.6433040013220883,0,1,0,1,0,1,0,1,0,1,0,1,0,1.0,0.0,1.0,0.0
idx:195220,195220,1,tmate-ssh-server,CWE-362,1780,68,1,0.5778937228916541,1,1,1,1,1,1,1,1,1,1,1,1,1,1.0,1.0,1.0,1.0
idx:222666,222666,0,tmate-ssh-server,CWE-362,2025,73,1,0.5970208517281878,0,1,0,1,0,1,0,1,0,0,1,1,0,0.0,1.0,1.0,0.0
idx:195230,195230,1,pjproject,CWE-125,7256,215,1,0.6240578059728141,1,1,1,1,1,1,1,1,1,1,1,1,1,1.0,1.0,1.0,1.0
idx:222737,222737,0,pjproject,CWE-125,7585,231,1,0.46211787485094313,0,1,0,1,0,1,0,1,0,1,0,1,0,1.0,0.0,1.0,0.0
idx:195231,195231,1,gpac,CWE-476,4464,161,1,0.4806530607928732,1,1,1,1,1,1,1,1,1,1,1,1,1,1.0,1.0,1.0,1.0
idx:222739,222739,0,gpac,CWE-476,4475,162,1,0.613097559234351,0,1,0,1,0,1,0,1,0,1,0,1,0,1.0,0.0,1.0,0.0
idx:195233,195233,1,tensorflow,CWE-787,360,10,1,0.481863539616984,1,0,0,0,0,0,0,0,0,0,0,0,0,0.0,0.0,1.0,1.0
idx:222906,222906,0,tensorflow,CWE-787,601,15,1,0.4708378725414987,0,0,1,0,1,0,1,0,1,0,1,0,1,0.0,1.0,0.0,1.0
idx:195234,195234,1,tensorflow,CWE-617,1873,45,1,0.4238597987706821,1,0,0,0,0,0,0,0,0,0,0,0,0,0.0,0.0,0.0,0.0
idx:222925,222925,0,tensorflow,CWE-617,2055,49,1,0.555823441606914,0,0,1,0,1,0,1,0,1,0,1,0,1,0.0,1.0,0.0,1.0
idx:195237,195237,1,ImageMagick,CWE-190,7995,257,1,0.4619910689586754,1,1,1,1,1,1,1,1,1,1,1,1,1,1.0,1.0,1.0,1.0
idx:223089,223089,0,ImageMagick,CWE-190,8029,257,1,0.39362804519936395,0,1,0,1,0,1,0,1,0,0,1,1,0,1.0,0.0,1.0,0.0
idx:195264,195264,1,pcre2,CWE-125,22734,734,1,0.7190662829870118,1,0,0,0,0,0,0,0,0,1,1,0,0,0.0,0.0,0.0,0.0
idx:223368,223368,0,pcre2,CWE-125,22737,734,1,0.7193169889168838,0,0,1,0,1,0,1,0,1,1,0,0,1,0.0,1.0,0.0,1.0
idx:195274,195274,1,tensorflow,CWE-476,4637,118,1,0.7502708375089355,1,1,1,0,0,1,1,0,0,1,1,0,0,0.0,0.0,1.0,1.0
idx:223728,223728,0,tensorflow,CWE-476,4724,121,1,0.5867062546610428,0,1,0,0,1,0,1,0,1,1,0,0,1,0.0,1.0,1.0,0.0
idx:195291,195291,1,tensorflow,CWE-908,3667,87,1,0.4818560385820926,1,1,1,1,1,1,1,1,1,0,0,1,1,1.0,1.0,1.0,1.0
idx:224153,224153,0,tensorflow,CWE-908,3946,93,1,0.6993654336964581,0,1,0,1,0,1,0,1,0,0,1,0,1,0.0,1.0,1.0,0.0
idx:195293,195293,1,mruby,CWE-476,1302,59,1,0.5868483042473843,1,1,1,0,0,1,1,0,0,0,0,0,0,0.0,0.0,0.0,0.0
idx:224154,224154,0,mruby,CWE-476,1318,59,1,0.7260071059789083,0,1,0,0,1,1,0,1,0,0,1,0,1,1.0,0.0,1.0,0.0
idx:195294,195294,1,tensorflow,CWE-843,967,27,0,0.27395483728828596,0,1,1,1,1,1,1,1,1,0,0,0,0,0.0,0.0,1.0,1.0
idx:224181,224181,0,tensorflow,CWE-843,1181,32,1,0.6789410973809642,0,1,0,1,0,1,0,1,0,0,1,0,1,0.0,1.0,1.0,0.0
idx:195295,195295,1,mruby,CWE-125,3885,178,0,0.1632080272009967,0,0,0,0,0,0,0,0,0,0,0,1,1,0.0,0.0,0.0,0.0
idx:224192,224192,0,mruby,CWE-125,3896,178,1,0.5101768732030171,0,0,1,0,1,0,1,0,1,0,1,1,0,0.0,1.0,0.0,1.0
idx:195296,195296,1,uWebSockets,CWE-787,2354,56,0,0.4282183811367769,0,1,1,1,1,1,1,1,1,1,1,1,1,1.0,1.0,1.0,1.0
idx:224208,224208,0,uWebSockets,CWE-787,2571,62,1,0.7621160279046927,0,1,0,1,0,1,0,1,0,1,0,1,0,1.0,0.0,1.0,0.0
idx:195308,195308,1,flatpak,CWE-20,10440,275,0,0.3157907551331658,0,1,1,1,1,1,1,1,1,0,0,1,1,0.0,0.0,1.0,1.0
idx:224277,224277,0,flatpak,CWE-20,10472,276,1,0.7201951824371045,0,1,0,1,0,1,0,1,0,0,1,0,1,0.0,1.0,1.0,0.0
idx:195309,195309,1,squid,CWE-400,11823,346,0,0.13001872000644196,0,1,1,1,1,1,1,1,1,1,1,1,1,1.0,1.0,1.0,1.0
idx:224281,224281,0,squid,CWE-400,11400,338,1,0.8571599398705018,0,1,0,1,0,1,0,1,0,1,0,1,0,1.0,0.0,1.0,0.0
idx:195328,195328,1,gpac,CWE-415,1840,84,1,0.5423406046028304,1,1,1,1,1,1,1,1,1,1,1,1,1,1.0,1.0,1.0,1.0
idx:224472,224472,0,gpac,CWE-415,1840,84,1,0.5577991404673801,0,1,0,1,0,1,0,1,0,1,0,1,0,1.0,0.0,1.0,0.0
idx:195331,195331,1,tensorflow,CWE-843,3246,87,1,0.7329939115573733,1,1,1,1,1,1,1,1,1,1,1,1,1,1.0,1.0,1.0,1.0
idx:224570,224570,0,tensorflow,CWE-843,3248,87,1,0.7330008411757397,0,1,0,1,0,1,0,1,0,1,0,1,0,1.0,0.0,1.0,0.0
idx:195334,195334,1,gpac,CWE-415,2502,74,1,0.5602574817731151,1,1,1,1,1,1,1,1,1,1,1,1,1,1.0,1.0,1.0,1.0
idx:224728,224728,0,gpac,CWE-415,2479,76,1,0.5376754121015006,0,1,0,1,0,1,0,1,0,1,0,1,0,1.0,0.0,1.0,0.0
idx:195340,195340,1,tensorflow,CWE-190,6813,129,1,0.6109341055055768,1,1,1,1,1,1,1,1,1,1,1,0,0,1.0,1.0,1.0,1.0
idx:224862,224862,0,tensorflow,CWE-190,6906,131,1,0.7529018603758618,0,1,0,1,0,1,0,1,0,1,0,0,1,1.0,0.0,1.0,0.0
idx:195343,195343,1,tensorflow,CWE-125,7263,141,1,0.5794042287627599,1,1,1,1,1,1,1,1,1,1,1,1,1,1.0,1.0,1.0,1.0
idx:224891,224891,0,tensorflow,CWE-125,7747,152,1,0.4963972814829779,0,1,0,1,0,1,0,1,0,1,0,1,0,1.0,0.0,1.0,0.0
idx:195385,195385,1,flatpak,CWE-276,3354,89,1,0.5145758939258754,1,1,1,0,0,0,0,0,0,0,0,0,0,0.0,0.0,1.0,1.0
idx:224964,224964,0,flatpak,CWE-276,3627,96,1,0.5449804237867631,0,0,1,0,1,0,1,0,1,0,1,0,1,0.0,1.0,1.0,0.0
idx:195388,195388,1,postgres,CWE-522,46206,1597,0,0.08959810474052238,0,0,0,0,0,0,0,0,0,0,0,0,0,0.0,0.0,0.0,0.0
idx:225062,225062,0,postgres,CWE-522,47132,1623,1,0.6206876257061246,0,0,1,0,1,0,1,0,1,1,0,0,1,0.0,1.0,0.0,1.0
idx:195389,195389,1,tensorflow,CWE-617,699,19,1,0.4526491467214931,1,0,0,0,0,0,0,0,0,0,0,0,0,0.0,0.0,0.0,0.0
idx:225086,225086,0,tensorflow,CWE-617,722,20,0,0.44707017499926066,1,0,1,0,1,0,1,0,1,0,1,0,1,0.0,1.0,0.0,1.0
idx:195391,195391,1,tensorflow,CWE-190,4681,107,1,0.36316569759481027,1,1,1,1,1,1,1,1,1,0,0,1,1,1.0,1.0,1.0,1.0
idx:225125,225125,0,tensorflow,CWE-190,5193,117,1,0.5621880567985883,0,1,0,1,0,1,0,1,0,1,0,1,0,1.0,0.0,1.0,0.0
idx:195398,195398,1,v4l2loopback,CWE-134,1512,49,0,0.3308772925820723,0,1,1,1,1,1,1,1,1,1,1,0,0,1.0,1.0,1.0,1.0
idx:225383,225383,0,v4l2loopback,CWE-134,1518,49,1,0.490826865201626,0,0,1,0,1,1,0,0,1,0,1,1,0,1.0,0.0,1.0,0.0
idx:195399,195399,1,tensorflow,CWE-476,449,14,0,0.4348289175465236,0,1,1,1,1,1,1,1,1,0,0,1,1,1.0,1.0,1.0,1.0
idx:225473,225473,0,tensorflow,CWE-476,508,17,1,0.5042148709326354,0,0,1,0,1,0,1,0,1,0,1,0,1,0.0,1.0,0.0,1.0
idx:195402,195402,1,tensorflow,CWE-190,312,10,1,0.4941077332354917,1,1,1,1,1,1,1,1,1,1,1,1,1,1.0,1.0,1.0,1.0
idx:225547,225547,0,tensorflow,CWE-190,318,10,1,0.6033978072068138,0,1,0,0,1,1,0,1,0,1,0,0,1,1.0,0.0,1.0,0.0
idx:195403,195403,1,tensorflow,CWE-190,260,8,0,0.2422792220471227,0,0,0,0,0,0,0,0,0,0,0,0,0,0.0,0.0,1.0,1.0
idx:225552,225552,0,tensorflow,CWE-190,263,8,1,0.5750022290196546,0,1,0,1,0,1,0,0,1,0,1,1,0,0.0,1.0,1.0,0.0
idx:195404,195404,1,tensorflow,CWE-369,4646,114,1,0.43381527270806847,1,1,1,1,1,1,1,1,1,1,1,1,1,1.0,1.0,1.0,1.0
idx:225563,225563,0,tensorflow,CWE-369,5009,121,1,0.4580730797141068,0,1,0,1,0,1,0,1,0,1,0,1,0,1.0,0.0,1.0,0.0
idx:195405,195405,1,ImageMagick6,CWE-190,7979,259,1,0.5775217992299025,1,1,1,1,1,1,1,1,1,1,1,1,1,1.0,1.0,1.0,1.0
idx:225566,225566,0,ImageMagick6,CWE-190,8015,259,1,0.5255979070721787,0,1,0,1,0,1,0,1,0,0,1,1,0,1.0,0.0,1.0,0.0
idx:195409,195409,1,gpac,CWE-476,269,11,1,0.5962647224523309,1,1,1,1,1,1,1,1,1,1,1,1,1,1.0,1.0,1.0,1.0
idx:226029,226029,0,gpac,CWE-476,279,13,1,0.526757654454994,0,1,0,0,1,1,0,1,0,1,0,1,0,1.0,0.0,1.0,0.0
idx:195410,195410,1,tensorflow,CWE-476,2921,58,0,0.06412484750956891,0,1,1,0,0,0,0,1,1,0,0,1,1,1.0,1.0,1.0,1.0
idx:226433,226433,0,tensorflow,CWE-476,3181,59,0,0.11625778260740827,1,1,0,1,0,0,1,1,0,0,1,1,0,1.0,0.0,1.0,0.0
idx:195471,195471,1,weechat,CWE-476,3200,105,1,0.5534756938505482,1,1,1,1,1,1,1,1,1,0,0,1,1,0.0,0.0,1.0,1.0
idx:227022,227022,0,weechat,CWE-476,3216,105,1,0.7511307690448984,0,1,0,1,0,1,0,1,0,0,1,1,0,0.0,1.0,1.0,0.0
idx:195565,195565,1,hhvm,CWE-119,3314,136,1,0.7438179487333398,1,1,1,1,1,1,1,1,1,1,1,1,1,1.0,1.0,1.0,1.0
idx:228563,228563,0,hhvm,CWE-119,3598,140,1,0.7535514027995215,0,1,0,1,0,1,0,1,0,1,0,1,0,1.0,0.0,1.0,0.0
idx:195626,195626,1,qemu,CWE-787,410,19,1,0.6601450712603547,1,1,1,1,1,1,1,1,1,1,1,1,1,1.0,1.0,1.0,1.0
idx:229165,229165,0,qemu,CWE-787,486,20,1,0.6834439083712112,0,1,0,1,0,1,0,1,0,1,0,1,0,1.0,0.0,1.0,0.0
idx:195629,195629,1,tensorflow,CWE-476,1859,42,1,0.6834829995613504,1,0,0,0,0,1,1,0,0,1,1,0,0,0.0,0.0,0.0,0.0
idx:229337,229337,0,tensorflow,CWE-476,1966,45,0,0.4672137598256957,1,1,0,1,0,0,1,1,0,1,0,0,1,0.0,1.0,0.0,1.0
idx:195665,195665,1,njs,CWE-703,4339,155,1,0.47500463460987596,1,1,1,1,1,1,1,1,1,1,1,1,1,0.0,0.0,1.0,1.0
idx:230302,230302,0,njs,CWE-703,4486,160,1,0.3799143535562219,0,1,0,1,0,1,0,1,0,1,0,1,0,1.0,0.0,1.0,0.0
idx:195670,195670,1,pjproject,CWE-703,3296,121,1,0.5657175834172249,1,1,1,1,1,1,1,1,1,1,1,1,1,1.0,1.0,1.0,1.0
idx:230394,230394,0,pjproject,CWE-703,3343,123,1,0.6568064613813211,0,1,0,1,0,1,0,1,0,1,0,1,0,1.0,0.0,1.0,0.0
idx:195691,195691,1,mruby,CWE-703,51274,1844,0,0.04183146000866858,0,1,1,1,1,1,1,1,1,1,1,1,1,1.0,1.0,1.0,1.0
idx:231012,231012,0,mruby,CWE-703,51202,1841,1,0.461650539124955,0,1,0,1,0,1,0,1,0,1,0,1,0,1.0,0.0,0.0,1.0
idx:195692,195692,1,FreeRTOS-Kernel,CWE-200,2805,55,1,0.5320102249125304,1,1,1,1,1,1,1,1,1,1,1,1,1,1.0,1.0,0.0,0.0
idx:231048,231048,0,FreeRTOS-Kernel,CWE-200,2940,58,1,0.5472568378325964,0,1,0,1,0,1,0,1,0,1,0,1,0,1.0,0.0,0.0,1.0
idx:195720,195720,1,mvfst,CWE-703,3323,80,1,0.5677690745573909,1,1,1,1,1,1,1,1,1,0,0,1,1,0.0,0.0,1.0,1.0
idx:231710,231710,0,mvfst,CWE-703,3434,83,1,0.7935713496983253,0,1,0,0,1,1,0,1,0,1,0,1,0,0.0,1.0,1.0,0.0
idx:195740,195740,1,libjpeg,CWE-703,6317,170,1,0.3899662926797926,1,1,1,1,1,1,1,1,1,0,0,1,1,1.0,1.0,1.0,1.0
idx:232289,232289,0,libjpeg,CWE-703,6336,173,1,0.3979540535321961,0,1,0,1,0,1,0,1,0,0,1,1,0,1.0,0.0,1.0,0.0
idx:195741,195741,1,libjpeg,CWE-703,5436,150,1,0.45469836681000164,1,1,1,1,1,1,1,1,1,0,0,1,1,1.0,1.0,1.0,1.0
idx:232287,232287,0,libjpeg,CWE-703,5449,151,1,0.6212251297313959,0,1,0,1,0,1,0,1,0,1,0,1,0,1.0,0.0,1.0,0.0
idx:195742,195742,1,gpac,CWE-476,15815,498,1,0.5265654599989409,1,1,1,1,1,1,1,1,1,0,0,0,0,1.0,1.0,1.0,1.0
idx:232329,232329,0,gpac,CWE-476,15893,499,1,0.5896267430787946,0,1,0,1,0,1,0,1,0,0,1,1,0,1.0,0.0,1.0,0.0
idx:195752,195752,1,tensorflow,CWE-476,2398,47,1,0.648391015093199,1,1,1,1,1,1,1,1,1,0,0,1,1,1.0,1.0,1.0,1.0
idx:232405,232405,0,tensorflow,CWE-476,2915,58,0,0.4110638522565403,1,1,0,0,1,1,0,1,0,0,1,0,1,0.0,1.0,1.0,0.0
idx:195768,195768,1,tensorflow,CWE-703,1049,23,1,0.5010462791890105,1,1,1,1,1,1,1,1,1,0,0,1,1,1.0,1.0,1.0,1.0
idx:232839,232839,0,tensorflow,CWE-703,1205,26,0,0.35733806970729504,1,1,0,1,0,1,0,1,0,0,1,1,0,0.0,1.0,1.0,0.0
idx:195800,195800,1,deark,CWE-369,1444,47,0,0.2598534432311812,0,1,1,1,1,1,1,1,1,0,0,0,0,0.0,0.0,1.0,1.0
idx:233862,233862,0,deark,CWE-369,1471,49,0,0.3191256571984282,1,1,0,1,0,1,0,1,0,0,1,1,0,0.0,1.0,0.0,1.0
idx:195801,195801,1,php-src,CWE-476,3632,125,1,0.7735612361063933,1,1,1,1,1,1,1,1,1,1,1,1,1,1.0,1.0,1.0,1.0
idx:233867,233867,0,php-src,CWE-476,3633,125,1,0.873683826847629,0,1,0,1,0,1,0,1,0,1,0,1,0,1.0,0.0,1.0,0.0
idx:195908,195908,1,linux,CWE-703,4198,148,1,0.5110891871190542,1,1,1,1,1,1,1,0,0,0,0,1,1,1.0,1.0,1.0,1.0
idx:234731,234731,0,linux,CWE-703,4213,148,1,0.6604936104515956,0,1,0,1,0,1,0,0,1,1,0,1,0,1.0,0.0,1.0,0.0
idx:195909,195909,1,ImageMagick,CWE-125,79137,2411,0,0.1664971599050167,0,1,1,1,1,1,1,1,1,1,1,1,1,1.0,1.0,1.0,1.0
idx:234875,234875,0,ImageMagick,CWE-125,79225,2414,1,0.846972764547933,0,1,0,1,0,1,0,1,0,1,0,1,0,1.0,0.0,1.0,0.0
idx:195954,195954,1,pjproject,CWE-787,983,38,1,0.5764878853312317,1,1,1,1,1,1,1,1,1,1,1,1,1,1.0,1.0,1.0,1.0
idx:235642,235642,0,pjproject,CWE-787,1097,42,1,0.49270210819537735,0,1,0,1,0,1,0,1,0,0,1,0,1,1.0,0.0,1.0,0.0
idx:195965,195965,1,tensorflow,CWE-787,7615,163,0,0.2827809258167288,0,1,1,1,1,1,1,1,1,0,0,1,1,1.0,1.0,1.0,1.0
idx:235765,235765,0,tensorflow,CWE-787,7660,163,0,0.4163040769344755,1,1,0,1,0,1,0,1,0,1,0,1,0,1.0,0.0,1.0,0.0
idx:195984,195984,1,gpac,CWE-703,313,18,0,0.2867193419166579,0,1,1,1,1,1,1,1,1,1,1,1,1,1.0,1.0,1.0,1.0
idx:236125,236125,0,gpac,CWE-703,339,10,1,0.6129906895946601,0,1,0,1,0,1,0,1,0,1,0,1,0,1.0,0.0,1.0,0.0
idx:196276,196276,1,lsquic,CWE-269,1227,33,1,0.3846169599989541,1,0,0,0,0,0,0,0,0,0,0,0,0,0.0,0.0,0.0,0.0
idx:237885,237885,0,lsquic,CWE-269,1305,35,1,0.6474610257965795,0,0,1,0,1,0,1,0,1,0,1,0,1,0.0,1.0,0.0,1.0
idx:196316,196316,1,barebox,CWE-200,292,18,1,0.45375933265984714,1,1,1,1,1,1,1,1,1,0,0,1,1,1.0,1.0,1.0,1.0
idx:238322,238322,0,barebox,CWE-200,305,20,1,0.5678934926259529,0,1,0,0,1,0,1,0,1,0,1,1,0,0.0,1.0,0.0,1.0
idx:196328,196328,1,vim,CWE-416,18096,684,1,0.4518277989541403,1,1,1,1,1,1,1,1,1,0,0,1,1,1.0,1.0,1.0,1.0
idx:238803,238803,0,vim,CWE-416,18162,684,1,0.4576985957683775,0,1,0,1,0,1,0,1,0,1,0,1,0,1.0,0.0,0.0,1.0
idx:196578,196578,1,vim,CWE-787,803,29,1,0.4933055466058467,1,1,1,1,1,1,1,1,1,1,1,1,1,1.0,1.0,1.0,1.0
idx:240276,240276,0,vim,CWE-787,803,29,1,0.39752786967082077,0,1,0,1,0,1,0,1,0,0,1,1,0,1.0,0.0,1.0,0.0
idx:196587,196587,1,tensorflow,CWE-369,3420,69,1,0.5632958847515557,1,1,1,1,1,1,1,1,1,1,1,1,1,1.0,1.0,1.0,1.0
idx:240595,240595,0,tensorflow,CWE-369,3658,75,1,0.6204095837697801,0,1,0,1,0,1,0,1,0,1,0,1,0,1.0,0.0,1.0,0.0
idx:196611,196611,1,booth,CWE-284,1007,50,1,0.5578827104988221,1,0,0,0,0,1,1,0,0,0,0,0,0,0.0,0.0,0.0,0.0
idx:241040,241040,0,booth,CWE-284,1025,50,0,0.3837770131980039,1,0,1,1,0,0,1,0,1,0,1,0,1,0.0,1.0,0.0,1.0
idx:196621,196621,1,mruby,CWE-787,228,10,0,9.532093106707651e-05,0,0,0,0,0,0,0,0,0,0,0,0,0,0.0,0.0,1.0,1.0
idx:241311,241311,0,mruby,CWE-787,273,13,1,0.9739997908360618,0,0,1,0,1,0,1,0,1,0,1,0,1,0.0,1.0,0.0,1.0
idx:196629,196629,1,tensorflow,CWE-354,10045,227,1,0.5748126606630313,1,0,0,0,0,0,0,0,0,0,0,0,0,0.0,0.0,1.0,1.0
idx:241369,241369,0,tensorflow,CWE-354,10312,234,0,0.30492529239253485,1,0,1,1,0,0,1,0,1,0,1,0,1,0.0,1.0,1.0,0.0
idx:196689,196689,1,tensorflow,CWE-703,602,19,1,0.7278528745607539,1,1,1,1,1,1,1,1,1,1,1,1,1,1.0,1.0,1.0,1.0
idx:242619,242619,0,tensorflow,CWE-703,517,17,1,0.3734512432508085,0,0,1,0,1,1,0,0,1,0,1,0,1,1.0,0.0,1.0,0.0
idx:196691,196691,1,gpac,CWE-703,11818,358,0,0.4296615259149011,0,1,1,1,1,1,1,1,1,1,1,0,0,0.0,0.0,1.0,1.0
idx:242637,242637,0,gpac,CWE-703,12031,365,0,0.415479851694368,1,1,0,1,0,1,0,1,0,1,0,0,1,0.0,1.0,0.0,1.0
idx:196698,196698,1,tensorflow,CWE-125,2261,48,1,0.5334149616009243,1,0,0,0,0,0,0,0,0,0,0,0,0,0.0,0.0,1.0,1.0
idx:242899,242899,0,tensorflow,CWE-125,2578,54,0,0.34251037692997544,1,0,1,0,1,0,1,1,0,0,1,0,1,0.0,1.0,0.0,1.0
idx:196705,196705,1,tensorflow,CWE-20,1242,31,1,0.6173552142934006,1,1,1,0,0,1,1,0,0,0,0,0,0,0.0,0.0,1.0,1.0
idx:242926,242926,0,tensorflow,CWE-20,2303,60,0,0.14502003092423837,1,1,0,1,0,0,1,1,0,0,1,0,1,0.0,1.0,1.0,0.0
idx:196790,196790,1,tensorflow,CWE-703,3832,80,1,0.4180066368661104,1,0,0,1,1,1,1,1,1,0,0,0,0,0.0,0.0,1.0,1.0
idx:245140,245140,0,tensorflow,CWE-703,4067,85,0,0.3986388454783887,1,1,0,0,1,0,1,1,0,0,1,0,1,0.0,1.0,1.0,0.0
idx:196801,196801,1,gpac,CWE-703,6017,179,1,0.5217442853647148,1,1,1,1,1,1,1,1,1,1,1,1,1,1.0,1.0,1.0,1.0
idx:245434,245434,0,gpac,CWE-703,6039,179,1,0.7269387407728902,0,1,0,1,0,1,0,1,0,1,0,1,0,1.0,0.0,1.0,0.0
idx:196829,196829,1,tensorflow,CWE-476,869,20,1,0.6238417367206743,1,1,1,1,1,0,0,0,0,0,0,0,0,0.0,0.0,1.0,1.0
idx:245921,245921,0,tensorflow,CWE-476,1071,24,0,0.3232154232478182,1,0,1,0,1,0,1,0,1,0,1,0,1,0.0,1.0,1.0,0.0
idx:196834,196834,1,tensorflow,CWE-125,338,8,0,0.36782175838225223,0,1,1,0,0,0,0,1,1,0,0,0,0,0.0,0.0,1.0,1.0
idx:246207,246207,0,tensorflow,CWE-125,420,10,1,0.6834731332635418,0,0,1,0,1,1,0,0,1,0,1,0,1,0.0,1.0,1.0,0.0
idx:196841,196841,1,furnace,CWE-703,12844,275,1,0.44123094831375026,1,1,1,1,1,1,1,1,1,1,1,1,1,1.0,1.0,1.0,1.0
idx:246237,246237,0,furnace,CWE-703,12980,281,1,0.3962063573526085,0,1,0,1,0,1,0,1,0,1,0,1,0,0.0,1.0,1.0,0.0
idx:196846,196846,1,tensorflow,CWE-369,1159,30,0,0.20928772406366902,0,0,0,0,0,0,0,0,0,0,0,0,0,1.0,1.0,0.0,0.0
idx:246495,246495,0,tensorflow,CWE-369,1915,45,0,0.17058889224222049,1,1,0,1,0,0,1,1,0,1,0,0,1,1.0,0.0,0.0,1.0
idx:196860,196860,1,gpac,CWE-787,1878,66,1,0.6226277625818268,1,1,1,1,1,1,1,1,1,1,1,1,1,1.0,1.0,1.0,1.0
idx:246693,246693,0,gpac,CWE-787,1877,65,1,0.6022353877617777,0,1,0,1,0,1,0,1,0,1,0,1,0,1.0,0.0,1.0,0.0
idx:196885,196885,1,tensorflow,CWE-703,3259,74,1,0.528847308357005,1,1,1,1,1,1,1,1,1,1,1,1,1,0.0,0.0,1.0,1.0
idx:247290,247290,0,tensorflow,CWE-703,3983,88,0,0.24161025914116827,1,1,0,1,0,1,0,1,0,0,1,1,0,1.0,0.0,1.0,0.0
idx:196889,196889,1,rpm,CWE-284,744,38,1,0.5505994897585167,1,1,1,1,1,1,1,0,0,1,1,1,1,1.0,1.0,1.0,1.0
idx:247337,247337,0,rpm,CWE-284,1625,76,0,0.09991846464419327,1,1,0,1,0,1,0,1,0,1,0,1,0,1.0,0.0,1.0,0.0
idx:196893,196893,1,envoy,CWE-362,1618,33,0,0.229030454139172,0,1,1,0,0,0,0,0,0,0,0,1,1,0.0,0.0,1.0,1.0
idx:247550,247550,0,envoy,CWE-362,2972,62,0,0.31223624180822923,1,1,0,1,0,1,0,1,0,0,1,1,0,0.0,1.0,0.0,1.0
idx:196894,196894,1,cryptopp,CWE-399,1059,35,0,0.2358727098546742,0,1,1,1,1,0,0,1,1,1,1,1,1,0.0,0.0,0.0,0.0
idx:247755,247755,0,cryptopp,CWE-399,1215,41,1,0.5592776691358665,0,1,0,0,1,0,1,0,1,1,0,0,1,0.0,1.0,1.0,0.0
idx:196993,196993,1,libjxl,CWE-369,7391,212,1,0.4996993318897618,1,1,1,1,1,1,1,1,1,1,1,1,1,1.0,1.0,1.0,1.0
idx:249510,249510,0,libjxl,CWE-369,7435,214,1,0.6432315863656476,0,1,0,1,0,1,0,1,0,1,0,1,0,1.0,0.0,1.0,0.0
idx:197015,197015,1,gpac,CWE-476,2728,73,1,0.5547055872454159,1,1,1,1,1,1,1,1,1,1,1,1,1,1.0,1.0,1.0,1.0
idx:249989,249989,0,gpac,CWE-476,2973,79,1,0.5813630534732268,0,1,0,1,0,1,0,1,0,1,0,0,1,1.0,0.0,1.0,0.0
idx:197057,197057,1,drogon,CWE-552,883,28,0,0.26249321288102184,0,1,1,1,1,1,1,1,1,1,1,1,1,1.0,1.0,1.0,1.0
idx:250692,250692,0,drogon,CWE-552,959,26,1,0.6371524703250345,0,1,0,1,0,1,0,1,0,1,0,1,0,1.0,0.0,1.0,0.0
idx:197095,197095,1,tensorflow,CWE-369,4283,92,1,0.5677174054112097,1,1,1,0,0,1,1,0,0,0,0,0,0,0.0,0.0,0.0,0.0
idx:251946,251946,0,tensorflow,CWE-369,4315,92,1,0.5858400072613513,0,1,0,1,0,1,0,1,0,0,1,0,1,0.0,1.0,1.0,0.0
idx:197111,197111,1,tinyexr,CWE-20,10037,277,1,0.49555141116474477,1,1,1,1,1,1,1,1,1,1,1,1,1,1.0,1.0,1.0,1.0
idx:252437,252437,0,tinyexr,CWE-20,10240,282,1,0.8342073861282229,0,1,0,1,0,1,0,1,0,1,0,1,0,1.0,0.0,1.0,0.0
idx:197128,197128,1,mruby,CWE-125,3787,174,0,0.2771120490746019,0,0,0,0,0,0,0,0,0,0,0,0,0,0.0,0.0,0.0,0.0
idx:253515,253515,0,mruby,CWE-125,3886,178,1,0.544170788959431,0,0,1,0,1,0,1,0,1,0,1,0,1,0.0,1.0,0.0,1.0
idx:197135,197135,1,linux,CWE-703,6867,280,1,0.5754512979579172,1,1,1,1,1,1,1,1,1,1,1,1,1,1.0,1.0,1.0,1.0
idx:253699,253699,0,linux,CWE-703,6915,282,0,0.3817711926673954,1,1,0,1,0,1,0,1,0,1,0,1,0,1.0,0.0,1.0,0.0
idx:197142,197142,1,tensorflow,CWE-476,2320,56,1,0.5705508810417562,1,1,1,1,1,1,1,1,1,1,1,0,0,1.0,1.0,1.0,1.0
idx:253970,253970,0,tensorflow,CWE-476,4946,99,0,0.11450033419299832,1,1,0,1,0,1,0,1,0,1,0,0,1,1.0,0.0,1.0,0.0
idx:197185,197185,1,FFmpeg,CWE-252,1566,48,0,0.36433487456694713,0,1,1,1,1,1,1,1,1,1,1,1,1,1.0,1.0,1.0,1.0
idx:255032,255032,0,FFmpeg,CWE-252,1611,50,1,0.7367694330345356,0,1,0,1,0,1,0,1,0,1,0,1,0,1.0,0.0,1.0,0.0
idx:197223,197223,1,njs,CWE-787,1138,57,1,0.4573650451156725,1,1,1,1,1,1,1,1,1,1,1,1,1,1.0,1.0,1.0,1.0
idx:255574,255574,0,njs,CWE-787,1139,57,1,0.7213684391885372,0,1,0,1,0,1,0,1,0,1,0,1,0,0.0,1.0,1.0,0.0
idx:197239,197239,1,tensorflow,CWE-20,5096,109,1,0.4120991644070625,1,1,1,1,1,1,1,1,1,1,1,1,1,1.0,1.0,1.0,1.0
idx:255787,255787,0,tensorflow,CWE-20,5427,119,0,0.3494661675363366,1,1,0,1,0,1,0,1,0,1,0,1,0,1.0,0.0,1.0,0.0
idx:197242,197242,1,tensorflow,CWE-908,9667,206,0,0.3760192964097918,0,1,1,1,1,1,1,1,1,0,0,1,1,1.0,1.0,1.0,1.0
idx:255807,255807,0,tensorflow,CWE-908,10123,213,1,0.4437736485612085,0,1,0,1,0,1,0,1,0,0,1,0,1,1.0,0.0,1.0,0.0
idx:197247,197247,1,tensorflow,CWE-369,2523,63,1,0.7346090113876953,1,0,0,0,0,1,1,0,0,1,1,0,0,0.0,0.0,0.0,0.0
idx:255932,255932,0,tensorflow,CWE-369,3318,80,1,0.49955923276835557,0,1,0,0,1,0,1,0,1,1,0,0,1,0.0,1.0,0.0,1.0
idx:197262,197262,1,tensorflow,CWE-125,4354,107,0,0.4019856075680241,0,1,1,1,1,1,1,1,1,0,0,0,0,1.0,1.0,1.0,1.0
idx:256138,256138,0,tensorflow,CWE-125,4710,116,0,0.20662239930156365,1,1,0,1,0,0,1,0,1,0,1,0,1,1.0,0.0,1.0,0.0
idx:197305,197305,1,pjproject,CWE-200,839,29,1,0.5473974103216176,1,1,1,1,1,1,1,1,1,1,1,1,1,1.0,1.0,1.0,1.0
idx:256441,256441,0,pjproject,CWE-200,1449,48,0,0.20810929715607807,1,1,0,1,0,1,0,1,0,0,1,0,1,1.0,0.0,1.0,0.0
idx:197318,197318,1,tensorflow,CWE-703,418,9,1,0.5857901974743558,1,0,0,0,0,0,0,0,0,1,1,0,0,0.0,0.0,1.0,1.0
idx:256587,256587,0,tensorflow,CWE-703,552,11,1,0.37530483074554427,0,0,1,1,0,0,1,0,1,0,1,0,1,0.0,1.0,0.0,1.0
idx:197326,197326,1,tensorflow,CWE-703,2300,56,1,0.5894220062753754,1,1,1,0,0,1,1,1,1,0,0,0,0,0.0,0.0,0.0,0.0
idx:256947,256947,0,tensorflow,CWE-703,2375,58,1,0.6589382964362258,0,1,0,1,0,1,0,1,0,0,1,0,1,0.0,1.0,0.0,1.0
idx:197359,197359,1,tensorflow,CWE-703,4992,125,1,0.4923577049968044,1,1,1,1,1,1,1,1,1,0,0,1,1,1.0,1.0,1.0,1.0
idx:257461,257461,0,tensorflow,CWE-703,5002,125,1,0.424107611621796,0,1,0,1,0,1,0,1,0,0,1,1,0,0.0,1.0,0.0,1.0
idx:197395,197395,1,tensorflow,CWE-369,1647,45,1,0.6101162070842446,1,0,0,0,0,0,0,0,0,0,0,0,0,0.0,0.0,0.0,0.0
idx:258082,258082,0,tensorflow,CWE-369,1900,51,1,0.5513236419275376,0,0,1,0,1,0,1,0,1,0,1,0,1,0.0,1.0,0.0,1.0
idx:197466,197466,1,tensorflow,CWE-476,3703,90,1,0.6808066065845841,1,1,1,1,1,1,1,1,1,0,0,0,0,0.0,0.0,1.0,1.0
idx:259081,259081,0,tensorflow,CWE-476,3979,97,1,0.4569954603237922,0,1,0,1,0,1,0,1,0,0,1,0,1,1.0,0.0,1.0,0.0
idx:197499,197499,1,gpac,CWE-416,3101,96,0,0.05494950348859129,0,1,1,1,1,1,1,1,1,1,1,1,1,1.0,1.0,1.0,1.0
idx:259515,259515,0,gpac,CWE-416,3091,103,0,0.04500064331032455,1,1,0,1,0,1,0,1,0,1,0,1,0,1.0,0.0,1.0,0.0
idx:197511,197511,1,libjpeg,CWE-787,1103,35,0,0.41671561817112945,0,1,1,1,1,1,1,1,1,1,1,1,1,0.0,0.0,1.0,1.0
idx:259619,259619,0,libjpeg,CWE-787,1217,34,0,0.4299944380556052,1,1,0,0,1,1,0,1,0,0,1,0,1,0.0,1.0,1.0,0.0
idx:197517,197517,1,glewlwyd,CWE-787,7137,150,0,0.40196350619918353,0,1,1,1,1,1,1,1,1,1,1,1,1,1.0,1.0,1.0,1.0
idx:230147,230147,0,glewlwyd,CWE-787,7404,157,1,0.4535070869967452,0,1,0,1,0,1,0,1,0,1,0,1,0,1.0,0.0,1.0,0.0
idx:197518,197518,1,tensorflow,CWE-703,3191,68,1,0.5465869363023553,1,1,1,1,1,1,1,1,1,1,1,0,0,1.0,1.0,1.0,1.0
idx:259732,259732,0,tensorflow,CWE-703,3595,74,1,0.5660515745439214,0,1,0,1,0,1,0,1,0,1,0,0,1,1.0,0.0,1.0,0.0
idx:197565,197565,1,wolfMQTT,CWE-787,7554,241,1,0.5582180167851472,1,1,1,1,1,1,1,1,1,1,1,1,1,0.0,0.0,1.0,1.0
idx:261220,261220,0,wolfMQTT,CWE-787,7575,242,1,0.755281612405061,0,1,0,1,0,1,0,1,0,1,0,0,1,0.0,1.0,1.0,0.0
idx:197593,197593,1,njs,CWE-416,1335,51,1,0.5913825093573065,1,1,1,1,1,1,1,1,1,1,1,1,1,1.0,1.0,1.0,1.0
idx:261769,261769,0,njs,CWE-416,1410,55,1,0.49872072452727606,0,1,0,1,0,1,0,1,0,1,0,1,0,1.0,0.0,1.0,0.0
idx:197666,197666,1,njs,CWE-703,4494,174,0,0.4049510507140834,0,1,1,1,1,1,1,1,1,0,0,0,0,0.0,0.0,1.0,1.0
idx:262721,262721,0,njs,CWE-703,4564,177,1,0.6440351075121147,0,1,0,1,0,1,0,1,0,1,0,1,0,0.0,1.0,1.0,0.0
idx:197719,197719,1,tensorflow,CWE-125,2111,45,1,0.44004880730846835,1,1,1,1,1,1,1,1,1,0,0,1,1,1.0,1.0,1.0,1.0
idx:262803,262803,0,tensorflow,CWE-125,2419,51,1,0.8366499459276068,0,1,0,1,0,1,0,1,0,1,0,1,0,1.0,0.0,1.0,0.0
idx:197748,197748,1,tensorflow,CWE-703,2247,65,1,0.6818737030155443,1,1,1,1,1,1,1,1,1,1,1,1,1,1.0,1.0,1.0,1.0
idx:263382,263382,0,tensorflow,CWE-703,2266,65,1,0.6967220259620456,0,1,0,1,0,1,0,1,0,1,0,1,0,1.0,0.0,1.0,0.0
idx:197760,197760,1,tensorflow,CWE-125,1030,24,1,0.579788328659356,1,1,1,0,0,0,0,0,0,0,0,0,0,0.0,0.0,0.0,0.0
idx:263521,263521,0,tensorflow,CWE-125,1424,35,1,0.45317610135039044,0,1,0,1,0,1,0,1,0,0,1,0,1,1.0,0.0,1.0,0.0
idx:197796,197796,1,qemu,CWE-703,4407,140,1,0.5464874564330181,1,1,1,1,1,1,1,1,1,1,1,1,1,1.0,1.0,1.0,1.0
idx:187732,187732,0,qemu,CWE-264,4695,147,1,0.6272889249098401,0,1,0,1,0,1,0,1,0,1,0,1,0,1.0,0.0,1.0,0.0
idx:197801,197801,1,tensorflow,CWE-345,1688,45,1,0.5813769724393697,1,1,1,1,1,1,1,1,1,0,0,0,0,0.0,0.0,1.0,1.0
idx:264367,264367,0,tensorflow,CWE-345,2392,61,0,0.32334650048501024,1,1,0,1,0,1,0,1,0,0,1,1,0,1.0,0.0,1.0,0.0
idx:197824,197824,1,gpac,CWE-416,1090,36,1,0.5290068916568277,1,1,1,1,1,1,1,1,1,1,1,1,1,1.0,1.0,1.0,1.0
idx:264657,264657,0,gpac,CWE-416,1309,42,1,0.523236056488277,0,1,0,1,0,1,0,1,0,1,0,1,0,1.0,0.0,1.0,0.0
idx:197826,197826,1,tensorflow,CWE-824,2329,70,0,0.3175597859098343,0,0,0,0,0,0,0,0,0,0,0,0,0,0.0,0.0,0.0,0.0
idx:264715,264715,0,tensorflow,CWE-824,2427,71,1,0.6879128067522015,0,0,1,0,1,0,1,0,1,0,1,0,1,0.0,1.0,0.0,1.0
idx:197893,197893,1,tensorflow,CWE-703,568,11,1,0.7087595292444291,1,1,1,1,1,1,1,0,0,0,0,0,0,0.0,0.0,1.0,1.0
idx:265432,265432,0,tensorflow,CWE-703,1006,23,1,0.40695777363582547,0,1,0,1,0,1,0,1,0,1,0,1,0,1.0,0.0,1.0,0.0
idx:197973,197973,1,crun,CWE-276,3429,93,1,0.44455972543475075,1,1,1,1,1,1,1,1,1,0,0,0,0,1.0,1.0,1.0,1.0
idx:267357,267357,0,crun,CWE-276,3362,93,0,0.3884196727623041,1,1,0,0,1,1,0,1,0,0,1,0,1,1.0,0.0,1.0,0.0
idx:197998,197998,1,tensorflow,CWE-703,2727,64,1,0.7244226594279372,1,1,1,1,1,1,1,1,1,1,1,1,1,1.0,1.0,1.0,1.0
idx:267917,267917,0,tensorflow,CWE-703,2873,66,1,0.5993053221095043,0,1,0,1,0,1,0,1,0,1,0,1,0,1.0,0.0,1.0,0.0
idx:198010,198010,1,radare2,CWE-125,7850,310,1,0.4855902815430934,1,1,1,1,1,1,1,1,1,1,1,1,1,1.0,1.0,1.0,1.0
idx:267985,267985,0,radare2,CWE-125,7883,310,1,0.6434611027953487,0,1,0,1,0,1,0,1,0,1,0,1,0,1.0,0.0,1.0,0.0
idx:198013,198013,1,tensorflow,CWE-703,11099,231,0,0.357793552454631,0,1,1,1,1,1,1,1,1,0,0,1,1,0.0,0.0,1.0,1.0
idx:268104,268104,0,tensorflow,CWE-703,11370,236,0,0.37431074037969475,1,1,0,1,0,1,0,1,0,0,1,1,0,0.0,1.0,1.0,0.0
idx:198116,198116,1,tensorflow,CWE-125,3054,69,1,0.5397290801219278,1,1,1,1,1,1,1,1,1,1,1,1,1,1.0,1.0,1.0,1.0
idx:269323,269323,0,tensorflow,CWE-125,3684,82,0,0.11081299954803539,1,1,0,1,0,0,1,1,0,0,1,1,0,1.0,0.0,1.0,0.0
idx:198117,198117,1,tensorflow,CWE-476,6758,129,1,0.6241499205788484,1,1,1,1,1,1,1,1,1,1,1,1,1,1.0,1.0,1.0,1.0
idx:269330,269330,0,tensorflow,CWE-476,7257,141,1,0.4826797044324115,0,1,0,1,0,1,0,1,0,1,0,1,0,1.0,0.0,1.0,0.0
idx:198161,198161,1,ImageMagick,CWE-125,16319,486,1,0.47861892377501253,1,1,1,1,1,1,1,1,1,1,1,1,1,1.0,1.0,1.0,1.0
idx:269941,269941,0,ImageMagick,CWE-125,16370,487,1,0.6967817395447834,0,1,0,1,0,1,0,1,0,1,0,1,0,1.0,0.0,1.0,0.0
idx:198169,198169,1,tensorflow,CWE-369,237,5,1,0.6422605884418995,1,1,1,1,1,1,1,1,1,1,1,1,1,1.0,1.0,1.0,1.0
idx:270119,270119,0,tensorflow,CWE-369,278,6,1,0.43783063650858933,0,0,1,0,1,0,1,0,1,0,1,0,1,0.0,1.0,0.0,1.0
idx:198239,198239,1,barebox,CWE-200,1384,65,1,0.6915116054628578,1,1,1,1,1,1,1,1,1,1,1,1,1,1.0,1.0,1.0,1.0
idx:270767,270767,0,barebox,CWE-200,1388,65,1,0.3520796928815284,0,1,0,1,0,0,1,0,1,0,1,1,0,1.0,0.0,0.0,1.0
idx:198259,198259,1,tensorflow,CWE-369,1647,33,1,0.6187324276645275,1,1,1,1,1,0,0,0,0,0,0,1,1,1.0,1.0,1.0,1.0
idx:270922,270922,0,tensorflow,CWE-369,1859,39,0,0.42234535575001464,1,1,0,1,0,0,1,1,0,0,1,1,0,1.0,0.0,1.0,0.0
idx:198282,198282,1,tensorflow,CWE-369,4587,100,1,0.5358488601956465,1,1,1,1,1,1,1,1,1,1,1,0,0,0.0,0.0,1.0,1.0
idx:271526,271526,0,tensorflow,CWE-369,4881,106,1,0.581710014537523,0,1,0,1,0,1,0,1,0,1,0,0,1,0.0,1.0,1.0,0.0
idx:198350,198350,1,owntone-server,CWE-416,2487,87,1,0.4679376966549166,1,1,1,1,1,1,1,1,1,1,1,1,1,1.0,1.0,1.0,1.0
idx:273091,273091,0,owntone-server,CWE-416,2738,95,0,0.23046524460757248,1,1,0,0,1,0,1,0,1,0,1,1,0,0.0,1.0,0.0,1.0
idx:198374,198374,1,tensorflow,CWE-703,5377,124,1,0.5505637193786457,1,1,1,1,1,1,1,1,1,0,0,0,0,0.0,0.0,1.0,1.0
idx:273407,273407,0,tensorflow,CWE-703,8690,183,0,0.024109074099632442,1,1,0,1,0,1,0,1,0,1,0,1,0,1.0,0.0,1.0,0.0
idx:198399,198399,1,uftpd,CWE-787,890,29,1,0.4661177707660117,1,1,1,1,1,1,1,1,1,1,1,1,1,1.0,1.0,1.0,1.0
idx:273880,273880,0,uftpd,CWE-787,905,29,1,0.6387509143571535,0,1,0,1,0,1,0,1,0,1,0,1,0,1.0,0.0,1.0,0.0
idx:198439,198439,1,mruby,CWE-288,50746,1828,0,0.05472977631470887,0,1,1,1,1,1,1,1,1,1,1,1,1,0.0,0.0,1.0,1.0
idx:274773,274773,0,mruby,CWE-288,50746,1828,1,0.7196997244944389,0,1,0,1,0,1,0,1,0,1,0,1,0,1.0,0.0,1.0,0.0
idx:198449,198449,1,pjproject,CWE-787,1767,65,1,0.6263104945682152,1,1,1,1,1,1,1,1,1,1,1,1,1,1.0,1.0,1.0,1.0
idx:274814,274814,0,pjproject,CWE-787,1988,70,1,0.6543234020114929,0,1,0,1,0,1,0,1,0,1,0,1,0,1.0,0.0,1.0,0.0
idx:198452,198452,1,tensorflow,CWE-703,1722,37,1,0.49625994507599147,1,1,1,0,0,0,0,0,0,0,0,0,0,0.0,0.0,0.0,0.0
idx:274865,274865,0,tensorflow,CWE-703,1608,35,1,0.6866483068379429,0,1,0,0,1,0,1,0,1,0,1,0,1,0.0,1.0,0.0,1.0
idx:198476,198476,1,njs,CWE-416,2245,86,0,0.2813942600956015,0,1,1,1,1,1,1,1,1,1,1,1,1,1.0,1.0,1.0,1.0
idx:275525,275525,0,njs,CWE-416,2071,77,1,0.5572295251896229,0,1,0,1,0,1,0,1,0,0,1,0,1,0.0,1.0,1.0,0.0
idx:198499,198499,1,micro-ecc,CWE-415,2725,73,1,0.6001487625690595,1,1,1,1,1,1,1,1,1,1,1,1,1,1.0,1.0,1.0,1.0
idx:275987,275987,0,micro-ecc,CWE-415,3068,82,0,0.46967646957579723,1,1,0,1,0,1,0,1,0,1,0,1,0,1.0,0.0,1.0,0.0
idx:198523,198523,1,tensorflow,CWE-416,1155,28,1,0.6279578880655319,1,1,1,1,1,1,1,1,1,1,1,1,1,1.0,1.0,1.0,1.0
idx:276447,276447,0,tensorflow,CWE-416,1233,29,1,0.764816879615125,0,1,0,1,0,1,0,1,0,1,0,1,0,1.0,0.0,1.0,0.0
idx:198545,198545,1,u-boot,CWE-787,2210,106,1,0.5166493494661767,1,1,1,1,1,1,1,1,1,0,0,0,0,1.0,1.0,1.0,1.0
idx:276921,276921,0,u-boot,CWE-787,2212,106,1,0.4811827934942563,0,1,0,1,0,1,0,1,0,0,1,1,0,1.0,0.0,1.0,0.0
idx:198556,198556,1,mruby,CWE-703,1634,63,1,0.7084211412577428,1,1,1,1,1,1,1,1,1,1,1,1,1,1.0,1.0,1.0,1.0
idx:276993,276993,0,mruby,CWE-703,1845,70,1,0.48986221091867144,0,1,0,1,0,1,0,1,0,1,0,1,0,1.0,0.0,1.0,0.0
idx:198566,198566,1,libmobi,CWE-787,2248,59,0,0.37306547320290684,0,1,1,1,1,1,1,1,1,1,1,1,1,1.0,1.0,1.0,1.0
idx:277489,277489,0,libmobi,CWE-787,2092,55,0,0.43952160927462486,1,1,0,1,0,1,0,1,0,1,0,1,0,1.0,0.0,1.0,0.0
idx:198662,198662,1,vim,CWE-787,1308,53,1,0.5782361296622953,1,1,1,1,1,1,1,1,1,1,1,1,1,1.0,1.0,1.0,1.0
idx:279948,279948,0,vim,CWE-787,1360,55,0,0.37672843813290663,1,1,0,1,0,1,0,1,0,0,1,1,0,1.0,0.0,1.0,0.0
idx:198692,198692,1,ipsec,CWE-125,1471,66,1,0.4856796326059669,1,1,1,1,1,1,1,1,1,1,1,1,1,1.0,1.0,1.0,1.0
idx:281119,281119,0,ipsec,CWE-125,1566,72,1,0.7004012376406548,0,1,0,1,0,1,0,1,0,1,0,1,0,1.0,0.0,1.0,0.0
idx:198695,198695,1,MilkyTracker,CWE-787,8477,415,1,0.4434079594780559,1,1,1,1,1,1,1,1,1,1,1,1,1,1.0,1.0,1.0,1.0
idx:281247,281247,0,MilkyTracker,CWE-787,8590,419,1,0.44706997083594585,0,1,0,1,0,1,0,1,0,1,0,1,0,1.0,0.0,1.0,0.0
idx:198703,198703,1,LibRaw,CWE-189,1410,50,1,0.5873636172377346,1,1,1,1,1,1,1,1,1,1,1,1,1,1.0,1.0,1.0,1.0
idx:281662,281662,0,LibRaw,CWE-189,1419,51,0,0.2831646046117468,1,1,0,1,0,1,0,1,0,0,1,1,0,1.0,0.0,1.0,0.0
idx:198736,198736,1,linux,CWE-401,638,24,1,0.5832879863652055,1,1,1,1,1,1,1,1,1,1,1,1,1,1.0,1.0,1.0,1.0
idx:282862,282862,0,linux,CWE-401,660,25,1,0.4845213133772347,0,1,0,1,0,1,0,1,0,0,1,1,0,0.0,1.0,1.0,0.0
idx:198743,198743,1,LuaJIT,CWE-125,1384,50,0,0.3910623702533668,0,1,1,1,1,1,1,0,0,0,0,0,0,0.0,0.0,0.0,0.0
idx:282984,282984,0,LuaJIT,CWE-125,1412,51,1,0.5333324887996571,0,1,0,1,0,1,0,0,1,0,1,0,1,0.0,1.0,0.0,1.0
idx:198927,198927,1,radare2,CWE-125,1947,76,1,0.6255528037310453,1,1,1,1,1,1,1,1,1,1,1,1,1,1.0,1.0,1.0,1.0
idx:285157,285157,0,radare2,CWE-125,2155,83,0,0.3037463197492549,1,1,0,1,0,1,0,1,0,0,1,1,0,1.0,0.0,1.0,0.0
idx:198983,198983,1,swtpm,CWE-125,1134,36,1,0.5665575349231958,1,1,1,1,1,1,1,1,1,1,1,1,1,1.0,1.0,1.0,1.0
idx:286739,286739,0,swtpm,CWE-125,1391,45,0,0.31433354416564724,1,1,0,1,0,1,0,1,0,0,1,1,0,1.0,0.0,1.0,0.0
idx:199159,199159,1,linux,CWE-362,2961,96,1,0.5057707449605127,1,1,1,1,1,1,1,1,1,0,0,1,1,1.0,1.0,1.0,1.0
idx:289293,289293,0,linux,CWE-362,2969,96,1,0.6238068536308443,0,1,0,1,0,1,0,1,0,0,1,1,0,1.0,0.0,1.0,0.0
idx:199712,199712,1,linux,CWE-415,152,7,0,0.3376202464023825,0,0,0,0,0,0,0,0,0,0,0,0,0,0.0,0.0,1.0,1.0
idx:291761,291761,0,linux,CWE-415,225,9,0,0.4202114782450198,1,0,1,0,1,0,1,0,1,0,1,0,1,0.0,1.0,0.0,1.0
idx:199767,199767,1,hexchat,CWE-22,2721,101,0,0.04599338998692082,0,1,1,1,1,1,1,1,1,1,1,1,1,1.0,1.0,1.0,1.0
idx:292205,292205,0,hexchat,CWE-22,1809,60,1,0.6275683696661393,0,1,0,1,0,1,0,1,0,1,0,1,0,1.0,0.0,1.0,0.0
idx:199778,199778,1,puma,CWE-444,19279,953,0,0.07005007656840885,0,1,1,1,1,1,1,0,0,1,1,1,1,1.0,1.0,0.0,0.0
idx:292609,292609,0,puma,CWE-444,19424,960,0,0.03415448627675889,1,1,0,1,0,1,0,1,0,1,0,1,0,1.0,0.0,0.0,1.0
idx:199833,199833,1,chafa,CWE-476,15134,336,1,0.48707236257241493,1,1,1,1,1,1,1,1,1,1,1,1,1,1.0,1.0,1.0,1.0
idx:293496,293496,0,chafa,CWE-476,15337,342,1,0.49281118015663483,0,1,0,1,0,1,0,1,0,1,0,1,0,1.0,0.0,1.0,0.0
idx:199836,199836,1,pjproject,CWE-125,308,16,0,0.36028760995328984,0,1,1,1,1,1,1,1,1,1,1,1,1,0.0,0.0,1.0,1.0
idx:293522,293522,0,pjproject,CWE-125,393,21,0,0.26268598803858273,1,0,1,0,1,0,1,1,0,0,1,0,1,0.0,1.0,0.0,1.0
idx:199841,199841,1,radare2,CWE-476,1665,70,0,0.39714390255499243,0,1,1,1,1,1,1,1,1,1,1,1,1,0.0,0.0,1.0,1.0
idx:293750,293750,0,radare2,CWE-476,1681,72,1,0.46841044547017135,0,1,0,1,0,1,0,1,0,0,1,1,0,0.0,1.0,1.0,0.0
idx:199851,199851,1,vim,CWE-787,5582,218,1,0.5904940704258045,1,1,1,1,1,1,1,1,1,0,0,0,0,0.0,0.0,1.0,1.0
idx:293939,293939,0,vim,CWE-787,5668,223,1,0.550056381790647,0,1,0,1,0,1,0,1,0,0,1,1,0,0.0,1.0,1.0,0.0
idx:199952,199952,1,MilkyTracker,CWE-787,19139,790,0,0.14263188368601878,0,1,1,1,1,1,1,1,1,1,1,1,1,1.0,1.0,1.0,1.0
idx:295887,295887,0,MilkyTracker,CWE-787,19161,790,1,0.5580340108919881,0,1,0,1,0,1,0,1,0,1,0,1,0,1.0,0.0,1.0,0.0
idx:199984,199984,1,vim,CWE-416,31245,1121,1,0.5853829462191829,1,1,1,1,1,1,1,1,1,1,1,1,1,1.0,1.0,1.0,1.0
idx:296226,296226,0,vim,CWE-416,31465,1132,0,0.30263260417351917,1,0,1,1,0,1,0,1,0,0,1,1,0,0.0,1.0,1.0,0.0
idx:200113,200113,1,ImageMagick,CWE-787,6670,243,1,0.6024871956228298,1,1,1,1,1,1,1,1,1,1,1,1,1,1.0,1.0,1.0,1.0
idx:299319,299319,0,ImageMagick,CWE-787,6690,243,1,0.5416630091245915,0,1,0,1,0,1,0,1,0,0,1,1,0,1.0,0.0,1.0,0.0
idx:200157,200157,1,exim,CWE-264,13171,426,1,0.4268623010424904,1,1,1,1,1,1,1,1,1,1,1,1,1,1.0,1.0,1.0,1.0
idx:299905,299905,0,exim,CWE-264,13109,426,1,0.7369135257885261,0,1,0,1,0,1,0,1,0,1,0,1,0,1.0,0.0,1.0,0.0
idx:200163,200163,1,linux,CWE-200,875,41,1,0.5741061780755177,1,1,1,1,1,1,1,1,1,1,1,1,1,1.0,1.0,1.0,1.0
idx:299976,299976,0,linux,CWE-200,895,42,1,0.6431238704013351,0,1,0,1,0,1,0,1,0,1,0,1,0,1.0,0.0,1.0,0.0
idx:200287,200287,1,linux,CWE-200,3449,121,1,0.6592232481643581,1,1,1,1,1,1,1,0,0,0,0,0,0,0.0,0.0,1.0,1.0
idx:300731,300731,0,linux,CWE-200,3487,123,1,0.5410554546958628,0,1,0,1,0,1,0,1,0,0,1,1,0,0.0,1.0,1.0,0.0
idx:200305,200305,1,ghostpdl,CWE-787,1184,34,1,0.4177218257151597,1,1,1,0,0,1,1,1,1,1,1,1,1,1.0,1.0,1.0,1.0
idx:301016,301016,0,ghostpdl,CWE-787,1184,34,1,0.5768858429284204,0,1,0,0,1,1,0,1,0,1,0,1,0,1.0,0.0,1.0,0.0
idx:200320,200320,1,samba,CWE-665,8888,330,0,0.28781578551169873,0,1,1,1,1,1,1,1,1,0,0,0,0,0.0,0.0,1.0,1.0
idx:301429,301429,0,samba,CWE-665,8880,330,1,0.6274075362773864,0,1,0,1,0,1,0,1,0,0,1,0,1,0.0,1.0,1.0,0.0
idx:200323,200323,1,vim,CWE-787,39409,1430,1,0.5020967859582933,1,0,0,1,1,1,1,0,0,0,0,1,1,0.0,0.0,0.0,0.0
idx:301481,301481,0,vim,CWE-787,39439,1431,1,0.7093926300602267,0,0,1,1,0,1,0,0,1,0,1,1,0,1.0,0.0,0.0,1.0
idx:200379,200379,1,radare2,CWE-476,761,25,1,0.5029804975613943,1,1,1,1,1,1,1,1,1,1,1,1,1,1.0,1.0,1.0,1.0
idx:302095,302095,0,radare2,CWE-476,786,25,1,0.6241293306076585,0,1,0,1,0,1,0,1,0,1,0,0,1,0.0,1.0,0.0,1.0
idx:200695,200695,1,linux,CWE-401,674,28,1,0.5684103233235874,1,1,1,1,1,1,1,1,1,1,1,1,1,1.0,1.0,1.0,1.0
idx:308163,308163,0,linux,CWE-401,686,29,1,0.6408925196629068,0,1,0,1,0,1,0,1,0,0,1,0,1,0.0,1.0,0.0,1.0
idx:200781,200781,1,ncurses,CWE-787,1139,63,0,0.4523806845863771,0,1,1,1,1,1,1,1,1,1,1,1,1,1.0,1.0,1.0,1.0
idx:309831,309831,0,ncurses,CWE-787,1187,66,1,0.6475538360300472,0,1,0,1,0,1,0,1,0,1,0,1,0,1.0,0.0,1.0,0.0
idx:200895,200895,1,vim,CWE-703,1117,43,0,0.16721112784296002,0,1,1,1,1,0,0,1,1,0,0,0,0,0.0,0.0,0.0,0.0
idx:312399,312399,0,vim,CWE-703,1303,52,1,0.5846365739458186,0,1,0,1,0,1,0,1,0,0,1,0,1,0.0,1.0,1.0,0.0
idx:200934,200934,1,libvirt,CWE-212,1308,43,0,0.29892423504739335,0,0,0,0,0,0,0,0,0,0,0,0,0,0.0,0.0,0.0,0.0
idx:313134,313134,0,libvirt,CWE-212,1385,44,1,0.618381437800792,0,0,1,0,1,0,1,0,1,0,1,0,1,0.0,1.0,0.0,1.0
idx:200976,200976,1,vim,CWE-787,895,39,1,0.5350058366104302,1,1,1,1,1,1,1,1,1,1,1,1,1,1.0,1.0,1.0,1.0
idx:313850,313850,0,vim,CWE-787,996,46,1,0.6036654867668312,0,1,0,1,0,1,0,1,0,1,0,1,0,1.0,0.0,1.0,0.0
idx:201007,201007,1,pjproject,CWE-787,1492,63,0,0.38756351772202696,0,1,1,1,1,1,1,1,1,1,1,1,1,1.0,1.0,1.0,1.0
idx:314536,314536,0,pjproject,CWE-787,1617,72,0,0.38697118043297757,1,1,0,1,0,1,0,1,0,1,0,1,0,1.0,0.0,1.0,0.0
idx:201343,201343,1,linux,CWE-416,204,6,0,0.3291582742294048,0,0,0,1,1,1,1,1,1,0,0,0,0,0.0,0.0,1.0,1.0
idx:317271,317271,0,linux,CWE-416,203,6,1,0.4226440828522543,0,0,1,1,0,1,0,1,0,0,1,0,1,0.0,1.0,1.0,0.0
idx:201353,201353,1,wireless-drivers,CWE-415,1417,59,0,0.22033201643260286,0,1,1,1,1,0,0,1,1,1,1,0,0,0.0,0.0,1.0,1.0
idx:318099,318099,0,wireless-drivers,CWE-415,1400,58,1,0.7001049874744198,0,1,0,1,0,1,0,1,0,1,0,0,1,0.0,1.0,1.0,0.0
idx:201382,201382,1,gerbv,CWE-787,7874,233,1,0.45708480708163884,1,1,1,1,1,1,1,1,1,1,1,1,1,1.0,1.0,1.0,1.0
idx:318781,318781,0,gerbv,CWE-787,7886,234,1,0.7101426276168775,0,1,0,1,0,1,0,1,0,1,0,1,0,1.0,0.0,1.0,0.0
idx:201384,201384,1,vim,CWE-787,762,40,1,0.7189605497083635,1,1,1,0,0,1,1,0,0,0,0,0,0,0.0,0.0,0.0,0.0
idx:318962,318962,0,vim,CWE-787,763,40,1,0.5915300262863098,0,0,1,0,1,0,1,0,1,0,1,0,1,0.0,1.0,0.0,1.0
idx:201451,201451,1,ImageMagick6,CWE-787,15672,418,1,0.4908254517141878,1,1,1,1,1,1,1,1,1,1,1,1,1,1.0,1.0,1.0,1.0
idx:319422,319422,0,ImageMagick6,CWE-787,15774,420,1,0.5142352485082027,0,1,0,1,0,1,0,1,0,0,1,1,0,1.0,0.0,1.0,0.0
idx:201872,201872,1,gnutls,CWE-310,4749,184,0,0.24761977393893472,0,1,1,1,1,1,1,1,1,0,0,1,1,1.0,1.0,1.0,1.0
idx:325821,325821,0,gnutls,CWE-310,4790,184,1,0.660967744541264,0,1,0,1,0,1,0,1,0,0,1,1,0,1.0,0.0,1.0,0.0
idx:201885,201885,1,vim,CWE-416,34450,1486,0,0.33973095209422877,0,1,1,1,1,1,1,1,1,0,0,1,1,0.0,0.0,1.0,1.0
idx:326119,326119,0,vim,CWE-416,34649,1495,1,0.7666441023972851,0,1,0,1,0,0,1,0,1,0,1,1,0,0.0,1.0,1.0,0.0
idx:201913,201913,1,libarchive,CWE-59,2210,95,1,0.3922766216597704,1,0,0,0,0,0,0,0,0,0,0,0,0,0.0,0.0,0.0,0.0
idx:326629,326629,0,libarchive,CWE-59,2229,96,1,0.6004906477193057,0,0,1,0,1,0,1,1,0,0,1,0,1,0.0,1.0,0.0,1.0
idx:201925,201925,1,linux,CWE-476,1188,60,1,0.43351454971392844,1,1,1,1,1,1,1,1,1,0,0,0,0,0.0,0.0,1.0,1.0
idx:326914,326914,0,linux,CWE-476,1317,69,0,0.3517253870149173,1,1,0,0,1,1,0,1,0,0,1,0,1,0.0,1.0,1.0,0.0
idx:202081,202081,1,vim,CWE-787,19946,764,1,0.47116371634659787,1,1,1,1,1,1,1,1,1,0,0,1,1,1.0,1.0,1.0,1.0
idx:328807,328807,0,vim,CWE-787,20005,766,1,0.47102250426184306,0,1,0,1,0,1,0,1,0,1,0,1,0,0.0,1.0,1.0,0.0
idx:202082,202082,1,radare2,CWE-125,1105,28,0,0.3828588216341743,0,1,1,1,1,1,1,1,1,1,1,1,1,1.0,1.0,1.0,1.0
idx:328836,328836,0,radare2,CWE-125,1167,32,1,0.5440938970204873,0,1,0,1,0,1,0,1,0,1,0,1,0,1.0,0.0,1.0,0.0
idx:202125,202125,1,cairo,CWE-787,2943,119,1,0.685084873892265,1,1,1,1,1,1,1,1,1,1,1,1,1,1.0,1.0,1.0,1.0
idx:329925,329925,0,cairo,CWE-787,2984,119,1,0.6174852729389056,0,1,0,1,0,1,0,1,0,1,0,1,0,1.0,0.0,1.0,0.0
idx:202256,202256,1,qtbase,CWE-787,9164,235,0,0.4260976620198706,0,1,1,1,1,1,1,1,1,0,0,1,1,1.0,1.0,1.0,1.0
idx:331760,331760,0,qtbase,CWE-787,9188,235,0,0.42623900476673365,1,1,0,1,0,1,0,1,0,0,1,1,0,1.0,0.0,1.0,0.0
idx:202276,202276,1,vim,CWE-787,3371,136,1,0.43442893147563,1,1,1,1,1,1,1,1,1,1,1,1,1,1.0,1.0,1.0,1.0
idx:332375,332375,0,vim,CWE-787,3119,121,1,0.6494371377000058,0,1,0,1,0,1,0,1,0,1,0,1,0,1.0,0.0,1.0,0.0
idx:202304,202304,1,vim,CWE-122,1179,50,1,0.3885676802839146,1,1,1,1,1,1,1,1,1,1,1,1,1,1.0,1.0,1.0,1.0
idx:333041,333041,0,vim,CWE-122,1239,51,1,0.7484522310876988,0,1,0,1,0,1,0,1,0,1,0,1,0,1.0,0.0,1.0,0.0
idx:202392,202392,1,php-src,CWE-119,978,38,1,0.5477353317629142,1,1,1,1,1,1,1,1,1,1,1,1,1,1.0,1.0,1.0,1.0
idx:333503,333503,0,php-src,CWE-119,1008,39,1,0.55306268531137,0,1,0,1,0,1,0,1,0,0,1,1,0,1.0,0.0,1.0,0.0
idx:202659,202659,1,net,CWE-125,2044,77,0,0.23827329379695653,0,1,1,1,1,1,1,1,1,1,1,1,1,1.0,1.0,1.0,1.0
idx:336106,336106,0,net,CWE-125,2085,79,1,0.5231007527627561,0,1,0,1,0,1,0,1,0,1,0,1,0,1.0,0.0,1.0,0.0
idx:202677,202677,1,qemu,CWE-369,1213,49,0,0.26199256252113434,0,1,1,1,1,0,0,1,1,0,0,1,1,1.0,1.0,1.0,1.0
idx:336484,336484,0,qemu,CWE-369,1354,54,1,0.6125751287537314,0,1,0,1,0,1,0,1,0,0,1,1,0,1.0,0.0,1.0,0.0
idx:202688,202688,1,ghostpdl,CWE-787,522,19,1,0.644096217864145,1,1,1,1,1,1,1,1,1,1,1,1,1,1.0,1.0,1.0,1.0
idx:336807,336807,0,ghostpdl,CWE-787,920,26,1,0.46555659699605667,0,1,0,1,0,1,0,1,0,0,1,1,0,0.0,1.0,1.0,0.0
idx:202708,202708,1,vim,CWE-476,576,26,1,0.49568479626020107,1,0,0,0,0,0,0,0,0,0,0,0,0,0.0,0.0,0.0,0.0
idx:337374,337374,0,vim,CWE-476,602,26,1,0.5578545713901183,0,0,1,0,1,0,1,0,1,0,1,0,1,0.0,1.0,0.0,1.0
idx:202719,202719,1,linux,CWE-704,1222,44,1,0.5414485508716776,1,1,1,1,1,1,1,1,1,0,0,1,1,1.0,1.0,1.0,1.0
idx:337848,337848,0,linux,CWE-704,1244,44,1,0.4335690958823376,0,1,0,1,0,1,0,1,0,0,1,1,0,1.0,0.0,1.0,0.0
idx:202748,202748,1,ImageMagick,CWE-772,13504,416,1,0.46492772971441665,1,1,1,1,1,1,1,1,1,1,1,1,1,1.0,1.0,1.0,1.0
idx:338747,338747,0,ImageMagick,CWE-772,13644,418,0,0.3481075736311357,1,1,0,1,0,1,0,1,0,0,1,1,0,1.0,0.0,1.0,0.0
idx:202783,202783,1,php-src,CWE-119,349,18,1,0.531684434516114,1,1,1,1,1,1,1,1,1,1,1,1,1,1.0,1.0,1.0,1.0
idx:339712,339712,0,php-src,CWE-119,562,26,1,0.6359272619529031,0,1,0,1,0,1,0,1,0,1,0,1,0,1.0,0.0,1.0,0.0
idx:202822,202822,1,ghostpdl,CWE-787,1080,46,0,0.42905077999332314,0,1,1,1,1,1,1,1,1,1,1,1,1,1.0,1.0,1.0,1.0
idx:341817,341817,0,ghostpdl,CWE-787,1279,51,1,0.5827155697886016,0,1,0,1,0,1,0,1,0,1,0,1,0,1.0,0.0,1.0,0.0
idx:202888,202888,1,linux,CWE-787,1898,86,1,0.5124845382081971,1,1,1,1,1,1,1,1,1,1,1,1,1,1.0,1.0,1.0,1.0
idx:343175,343175,0,linux,CWE-787,2029,91,1,0.5504139379002266,0,1,0,1,0,1,0,1,0,1,0,1,0,0.0,1.0,1.0,0.0
idx:202889,202889,1,linux,CWE-787,1844,85,1,0.5373919004101496,1,1,1,1,1,1,1,1,1,1,1,1,1,1.0,1.0,1.0,1.0
idx:343158,343158,0,linux,CWE-787,1975,90,1,0.5004329256255032,0,1,0,1,0,1,0,1,0,1,0,1,0,1.0,0.0,1.0,0.0
idx:202892,202892,1,pure-ftpd,CWE-434,7610,260,0,0.2395394029614609,0,1,1,1,1,1,1,1,1,1,1,0,0,1.0,1.0,1.0,1.0
idx:343298,343298,0,pure-ftpd,CWE-434,7569,259,1,0.8733545288816603,0,1,0,1,0,1,0,1,0,0,1,1,0,1.0,0.0,1.0,0.0
idx:202943,202943,1,lua,CWE-787,434,12,0,0.3414781301894906,0,0,0,0,0,0,0,0,0,0,0,0,0,0.0,0.0,0.0,0.0
idx:344242,344242,0,lua,CWE-787,531,15,1,0.48195355784412747,0,0,1,0,1,0,1,0,1,0,1,0,1,0.0,1.0,0.0,1.0
idx:203614,203614,1,linux,CWE-703,1582,73,1,0.565932188460166,1,1,1,1,1,1,1,1,1,1,1,1,1,1.0,1.0,1.0,1.0
idx:345131,345131,0,linux,CWE-703,1585,73,1,0.6631388036922805,0,1,0,1,0,1,0,1,0,1,0,1,0,1.0,0.0,1.0,0.0
idx:203902,203902,1,vim,CWE-703,2749,116,1,0.7222182304402018,1,1,1,1,1,1,1,1,1,1,1,1,1,0.0,0.0,1.0,1.0
idx:346415,346415,0,vim,CWE-703,2775,117,1,0.5274866885157328,0,1,0,1,0,1,0,1,0,0,1,1,0,1.0,0.0,1.0,0.0
idx:204016,204016,1,squashfs-tools,CWE-200,3355,132,1,0.5326217983389833,1,1,1,1,1,1,1,1,1,1,1,1,1,1.0,1.0,1.0,1.0
idx:349259,349259,0,squashfs-tools,CWE-200,3559,138,1,0.7740545132892782,0,1,0,1,0,1,0,1,0,1,0,0,1,1.0,0.0,1.0,0.0
idx:204017,204017,1,squashfs-tools,CWE-200,3363,132,1,0.7226462682470489,1,1,1,1,1,1,1,1,1,1,1,0,0,1.0,1.0,1.0,1.0
idx:349259#dup2,349259,0,squashfs-tools,CWE-200,3559,138,0,0.01651667108905719,1,1,0,1,0,1,0,1,0,1,0,1,0,,,,
idx:204019,204019,1,squashfs-tools,CWE-200,3071,118,1,0.710694110664645,1,1,1,1,1,1,1,1,1,1,1,0,0,1.0,1.0,1.0,1.0
idx:349251,349251,0,squashfs-tools,CWE-200,3267,124,1,0.7860444633863759,0,1,0,1,0,1,0,1,0,1,0,0,1,1.0,0.0,1.0,0.0
idx:204032,204032,1,linux,CWE-772,348,17,1,0.6808345552017121,1,1,1,1,1,1,1,1,1,1,1,1,1,1.0,1.0,1.0,1.0
idx:349528,349528,0,linux,CWE-772,385,20,0,0.321859891254188,1,0,1,1,0,1,0,1,0,0,1,1,0,1.0,0.0,1.0,0.0
idx:204036,204036,1,net,CWE-787,1016,50,0,0.3404462415840809,0,1,1,1,1,1,1,0,0,0,0,1,1,1.0,1.0,1.0,1.0
idx:349888,349888,0,net,CWE-787,1284,60,1,0.5660257322390284,0,1,0,1,0,1,0,0,1,0,1,1,0,1.0,0.0,1.0,0.0
idx:204073,204073,1,shapelib,CWE-415,737,37,1,0.5033763898557515,1,1,1,1,1,1,1,1,1,1,1,1,1,0.0,0.0,1.0,1.0
idx:351182,351182,0,shapelib,CWE-415,719,36,1,0.6674222092932324,0,1,0,1,0,1,0,1,0,1,0,1,0,1.0,0.0,1.0,0.0
idx:204115,204115,1,openldap,CWE-617,3567,161,1,0.6278162375375752,1,1,1,1,1,1,1,1,1,1,1,1,1,1.0,1.0,1.0,1.0
idx:353015,353015,0,openldap,CWE-617,3647,163,1,0.5691107330227325,0,1,0,1,0,1,0,1,0,1,0,1,0,1.0,0.0,1.0,0.0
idx:204137,204137,1,poppler,CWE-369,6800,201,1,0.4826749127451748,1,1,1,1,1,1,1,1,1,1,1,1,1,1.0,1.0,1.0,1.0
idx:353124,353124,0,poppler,CWE-369,6992,205,1,0.6292644873807162,0,1,0,1,0,1,0,1,0,1,0,1,0,1.0,0.0,1.0,0.0
idx:204195,204195,1,pjproject,CWE-125,558,19,0,0.39256549565946475,0,1,1,1,1,1,1,1,1,1,1,1,1,1.0,1.0,1.0,1.0
idx:355014,355014,0,pjproject,CWE-125,784,26,1,0.6570609756496544,0,1,0,1,0,1,0,1,0,1,0,1,0,1.0,0.0,1.0,0.0
idx:204243,204243,1,vim,CWE-787,6093,271,1,0.37482967764592856,1,0,0,0,0,0,0,0,0,0,0,0,0,0.0,0.0,1.0,1.0
idx:355649,355649,0,vim,CWE-787,6349,283,1,0.4529796247948337,0,0,1,0,1,1,0,1,0,0,1,0,1,0.0,1.0,1.0,0.0
idx:204278,204278,1,firejail,CWE-94,876,32,1,0.508267430275552,1,1,1,0,0,1,1,1,1,1,1,1,1,1.0,1.0,1.0,1.0
idx:356170,356170,0,firejail,CWE-94,970,35,1,0.6654011449212877,0,1,0,1,0,1,0,1,0,1,0,1,0,1.0,0.0,1.0,0.0
idx:204351,204351,1,squirrel,CWE-125,1824,47,0,0.32105654785957477,0,1,1,1,1,0,0,1,1,1,1,1,1,0.0,0.0,1.0,1.0
idx:357668,357668,0,squirrel,CWE-125,1893,50,1,0.732431363749545,0,1,0,1,0,1,0,1,0,1,0,1,0,0.0,1.0,1.0,0.0
idx:204412,204412,1,bpf,CWE-787,1123,42,0,0.1423958486048784,0,1,1,1,1,1,1,1,1,0,0,0,0,1.0,1.0,0.0,0.0
idx:359206,359206,0,bpf,CWE-787,1164,45,1,0.5019367317254922,0,1,0,1,0,1,0,1,0,0,1,1,0,1.0,0.0,1.0,0.0
idx:204425,204425,1,frr,CWE-125,2808,107,0,0.07143886397200494,0,1,1,1,1,1,1,1,1,1,1,1,1,1.0,1.0,1.0,1.0
idx:359365,359365,0,frr,CWE-125,3211,105,0,0.1160920109526884,1,1,0,1,0,1,0,1,0,1,0,1,0,1.0,0.0,1.0,0.0
idx:204438,204438,1,ImageMagick,CWE-617,16612,475,1,0.6997324672483535,1,1,1,1,1,1,1,1,1,1,1,1,1,1.0,1.0,1.0,1.0
idx:359843,359843,0,ImageMagick,CWE-617,16656,476,1,0.6722308884260355,0,1,0,1,0,1,0,1,0,1,0,0,1,1.0,0.0,1.0,0.0
idx:204495,204495,1,linux,CWE-193,636,21,1,0.46974019546930096,1,1,1,1,1,1,1,1,1,0,0,1,1,1.0,1.0,1.0,1.0
idx:360829,360829,0,linux,CWE-193,637,21,1,0.720031389431886,0,0,1,0,1,0,1,0,1,0,1,0,1,0.0,1.0,0.0,1.0
idx:204534,204534,1,admesh,CWE-125,2388,76,1,0.6153594630416863,1,1,1,1,1,1,1,1,1,1,1,1,1,1.0,1.0,1.0,1.0
idx:361303,361303,0,admesh,CWE-125,2431,75,1,0.6256748308499512,0,1,0,1,0,1,0,1,0,0,1,1,0,1.0,0.0,1.0,0.0
idx:204535,204535,1,admesh,CWE-125,620,16,0,0.4260626670723393,0,1,1,0,0,1,1,1,1,0,0,0,0,1.0,1.0,1.0,1.0
idx:361298,361298,0,admesh,CWE-125,650,20,1,0.41858162537146304,0,1,0,0,1,0,1,0,1,0,1,0,1,1.0,0.0,1.0,0.0
idx:204544,204544,1,linux,CWE-416,8029,297,1,0.6116088812721059,1,1,1,1,1,1,1,1,1,1,1,1,1,1.0,1.0,1.0,1.0
idx:361755,361755,0,linux,CWE-416,8029,297,1,0.5944152003067155,0,1,0,1,0,1,0,1,0,1,0,1,0,1.0,0.0,1.0,0.0
idx:204814,204814,1,linux,CWE-703,827,35,1,0.48050054489239596,1,1,1,1,1,1,1,1,1,0,0,1,1,0.0,0.0,1.0,1.0
idx:365760,365760,0,linux,CWE-703,827,35,1,0.5159298011171726,0,1,0,1,0,1,0,1,0,0,1,1,0,0.0,1.0,1.0,0.0
idx:204830,204830,1,linux,CWE-200,422,17,1,0.6456029514227053,1,0,0,0,0,1,1,0,0,0,0,1,1,0.0,0.0,1.0,1.0
idx:366223,366223,0,linux,CWE-200,637,30,0,0.15387755168430733,1,0,1,0,1,0,1,0,1,0,1,1,0,0.0,1.0,1.0,0.0
idx:205630,205630,1,linux,CWE-94,1193,42,1,0.5194607422889895,1,0,0,0,0,0,0,0,0,0,0,0,0,0.0,0.0,0.0,0.0
idx:369215,369215,0,linux,CWE-94,1218,43,1,0.5168363360887159,0,0,1,0,1,0,1,0,1,0,1,0,1,0.0,1.0,0.0,1.0
idx:205734,205734,1,rizin,CWE-787,1196,65,1,0.39174238395696614,1,1,1,1,1,1,1,1,1,1,1,1,1,1.0,1.0,1.0,1.0
idx:371185,371185,0,rizin,CWE-787,1209,63,1,0.5807545148928216,0,1,0,1,0,1,0,1,0,1,0,1,0,1.0,0.0,1.0,0.0
idx:205736,205736,1,linux,CWE-834,110,4,0,0.46071943321935005,0,0,0,0,0,0,0,0,0,0,0,0,0,0.0,0.0,0.0,0.0
idx:371226,371226,0,linux,CWE-834,137,5,1,0.6787871621579579,0,0,1,0,1,0,1,0,1,0,1,0,1,0.0,1.0,0.0,1.0
idx:205806,205806,1,Singular,CWE-269,1794,88,1,0.46418590870528464,1,1,1,1,1,1,1,1,1,1,1,1,1,1.0,1.0,1.0,1.0
idx:372352,372352,0,Singular,CWE-269,1744,87,1,0.6550428953754048,0,1,0,1,0,1,0,1,0,1,0,1,0,1.0,0.0,1.0,0.0
idx:205823,205823,1,ovs,CWE-401,991,25,1,0.45008793532912633,1,0,0,0,0,1,1,1,1,0,0,0,0,0.0,0.0,0.0,0.0
idx:373535,373535,0,ovs,CWE-401,1051,27,1,0.71191431365117,0,1,0,0,1,0,1,0,1,1,0,0,1,0.0,1.0,1.0,0.0
idx:206025,206025,1,evolution-data-server,CWE-200,295,11,0,0.29131758398935576,0,0,0,0,0,0,0,0,0,0,0,0,0,0.0,0.0,0.0,0.0
idx:376350,376350,0,evolution-data-server,CWE-200,583,23,1,0.7031212483682798,0,0,1,0,1,0,1,0,1,0,1,0,1,0.0,1.0,0.0,1.0
idx:206043,206043,1,gimp,CWE-125,7841,274,1,0.4186043245247327,1,1,1,1,1,1,1,1,1,1,1,1,1,1.0,1.0,1.0,1.0
idx:376678,376678,0,gimp,CWE-125,7880,275,1,0.6952967573684933,0,1,0,1,0,1,0,1,0,1,0,1,0,1.0,0.0,1.0,0.0
idx:206044,206044,1,tigervnc,CWE-672,2972,130,1,0.43612445382164733,1,1,1,1,1,1,1,1,1,1,1,1,1,1.0,1.0,1.0,1.0
idx:376682,376682,0,tigervnc,CWE-672,3002,131,1,0.7373904924903609,0,1,0,1,0,1,0,1,0,1,0,1,0,1.0,0.0,1.0,0.0
idx:206262,206262,1,vim,CWE-787,9072,362,1,0.5624410194317966,1,1,1,1,1,1,1,1,1,0,0,1,1,1.0,1.0,1.0,1.0
idx:379334,379334,0,vim,CWE-787,9168,364,1,0.5642559504156035,0,1,0,1,0,1,0,1,0,0,1,1,0,1.0,0.0,1.0,0.0
idx:206273,206273,1,radare2,CWE-416,5477,177,1,0.6088340240137547,1,1,1,1,1,1,1,1,1,1,1,1,1,0.0,0.0,0.0,0.0
idx:379671,379671,0,radare2,CWE-416,5476,177,1,0.6743995201932297,0,1,0,0,1,1,0,1,0,1,0,1,0,0.0,1.0,0.0,1.0
idx:206417,206417,1,vim,CWE-787,10082,400,0,0.3952780550839004,0,0,0,0,0,0,0,0,0,0,0,1,1,0.0,0.0,0.0,0.0
idx:380955,380955,0,vim,CWE-787,10110,400,1,0.49976224176800005,0,0,1,0,1,0,1,0,1,0,1,0,1,0.0,1.0,1.0,0.0
idx:206555,206555,1,php-src,CWE-119,400,24,0,0.44870729891880007,0,1,1,1,1,1,1,1,1,1,1,1,1,0.0,0.0,1.0,1.0
idx:382797,382797,0,php-src,CWE-119,400,24,1,0.6045398405987434,0,1,0,1,0,0,1,1,0,1,0,1,0,0.0,1.0,1.0,0.0
idx:206588,206588,1,php-src,CWE-119,1594,84,0,0.0824915253705821,0,1,1,1,1,1,1,1,1,1,1,1,1,1.0,1.0,1.0,1.0
idx:383316,383316,0,php-src,CWE-119,1467,71,0,0.15881532909159937,1,1,0,1,0,1,0,1,0,1,0,1,0,1.0,0.0,1.0,0.0
idx:206625,206625,1,raptor,CWE-787,8295,220,1,0.5665464403076617,1,1,1,1,1,1,1,1,1,1,1,1,1,1.0,1.0,1.0,1.0
idx:384124,384124,0,raptor,CWE-787,8301,221,1,0.7351789380099583,0,1,0,1,0,1,0,1,0,1,0,1,0,1.0,0.0,1.0,0.0
idx:206639,206639,1,linux,CWE-703,1465,64,1,0.42850063556682655,1,1,1,1,1,1,1,1,1,0,0,1,1,0.0,0.0,1.0,1.0
idx:384201,384201,0,linux,CWE-703,1517,66,1,0.5308224093498447,0,1,0,1,0,1,0,1,0,0,1,1,0,0.0,1.0,1.0,0.0
idx:206670,206670,1,nbdkit,CWE-924,18843,536,0,0.2688178855936411,0,1,1,1,1,1,1,1,1,0,0,0,0,1.0,1.0,1.0,1.0
idx:384677,384677,0,nbdkit,CWE-924,19005,539,1,0.7761464570633697,0,1,0,1,0,1,0,1,0,1,0,1,0,1.0,0.0,1.0,0.0
idx:206676,206676,1,vim,CWE-122,6235,242,1,0.5205761612802349,1,0,0,0,0,1,1,0,0,0,0,0,0,0.0,0.0,0.0,0.0
idx:384767,384767,0,vim,CWE-122,6183,241,1,0.5322098555092216,0,0,1,1,0,0,1,0,1,0,1,0,1,0.0,1.0,0.0,1.0
idx:206677,206677,1,vim,CWE-703,5339,211,1,0.4052001461205549,1,1,1,1,1,1,1,1,1,1,1,0,0,1.0,1.0,0.0,0.0
idx:384803,384803,0,vim,CWE-703,5340,211,1,0.6640554122550656,0,1,0,1,0,1,0,1,0,1,0,0,1,1.0,0.0,1.0,0.0
idx:206771,206771,1,qcad,CWE-191,1260,39,1,0.6071006094359864,1,1,1,1,1,1,1,1,1,1,1,1,1,1.0,1.0,1.0,1.0
idx:386565,386565,0,qcad,CWE-191,1296,39,1,0.6060159877597031,0,1,0,1,0,1,0,1,0,1,0,1,0,1.0,0.0,1.0,0.0
idx:206781,206781,1,linux,CWE-476,2044,70,1,0.501010198570023,1,1,1,1,1,1,1,1,1,1,1,1,1,1.0,1.0,1.0,1.0
idx:386750,386750,0,linux,CWE-476,2081,71,0,0.4187759443723006,1,1,0,1,0,1,0,1,0,0,1,1,0,1.0,0.0,1.0,0.0
idx:206815,206815,1,ImageMagick,CWE-125,5146,161,1,0.4807124394972889,1,1,1,1,1,1,1,1,1,1,1,1,1,1.0,1.0,1.0,1.0
idx:387149,387149,0,ImageMagick,CWE-125,5182,161,1,0.434240862159789,0,1,0,1,0,1,0,1,0,0,1,1,0,1.0,0.0,0.0,1.0
idx:206845,206845,1,linux,CWE-125,352,14,1,0.44201827206418515,1,0,0,0,0,0,0,0,0,0,0,0,0,0.0,0.0,0.0,0.0
idx:387593,387593,0,linux,CWE-125,352,14,1,0.5121748082920148,0,0,1,0,1,0,1,0,1,0,1,0,1,0.0,1.0,0.0,1.0
idx:206942,206942,1,vim,CWE-125,3520,158,1,0.6808234631293046,1,1,1,1,1,1,1,1,1,1,1,1,1,1.0,1.0,1.0,1.0
idx:389676,389676,0,vim,CWE-125,3822,170,1,0.7642156250251353,0,1,0,1,0,1,0,1,0,1,0,1,0,1.0,0.0,1.0,0.0
idx:206946,206946,1,jasper,CWE-703,4177,168,0,0.3446910554582407,0,1,1,1,1,1,1,1,1,0,0,1,1,0.0,0.0,0.0,0.0
idx:389760,389760,0,jasper,CWE-703,4234,170,1,0.5412507083636321,0,1,0,1,0,1,0,1,0,0,1,1,0,0.0,1.0,0.0,1.0
idx:207068,207068,1,linux,CWE-120,422,24,1,0.49779043153322705,1,1,1,1,1,1,1,1,1,1,1,1,1,1.0,1.0,1.0,1.0
idx:391627,391627,0,linux,CWE-120,400,23,0,0.28794025093706027,1,1,0,0,1,0,1,1,0,0,1,0,1,0.0,1.0,1.0,0.0
idx:207069,207069,1,linux,CWE-120,415,23,0,0.2508278800178742,0,1,1,1,1,0,0,1,1,1,1,1,1,1.0,1.0,1.0,1.0
idx:391628,391628,0,linux,CWE-120,393,22,0,0.1427797331509548,1,0,1,0,1,0,1,1,0,0,1,0,1,1.0,0.0,1.0,0.0
idx:207150,207150,1,squirrel,CWE-703,600,18,1,0.5208466904777909,1,1,1,1,1,1,1,1,1,1,1,0,0,0.0,0.0,0.0,0.0
idx:393528,393528,0,squirrel,CWE-703,650,19,1,0.5800959749282852,0,1,0,1,0,1,0,1,0,1,0,0,1,1.0,0.0,1.0,0.0
idx:207461,207461,1,autotrace,CWE-787,10784,354,1,0.5000558495247319,1,1,1,1,1,1,1,1,1,1,1,1,1,1.0,1.0,1.0,1.0
idx:397644,397644,0,autotrace,CWE-787,10785,354,1,0.8198067397769288,0,1,0,1,0,1,0,1,0,1,0,1,0,1.0,0.0,1.0,0.0
idx:207520,207520,1,rizin,CWE-787,1456,39,1,0.4177554037510248,1,1,1,1,1,1,1,1,1,1,1,1,1,0.0,0.0,1.0,1.0
idx:398518,398518,0,rizin,CWE-787,1498,41,1,0.5310848818952111,0,1,0,1,0,1,0,1,0,1,0,1,0,1.0,0.0,1.0,0.0
idx:207700,207700,1,EternalTerminal,CWE-362,225,7,1,0.6867675245237287,1,1,1,1,1,1,1,1,1,1,1,1,1,1.0,1.0,1.0,1.0
idx:400109,400109,0,EternalTerminal,CWE-362,275,8,1,0.6930019761138083,0,1,0,1,0,1,0,1,0,1,0,1,0,1.0,0.0,1.0,0.0
idx:207703,207703,1,EternalTerminal,CWE-362,823,26,1,0.5848042691646974,1,1,1,1,1,1,1,1,1,1,1,1,1,1.0,1.0,1.0,1.0
idx:400103,400103,0,EternalTerminal,CWE-362,848,26,1,0.5808528345495578,0,1,0,1,0,1,0,1,0,1,0,1,0,1.0,0.0,1.0,0.0
idx:207719,207719,1,vim,CWE-787,569,26,0,0.23392649255169176,0,0,0,0,0,0,0,0,0,0,0,1,1,1.0,1.0,1.0,1.0
idx:400409,400409,0,vim,CWE-787,618,27,1,0.5508307824276425,0,0,1,0,1,1,0,0,1,0,1,0,1,0.0,1.0,1.0,0.0
idx:207753,207753,1,linux,CWE-284,988,47,1,0.6137218109077632,1,1,1,1,1,1,1,1,1,1,1,1,1,1.0,1.0,1.0,1.0
idx:400735,400735,0,linux,CWE-284,1005,48,1,0.7435373876704179,0,1,0,1,0,1,0,1,0,1,0,1,0,1.0,0.0,1.0,0.0
idx:207754,207754,1,linux,CWE-284,1062,47,0,0.39223047759884305,0,1,1,1,1,1,1,1,1,0,0,1,1,1.0,1.0,1.0,1.0
idx:400743,400743,0,linux,CWE-284,1080,48,1,0.6785503000583079,0,1,0,1,0,1,0,1,0,1,0,1,0,1.0,0.0,1.0,0.0
idx:207755,207755,1,php-src,CWE-200,2116,70,0,0.3085260948468614,0,1,1,1,1,1,1,1,1,1,1,1,1,1.0,1.0,1.0,1.0
idx:400779,400779,0,php-src,CWE-200,2044,74,1,0.5478678151977903,0,1,0,1,0,1,0,1,0,1,0,1,0,1.0,0.0,1.0,0.0
idx:207780,207780,1,radare2,CWE-703,4121,167,1,0.6895524942728222,1,1,1,1,1,1,1,1,1,1,1,1,1,1.0,1.0,1.0,1.0
idx:401034,401034,0,radare2,CWE-703,4229,168,1,0.6239747673621848,0,1,0,1,0,1,0,1,0,1,0,1,0,1.0,0.0,1.0,0.0
idx:207803,207803,1,linux,CWE-200,1703,64,1,0.4988138648011498,1,0,0,0,0,0,0,0,0,0,0,0,0,0.0,0.0,0.0,0.0
idx:401579,401579,0,linux,CWE-200,1766,65,1,0.4222241379902411,0,0,1,0,1,0,1,0,1,0,1,0,1,0.0,1.0,1.0,0.0
idx:207804,207804,1,linux,CWE-200,384,16,1,0.4693581581930776,1,0,0,0,0,0,0,0,0,0,0,0,0,0.0,0.0,0.0,0.0
idx:401525,401525,0,linux,CWE-200,746,23,1,0.4112356616658953,0,0,1,1,0,0,1,0,1,0,1,0,1,1.0,0.0,0.0,1.0
idx:207990,207990,1,pcre2,CWE-703,4749,217,0,0.056521676111741984,0,0,0,0,0,0,0,0,0,0,0,1,1,0.0,0.0,0.0,0.0
idx:404192,404192,0,pcre2,CWE-703,6323,252,0,0.035527474793357286,1,0,1,0,1,0,1,0,1,0,1,0,1,0.0,1.0,0.0,1.0
idx:208107,208107,1,linux,CWE-703,913,44,1,0.5746120694495471,1,1,1,0,0,1,1,1,1,0,0,0,0,0.0,0.0,1.0,1.0
idx:405333,405333,0,linux,CWE-703,954,47,1,0.4589523322842183,0,1,0,1,0,1,0,0,1,0,1,1,0,0.0,1.0,0.0,1.0
idx:208115,208115,1,linux,CWE-703,2285,89,1,0.636018693761415,1,1,1,1,1,1,1,1,1,1,1,0,0,0.0,0.0,1.0,1.0
idx:405698,405698,0,linux,CWE-703,2256,88,1,0.7203271470195556,0,1,0,1,0,1,0,1,0,1,0,0,1,0.0,1.0,1.0,0.0
idx:208140,208140,1,util-linux,CWE-200,7619,310,1,0.38569586624118346,1,0,0,0,0,0,0,0,0,0,0,0,0,0.0,0.0,0.0,0.0
idx:406206,406206,0,util-linux,CWE-200,7680,313,1,0.6267109077020011,0,0,1,0,1,0,1,0,1,0,1,0,1,0.0,1.0,0.0,1.0
idx:208370,208370,1,vim,CWE-787,2208,96,1,0.6801253417076449,1,1,1,1,1,1,1,1,1,1,1,1,1,1.0,1.0,1.0,1.0
idx:408968,408968,0,vim,CWE-787,2270,97,1,0.7046810529098999,0,1,0,1,0,1,0,1,0,1,0,1,0,1.0,0.0,1.0,0.0
idx:208411,208411,1,vim,CWE-787,16023,604,1,0.4882897716921343,1,1,1,1,1,1,1,0,0,1,1,1,1,0.0,0.0,0.0,0.0
idx:409515,409515,0,vim,CWE-787,16039,605,1,0.6093071047302062,0,1,0,1,0,1,0,1,0,1,0,1,0,1.0,0.0,0.0,1.0
idx:208505,208505,1,tor,CWE-399,17737,536,0,0.1440374992686451,0,1,1,1,1,1,1,1,1,0,0,1,1,1.0,1.0,0.0,0.0
idx:411896,411896,0,tor,CWE-399,17737,536,1,0.7017124754659005,0,1,0,1,0,1,0,0,1,0,1,1,0,0.0,1.0,1.0,0.0
idx:208506,208506,1,heimdal,CWE-476,31845,1038,0,0.1799835850405748,0,1,1,1,1,1,1,1,1,1,1,0,0,1.0,1.0,1.0,1.0
idx:411926,411926,0,heimdal,CWE-476,31969,1042,1,0.6170040988120179,0,1,0,1,0,1,0,1,0,1,0,1,0,1.0,0.0,1.0,0.0
idx:208522,208522,1,unbound,CWE-190,2520,70,0,0.4297773896269239,0,1,1,1,1,1,1,1,1,1,1,1,1,1.0,1.0,1.0,1.0
idx:412117,412117,0,unbound,CWE-190,2728,75,1,0.7445188744933766,0,1,0,1,0,1,0,1,0,1,0,1,0,1.0,0.0,1.0,0.0
idx:208525,208525,1,vim,CWE-787,1598,70,1,0.4902080695292912,1,0,0,0,0,0,0,0,0,0,0,0,0,0.0,0.0,0.0,0.0
idx:412190,412190,0,vim,CWE-787,1586,71,0,0.4127264206152958,1,0,1,0,1,0,1,0,1,0,1,0,1,0.0,1.0,1.0,0.0
idx:208535,208535,1,rizin,CWE-415,148,5,1,0.3583714309850614,1,0,0,0,0,1,1,1,1,0,0,0,0,0.0,0.0,1.0,1.0
idx:412332,412332,0,rizin,CWE-415,144,5,1,0.44729212958727815,0,1,0,0,1,0,1,0,1,0,1,0,1,0.0,1.0,1.0,0.0
idx:208654,208654,1,php-src,CWE-416,4635,85,0,0.37918137565432175,0,0,0,0,0,0,0,0,0,0,0,0,0,0.0,0.0,1.0,1.0
idx:413339,413339,0,php-src,CWE-416,4687,86,1,0.5562182113981029,0,0,1,0,1,0,1,0,1,0,1,0,1,0.0,1.0,0.0,1.0
idx:208680,208680,1,radare2,CWE-416,13139,464,0,0.36302033343557244,0,1,1,1,1,1,1,1,1,0,0,1,1,1.0,1.0,1.0,1.0
idx:413623,413623,0,radare2,CWE-416,13253,466,1,0.5084042639412284,0,1,0,1,0,1,0,1,0,0,1,0,1,1.0,0.0,1.0,0.0
idx:208912,208912,1,vim,CWE-416,25369,1011,0,0.3337029827808339,0,0,0,0,0,0,0,0,0,0,0,0,0,0.0,0.0,0.0,0.0
idx:416366,416366,0,vim,CWE-416,25536,1015,1,0.5435306514082305,0,0,1,0,1,0,1,1,0,0,1,0,1,0.0,1.0,0.0,1.0
idx:208987,208987,1,MilkyTracker,CWE-416,240,16,1,0.6625436607951826,1,1,1,1,1,1,1,1,1,1,1,1,1,1.0,1.0,1.0,1.0
idx:417093,417093,0,MilkyTracker,CWE-416,251,17,1,0.7591701019801196,0,1,0,1,0,1,0,0,1,0,1,0,1,0.0,1.0,0.0,1.0
idx:209026,209026,1,libvirt,CWE-119,634,22,0,0.4079040485273097,0,1,1,1,1,1,1,1,1,1,1,1,1,1.0,1.0,1.0,1.0
idx:417472,417472,0,libvirt,CWE-119,636,22,1,0.6110603437383846,0,0,1,0,1,0,1,0,1,0,1,0,1,0.0,1.0,1.0,0.0
idx:209102,209102,1,vim,CWE-703,22314,829,0,0.06340263528301811,0,0,0,1,1,1,1,0,0,0,0,0,0,0.0,0.0,0.0,0.0
idx:418795,418795,0,vim,CWE-703,22413,832,0,0.05988276914491801,1,0,1,0,1,0,1,0,1,0,1,0,1,0.0,1.0,0.0,1.0
idx:209801,209801,1,mujs,CWE-476,205,12,0,0.32786634334599035,0,1,1,1,1,1,1,1,1,0,0,0,0,0.0,0.0,0.0,0.0
idx:421378,421378,0,mujs,CWE-476,227,14,1,0.4366743565762878,0,0,1,0,1,0,1,0,1,0,1,0,1,0.0,1.0,0.0,1.0
idx:209931,209931,1,FreeRDP,CWE-190,1581,63,1,0.3818229201000531,1,1,1,1,1,1,1,1,1,0,0,0,0,1.0,1.0,1.0,1.0
idx:424522,424522,0,FreeRDP,CWE-190,1645,69,1,0.4454472533011047,0,1,0,1,0,1,0,1,0,0,1,1,0,1.0,0.0,1.0,0.0
idx:209955,209955,1,linux,CWE-476,5021,182,0,0.30282960839908685,0,0,0,0,0,0,0,0,0,0,0,0,0,0.0,0.0,1.0,1.0
idx:424969,424969,0,linux,CWE-476,5161,189,0,0.23164938624491593,1,1,0,0,1,0,1,1,0,0,1,0,1,0.0,1.0,1.0,0.0
idx:210050,210050,1,lua,CWE-125,467,12,0,0.3656788736278169,0,0,0,0,0,0,0,0,0,0,0,0,0,0.0,0.0,0.0,0.0
idx:427153,427153,0,lua,CWE-125,530,13,1,0.5755498043446232,0,0,1,0,1,0,1,0,1,0,1,0,1,0.0,1.0,0.0,1.0
idx:210090,210090,1,file,CWE-787,3962,155,1,0.4297770660588614,1,1,1,1,1,1,1,1,1,1,1,1,1,1.0,1.0,1.0,1.0
idx:427707,427707,0,file,CWE-787,3963,154,1,0.7029820477411595,0,1,0,1,0,1,0,1,0,1,0,1,0,1.0,0.0,1.0,0.0
idx:210203,210203,1,linux,CWE-787,94,4,1,0.5324123656651573,1,0,0,0,0,0,0,0,0,0,0,0,0,0.0,0.0,0.0,0.0
idx:430335,430335,0,linux,CWE-787,146,7,1,0.5817044933119313,0,0,1,0,1,0,1,0,1,0,1,0,1,0.0,1.0,0.0,1.0
idx:210204,210204,1,linux,CWE-362,1036,38,0,0.27337125659915146,0,1,1,1,1,0,0,1,1,0,0,1,1,1.0,1.0,1.0,1.0
idx:430380,430380,0,linux,CWE-362,1036,38,1,0.49720356379236474,0,1,0,1,0,1,0,1,0,0,1,1,0,1.0,0.0,1.0,0.0
idx:210206,210206,1,squid,CWE-400,11324,338,0,0.08269058925530579,0,1,1,1,1,1,1,1,1,1,1,1,1,1.0,1.0,1.0,1.0
idx:430470,430470,0,squid,CWE-400,11220,333,1,0.7545150605988596,0,1,0,1,0,1,0,1,0,1,0,1,0,1.0,0.0,1.0,0.0
idx:210252,210252,1,ImageMagick,CWE-787,15720,415,0,0.3554706361430335,0,1,1,1,1,1,1,1,1,0,0,1,1,1.0,1.0,1.0,1.0
idx:431633,431633,0,ImageMagick,CWE-787,15822,417,1,0.5528420983622484,0,1,0,1,0,1,0,1,0,0,1,1,0,1.0,0.0,1.0,0.0
idx:210271,210271,1,vim,CWE-787,2143,97,1,0.5135301695599386,1,1,1,1,1,1,1,1,1,0,0,1,1,1.0,1.0,1.0,1.0
idx:432093,432093,0,vim,CWE-787,2227,99,1,0.5936276145509778,0,1,0,1,0,1,0,1,0,0,1,1,0,1.0,0.0,1.0,0.0
idx:210273,210273,1,mongo,CWE-617,10193,171,1,0.42197618523676483,1,0,0,0,0,0,0,0,0,0,0,0,0,0.0,0.0,0.0,0.0
idx:432152,432152,0,mongo,CWE-617,10351,171,1,0.7793595327554018,0,0,1,0,1,0,1,0,1,0,1,0,1,0.0,1.0,0.0,1.0
idx:210278,210278,1,unicorn,CWE-476,402,17,0,0.43778276489487705,0,0,0,0,0,1,1,0,0,0,0,1,1,0.0,0.0,0.0,0.0
idx:432247,432247,0,unicorn,CWE-476,406,17,1,0.613942240452686,0,1,0,0,1,1,0,0,1,0,1,1,0,0.0,1.0,0.0,1.0
idx:210282,210282,1,qemu,CWE-125,156,9,1,0.5606813842446782,1,1,1,1,1,1,1,1,1,1,1,1,1,1.0,1.0,1.0,1.0
idx:432346,432346,0,qemu,CWE-125,179,9,1,0.43239829767530485,0,0,1,0,1,0,1,0,1,0,1,1,0,0.0,1.0,0.0,1.0
idx:210283,210283,1,dpdk,CWE-703,3022,96,0,0.446146147375016,0,1,1,1,1,1,1,1,1,1,1,1,1,1.0,1.0,1.0,1.0
idx:432351,432351,0,dpdk,CWE-703,3099,99,1,0.5817231797811961,0,1,0,1,0,1,0,1,0,1,0,1,0,1.0,0.0,1.0,0.0
idx:210284,210284,1,dpdk,CWE-703,3121,94,1,0.5026348463725766,1,1,1,1,1,1,1,1,1,1,1,1,1,1.0,1.0,1.0,1.0
idx:432352,432352,0,dpdk,CWE-703,3198,97,1,0.5145901102455147,0,1,0,1,0,1,0,1,0,0,1,1,0,1.0,0.0,1.0,0.0
idx:210393,210393,1,vim,CWE-416,7558,291,1,0.6291702098235968,1,1,1,1,1,1,1,1,1,1,1,0,0,1.0,1.0,1.0,1.0
idx:434093,434093,0,vim,CWE-416,7674,294,1,0.553164178248869,0,1,0,1,0,1,0,1,0,0,1,1,0,1.0,0.0,1.0,0.0
idx:210420,210420,1,ghostpdl,CWE-119,758,24,1,0.6308796935247802,1,1,1,1,1,1,1,1,1,1,1,1,1,1.0,1.0,1.0,1.0
idx:434902,434902,0,ghostpdl,CWE-119,757,24,1,0.6441497219191018,0,1,0,1,0,1,0,1,0,1,0,1,0,1.0,0.0,1.0,0.0
idx:210453,210453,1,ghostpdl,CWE-120,4521,118,1,0.384157760412857,1,1,1,1,1,1,1,1,1,0,0,1,1,1.0,1.0,1.0,1.0
idx:435409,435409,0,ghostpdl,CWE-120,4557,118,1,0.6538200999059083,0,1,0,1,0,1,0,1,0,0,1,1,0,1.0,0.0,1.0,0.0
idx:210484,210484,1,linux,CWE-125,2805,97,1,0.3899837182580793,1,1,1,1,1,1,1,1,1,0,0,1,1,0.0,0.0,1.0,1.0
idx:436066,436066,0,linux,CWE-125,2863,98,0,0.17563775754887045,1,0,1,1,0,1,0,1,0,0,1,0,1,1.0,0.0,1.0,0.0
idx:210520,210520,1,vim,CWE-125,3834,183,1,0.4711060617188847,1,0,0,1,1,1,1,0,0,1,1,0,0,0.0,0.0,1.0,1.0
idx:436990,436990,0,vim,CWE-125,3868,186,1,0.5182662593612061,0,0,1,1,0,1,0,0,1,1,0,0,1,0.0,1.0,1.0,0.0
idx:210527,210527,1,linux,CWE-415,1600,65,1,0.6244342924722968,1,1,1,1,1,1,1,1,1,1,1,1,1,1.0,1.0,1.0,1.0
idx:437003,437003,0,linux,CWE-415,1579,64,1,0.5891029945186905,0,1,0,1,0,1,0,1,0,1,0,1,0,1.0,0.0,1.0,0.0
idx:210551,210551,1,oniguruma,CWE-125,3190,134,0,0.40104568556999903,0,1,1,1,1,1,1,0,0,0,0,0,0,0.0,0.0,1.0,1.0
idx:437291,437291,0,oniguruma,CWE-125,4381,173,0,0.11686768129654401,1,0,1,1,0,1,0,0,1,0,1,0,1,0.0,1.0,1.0,0.0
idx:210570,210570,1,radare2,CWE-787,2594,70,1,0.6098799720242342,1,1,1,1,1,1,1,1,1,1,1,1,1,1.0,1.0,1.0,1.0
idx:437671,437671,0,radare2,CWE-787,2630,73,1,0.5026566317521869,0,1,0,1,0,1,0,1,0,1,0,1,0,1.0,0.0,1.0,0.0
idx:210571,210571,1,linux,CWE-401,1324,45,0,0.43137011481182963,0,1,1,1,1,1,1,1,1,0,0,0,0,1.0,1.0,1.0,1.0
idx:437708,437708,0,linux,CWE-401,1348,48,0,0.2882621581822325,1,0,1,1,0,1,0,1,0,0,1,0,1,1.0,0.0,1.0,0.0
idx:210620,210620,1,linux,CWE-415,751,30,0,0.21088279448888977,0,0,0,1,1,0,0,1,1,0,0,0,0,0.0,0.0,1.0,1.0
idx:438686,438686,0,linux,CWE-415,795,30,1,0.37498979925862136,0,0,1,1,0,0,1,0,1,0,1,0,1,0.0,1.0,1.0,0.0
idx:210636,210636,1,linux,CWE-416,702,34,0,0.43782701563533055,0,1,1,1,1,1,1,1,1,0,0,0,0,1.0,1.0,1.0,1.0
idx:438876,438876,0,linux,CWE-416,702,34,1,0.461837787679342,0,1,0,1,0,1,0,1,0,0,1,0,1,1.0,0.0,1.0,0.0
idx:210669,210669,1,ImageMagick6,CWE-401,34566,974,0,0.46661643562993904,0,1,1,1,1,1,1,1,1,1,1,1,1,1.0,1.0,1.0,1.0
idx:439114,439114,0,ImageMagick6,CWE-401,34604,976,0,0.4211757754046192,1,1,0,1,0,1,0,1,0,1,0,1,0,1.0,0.0,1.0,0.0
idx:210692,210692,1,ImageMagick6,CWE-835,34742,978,0,0.3353404786375071,0,1,1,1,1,1,1,1,1,1,1,1,1,1.0,1.0,1.0,1.0
idx:439266,439266,0,ImageMagick6,CWE-835,34707,977,1,0.6502118010273065,0,1,0,1,0,1,0,1,0,1,0,1,0,1.0,0.0,1.0,0.0
idx:210700,210700,1,squashfs-tools,CWE-22,3282,116,1,0.7175266973381538,1,1,1,1,1,1,1,1,1,1,1,1,1,1.0,1.0,1.0,1.0
idx:439495,439495,0,squashfs-tools,CWE-22,3490,123,1,0.8330751556539082,0,1,0,1,0,1,0,1,0,1,0,1,0,1.0,0.0,1.0,0.0
idx:210701,210701,1,squashfs-tools,CWE-22,3285,117,1,0.7717403210101257,1,1,1,1,1,1,1,1,1,1,1,1,1,1.0,1.0,1.0,1.0
idx:439495#dup2,439495,0,squashfs-tools,CWE-22,3490,123,0,0.004121714035858043,1,1,0,1,0,1,0,1,0,1,0,1,0,,,,
idx:210702,210702,1,squashfs-tools,CWE-22,2982,106,1,0.8755710820188868,1,1,1,1,1,1,1,1,1,1,1,1,1,1.0,1.0,1.0,1.0
idx:439500,439500,0,squashfs-tools,CWE-22,3190,113,1,0.8608518078602444,0,1,0,1,0,1,0,1,0,1,0,1,0,1.0,0.0,1.0,0.0
idx:210834,210834,1,xserver,CWE-863,1122,36,1,0.40789279268427,1,1,1,1,1,1,1,1,1,1,1,1,1,1.0,1.0,1.0,1.0
idx:440872,440872,0,xserver,CWE-863,1248,38,1,0.7158989910688348,0,1,0,1,0,1,0,1,0,1,0,1,0,1.0,0.0,1.0,0.0
idx:210866,210866,1,xserver,CWE-191,2399,76,1,0.4717388525159523,1,1,1,1,1,1,1,1,1,1,1,1,1,1.0,1.0,1.0,1.0
idx:441822,441822,0,xserver,CWE-191,2401,76,1,0.7581246220027079,0,1,0,1,0,1,0,1,0,1,0,1,0,1.0,0.0,1.0,0.0
idx:210887,210887,1,qemu,CWE-835,491,14,0,0.33533042724309653,0,1,1,0,0,1,1,1,1,0,0,1,1,1.0,1.0,1.0,1.0
idx:442189,442189,0,qemu,CWE-835,493,14,1,0.4562250172058292,0,1,0,0,1,1,0,1,0,0,1,1,0,1.0,0.0,1.0,0.0
idx:210896,210896,1,spice,CWE-193,1191,42,1,0.5768086028475233,1,1,1,1,1,1,1,1,1,1,1,1,1,1.0,1.0,1.0,1.0
idx:442587,442587,0,spice,CWE-193,1193,42,0,0.3820261282566251,1,1,0,0,1,1,0,1,0,0,1,1,0,1.0,0.0,1.0,0.0
idx:210904,210904,1,curl,CWE-125,789,36,1,0.6783023789520245,1,1,1,1,1,1,1,1,1,1,1,1,1,1.0,1.0,1.0,1.0
idx:442815,442815,0,curl,CWE-125,954,40,1,0.6784947351172265,0,1,0,1,0,1,0,1,0,1,0,1,0,1.0,0.0,1.0,0.0
idx:210910,210910,1,vim,CWE-200,3475,144,0,0.2553613496547346,0,0,0,0,0,1,1,1,1,0,0,1,1,0.0,0.0,0.0,0.0
idx:442959,442959,0,vim,CWE-200,3513,145,1,0.4918950446469327,0,0,1,1,0,0,1,0,1,0,1,0,1,0.0,1.0,1.0,0.0
idx:210928,210928,1,linux,CWE-476,900,39,0,0.4080545548497522,0,1,1,1,1,1,1,1,1,0,0,0,0,0.0,0.0,0.0,0.0
idx:443152,443152,0,linux,CWE-476,960,40,0,0.3441060648755936,1,1,0,1,0,0,1,1,0,0,1,1,0,0.0,1.0,1.0,0.0
idx:210944,210944,1,vim,CWE-416,22933,761,0,0.26172095888971514,0,0,0,0,0,0,0,0,0,1,1,0,0,0.0,0.0,0.0,0.0
idx:443298,443298,0,vim,CWE-416,22967,761,1,0.6531146538037458,0,0,1,0,1,1,0,0,1,1,0,0,1,0.0,1.0,1.0,0.0
idx:211090,211090,1,cifs-utils,CWE-20,2509,99,0,0.31153374847791426,0,1,1,1,1,1,1,1,1,1,1,0,0,0.0,0.0,1.0,1.0
idx:444900,444900,0,cifs-utils,CWE-20,3041,122,0,0.28665600937389685,1,1,0,0,1,1,0,1,0,1,0,0,1,0.0,1.0,1.0,0.0
idx:211102,211102,1,file-roller,CWE-22,7299,242,1,0.8433717513546796,1,1,1,1,1,1,1,1,1,1,1,1,1,1.0,1.0,1.0,1.0
idx:445995,445995,0,file-roller,CWE-22,7667,256,1,0.8352226812227654,0,1,0,1,0,1,0,1,0,1,0,1,0,1.0,0.0,1.0,0.0
idx:211103,211103,1,file-roller,CWE-22,1690,50,0,0.11007122341864678,0,1,1,1,1,0,0,1,1,0,0,0,0,0.0,0.0,1.0,1.0
idx:445881,445881,0,file-roller,CWE-22,1868,59,0,0.37292555731824806,1,0,1,1,0,0,1,1,0,1,0,0,1,0.0,1.0,1.0,0.0
idx:211110,211110,1,libtiff,CWE-787,5119,197,0,0.2762970950944953,0,1,1,1,1,1,1,1,1,1,1,1,1,1.0,1.0,1.0,1.0
idx:446058,446058,0,libtiff,CWE-787,5176,203,1,0.6447140862318993,0,1,0,1,0,1,0,1,0,1,0,1,0,1.0,0.0,1.0,0.0
idx:211113,211113,1,linux,CWE-416,534,23,1,0.47188666628631,1,1,1,1,1,1,1,1,1,0,0,1,1,1.0,1.0,1.0,1.0
idx:446096,446096,0,linux,CWE-416,535,24,1,0.4721832733490171,0,1,0,1,0,1,0,1,0,0,1,1,0,1.0,0.0,1.0,0.0
idx:211126,211126,1,libmobi,CWE-125,6639,147,1,0.49395595292618605,1,1,1,1,1,1,1,1,1,1,1,1,1,1.0,1.0,1.0,1.0
idx:446279,446279,0,libmobi,CWE-125,6806,151,1,0.5370273364540996,0,1,0,1,0,1,0,1,0,1,0,1,0,1.0,0.0,1.0,0.0
idx:211136,211136,1,rizin,CWE-787,2717,105,1,0.3983671443489674,1,1,1,1,1,1,1,1,1,0,0,1,1,1.0,1.0,1.0,1.0
idx:446416,446416,0,rizin,CWE-787,2834,110,1,0.5122406148586441,0,1,0,1,0,1,0,1,0,0,1,1,0,1.0,0.0,1.0,0.0
idx:211179,211179,1,exiv2,CWE-125,8217,171,0,0.42751880111437485,0,1,1,1,1,1,1,1,1,1,1,1,1,1.0,1.0,1.0,1.0
idx:447053,447053,0,exiv2,CWE-125,8454,177,1,0.5951569230437926,0,1,0,1,0,1,0,1,0,1,0,1,0,1.0,0.0,1.0,0.0
idx:211181,211181,1,php-src,CWE-17,2835,118,0,0.392062199992372,0,1,1,1,1,1,1,1,1,1,1,0,0,0.0,0.0,1.0,1.0
idx:447231,447231,0,php-src,CWE-17,2818,117,1,0.4885436560681535,0,1,0,0,1,1,0,1,0,0,1,0,1,0.0,1.0,1.0,0.0
idx:211471,211471,1,frr,CWE-125,2993,113,1,0.5984402662969964,1,1,1,1,1,1,1,1,1,1,1,1,1,1.0,1.0,1.0,1.0
idx:448562,448562,0,frr,CWE-125,3275,121,1,0.698697371927612,0,1,0,1,0,1,0,1,0,1,0,1,0,1.0,0.0,1.0,0.0
idx:211473,211473,1,gdk-pixbuf,CWE-189,2983,126,1,0.5395946312340245,1,1,1,1,1,1,1,1,1,1,1,1,1,1.0,1.0,1.0,1.0
idx:448584,448584,0,gdk-pixbuf,CWE-189,3351,134,1,0.7748958734250996,0,1,0,1,0,1,0,1,0,1,0,1,0,1.0,0.0,1.0,0.0
idx:211506,211506,1,zlib,CWE-787,25995,677,0,0.3354997708506674,0,1,1,1,1,0,0,1,1,0,0,1,1,1.0,1.0,1.0,1.0
idx:448912,448912,0,zlib,CWE-787,26047,678,1,0.6611972438177659,0,1,0,1,0,0,1,1,0,0,1,1,0,1.0,0.0,1.0,0.0
idx:211563,211563,1,vim,CWE-122,1349,47,1,0.679539834280893,1,0,0,0,0,0,0,0,0,0,0,0,0,0.0,0.0,0.0,0.0
idx:449294,449294,0,vim,CWE-122,1349,47,1,0.7040404012016802,0,0,1,0,1,0,1,0,1,0,1,0,1,0.0,1.0,0.0,1.0
idx:211567,211567,1,clamav-devel,CWE-189,466,21,1,0.5784119805658376,1,1,1,1,1,1,1,1,1,1,1,1,1,1.0,1.0,1.0,1.0
idx:449321,449321,0,clamav-devel,CWE-189,468,21,1,0.5698935114275839,0,1,0,1,0,1,0,1,0,1,0,1,0,1.0,0.0,1.0,0.0
idx:211695,211695,1,vim,CWE-416,1662,73,0,0.24381530831300158,0,0,0,0,0,0,0,0,0,0,0,0,0,0.0,0.0,1.0,1.0
idx:450764,450764,0,vim,CWE-416,1757,78,0,0.20100502255057753,1,0,1,1,0,0,1,0,1,0,1,0,1,0.0,1.0,1.0,0.0
idx:211699,211699,1,gnulib,CWE-119,28165,876,1,0.8773307561641586,1,1,1,1,1,1,1,1,1,1,1,1,1,1.0,1.0,1.0,1.0
idx:450812,450812,0,gnulib,CWE-119,28169,876,1,0.8773196399591919,0,1,0,1,0,1,0,1,0,1,0,1,0,1.0,0.0,1.0,0.0
idx:211700,211700,1,linux,CWE-120,1407,51,1,0.5050304509872799,1,1,1,1,1,1,1,1,1,1,1,1,1,1.0,1.0,1.0,1.0
idx:450830,450830,0,linux,CWE-120,1715,61,1,0.6011524980629259,0,1,0,1,0,1,0,1,0,1,0,1,0,1.0,0.0,1.0,0.0
idx:211773,211773,1,ntp,CWE-20,2313,129,0,0.38584316269413305,0,1,1,1,1,1,1,1,1,0,0,1,1,0.0,0.0,1.0,1.0
idx:451731,451731,0,ntp,CWE-20,2436,134,1,0.8068862949064997,0,1,0,1,0,1,0,0,1,0,1,0,1,0.0,1.0,1.0,0.0
idx:211785,211785,1,jasper,CWE-20,11802,431,0,0.3583359136551541,0,1,1,1,1,1,1,1,1,1,1,1,1,1.0,1.0,1.0,1.0
idx:451888,451888,0,jasper,CWE-20,11947,435,1,0.5217485450896899,0,1,0,1,0,1,0,1,0,0,1,1,0,1.0,0.0,1.0,0.0
idx:211842,211842,1,vim,CWE-787,5974,208,1,0.5197748396178109,1,0,0,0,0,1,1,0,0,1,1,1,1,0.0,0.0,1.0,1.0
idx:452377,452377,0,vim,CWE-787,6020,210,0,0.39493636215365413,1,0,1,1,0,0,1,0,1,1,0,1,0,0.0,1.0,1.0,0.0
idx:211845,211845,1,ImageMagick6,CWE-787,34484,1024,0,0.3902849749434583,0,1,1,1,1,1,1,1,1,1,1,1,1,1.0,1.0,1.0,1.0
idx:452391,452391,0,ImageMagick6,CWE-787,34505,1024,1,0.48425357969137056,0,1,0,1,0,1,0,1,0,1,0,1,0,1.0,0.0,1.0,0.0
idx:211868,211868,1,nf,CWE-269,1118,56,0,0.3297058765230377,0,1,1,0,0,0,0,1,1,0,0,0,0,0.0,0.0,1.0,1.0
idx:452994,452994,0,nf,CWE-269,1137,57,1,0.4443599444664063,0,1,0,0,1,0,1,1,0,0,1,0,1,0.0,1.0,1.0,0.0
idx:211877,211877,1,libexpat,CWE-668,5086,137,1,0.5634766998577371,1,1,1,1,1,1,1,1,1,0,0,1,1,0.0,0.0,1.0,1.0
idx:453109,453109,0,libexpat,CWE-668,5684,148,1,0.5787518053929959,0,1,0,1,0,1,0,1,0,0,1,1,0,0.0,1.0,1.0,0.0
idx:211915,211915,1,jasper,CWE-125,9385,358,1,0.5459028497711439,1,1,1,1,1,1,1,1,1,1,1,1,1,1.0,1.0,1.0,1.0
idx:453265,453265,0,jasper,CWE-125,9401,358,1,0.7006608118669808,0,1,0,1,0,1,0,1,0,1,0,1,0,1.0,0.0,1.0,0.0
idx:212083,212083,1,linux,CWE-703,6487,241,1,0.6302015485720804,1,1,1,1,1,1,1,1,1,1,1,1,1,1.0,1.0,1.0,1.0
idx:454759,454759,0,linux,CWE-703,6551,244,1,0.45662644830668675,0,1,0,1,0,1,0,1,0,0,1,1,0,1.0,0.0,1.0,0.0
idx:212144,212144,1,libmobi,CWE-119,1932,50,1,0.5826178995360761,1,1,1,1,1,1,1,1,1,1,1,0,0,0.0,0.0,1.0,1.0
idx:455177,455177,0,libmobi,CWE-119,2146,54,0,0.3472092359880928,1,1,0,1,0,1,0,1,0,1,0,0,1,0.0,1.0,1.0,0.0
idx:212152,212152,1,bash,CWE-787,494,19,1,0.47023162429293197,1,1,1,1,1,1,1,1,1,1,1,1,1,1.0,1.0,1.0,1.0
idx:455356,455356,0,bash,CWE-787,720,27,1,0.6596556744571924,0,1,0,1,0,1,0,1,0,1,0,1,0,1.0,0.0,1.0,0.0
idx:212339,212339,1,icecast-server,CWE-119,1092,32,0,0.4167718318292059,0,1,1,1,1,1,1,1,1,1,1,1,1,1.0,1.0,1.0,1.0
idx:457772,457772,0,icecast-server,CWE-119,1913,50,0,0.31445819858655316,1,1,0,1,0,1,0,1,0,1,0,1,0,1.0,0.0,1.0,0.0
idx:212407,212407,1,varnish-cache,CWE-703,295,13,0,0.33358650636113646,0,1,1,1,1,1,1,1,1,1,1,1,1,0.0,0.0,0.0,0.0
idx:459029,459029,0,varnish-cache,CWE-703,334,15,1,0.4307732438703181,0,0,1,1,0,1,0,1,0,0,1,1,0,0.0,1.0,0.0,1.0
idx:212414,212414,1,linux,CWE-416,5619,231,1,0.6424974382096941,1,1,1,1,1,1,1,1,1,1,1,1,1,0.0,0.0,1.0,1.0
idx:459107,459107,0,linux,CWE-416,5631,233,1,0.602026885869491,0,1,0,1,0,1,0,1,0,1,0,1,0,0.0,1.0,1.0,0.0
idx:212433,212433,1,vim,CWE-416,16686,686,1,0.8904290051559968,1,1,1,1,1,1,1,0,0,1,1,0,0,0.0,0.0,0.0,0.0
idx:459400,459400,0,vim,CWE-416,17024,696,1,0.769143183826401,0,1,0,0,1,1,0,0,1,1,0,1,0,0.0,1.0,0.0,1.0
idx:212436,212436,1,linux,CWE-787,532,22,0,0.38207977360814854,0,1,1,0,0,0,0,0,0,0,0,1,1,1.0,1.0,1.0,1.0
idx:459524,459524,0,linux,CWE-787,540,23,1,0.640065368322508,0,1,0,1,0,1,0,1,0,0,1,1,0,1.0,0.0,1.0,0.0
idx:212818,212818,1,pjproject,CWE-191,698,28,0,0.32984895925320395,0,1,1,1,1,1,1,1,1,1,1,1,1,1.0,1.0,1.0,1.0
idx:462278,462278,0,pjproject,CWE-191,792,31,1,0.6843557656126261,0,1,0,1,0,1,0,1,0,1,0,1,0,1.0,0.0,1.0,0.0
idx:212822,212822,1,ghostpdl,CWE-787,501,14,0,0.31775597799928945,0,1,1,0,0,1,1,1,1,0,0,1,1,0.0,0.0,1.0,1.0
idx:462316,462316,0,ghostpdl,CWE-787,536,15,0,0.3587347119924081,1,1,0,0,1,1,0,1,0,0,1,1,0,0.0,1.0,1.0,0.0
idx:212829,212829,1,php-src,CWE-476,3806,136,0,0.3669187960886891,0,1,1,1,1,1,1,1,1,1,1,1,1,1.0,1.0,1.0,1.0
idx:462395,462395,0,php-src,CWE-476,3878,140,1,0.49016894889565776,0,1,0,1,0,1,0,1,0,1,0,1,0,1.0,0.0,1.0,0.0
idx:212834,212834,1,rsyslog,CWE-190,4516,124,1,0.48887936689978023,1,1,1,1,1,1,1,1,1,1,1,1,1,1.0,1.0,1.0,1.0
idx:462409,462409,0,rsyslog,CWE-190,4889,134,1,0.44858598521320747,0,1,0,1,0,1,0,1,0,1,0,1,0,1.0,0.0,1.0,0.0
idx:212857,212857,1,vim,CWE-416,2622,111,1,0.40542974742872057,1,0,0,1,1,1,1,0,0,0,0,0,0,0.0,0.0,1.0,1.0
idx:462511,462511,0,vim,CWE-416,2647,111,1,0.6481559477661558,0,0,1,1,0,1,0,0,1,0,1,0,1,0.0,1.0,1.0,0.0
idx:212871,212871,1,newsbeuter,CWE-787,1385,36,1,0.5215283294291708,1,1,1,1,1,1,1,1,1,1,1,1,1,1.0,1.0,1.0,1.0
idx:462566,462566,0,newsbeuter,CWE-787,1406,36,1,0.4509829606354507,0,1,0,1,0,1,0,1,0,1,0,1,0,1.0,0.0,1.0,0.0
idx:212927,212927,1,qemu,CWE-835,320,11,1,0.5147319862946906,1,1,1,0,0,0,0,0,0,1,1,1,1,0.0,0.0,1.0,1.0
idx:463051,463051,0,qemu,CWE-835,322,11,1,0.5679091115690384,0,0,1,0,1,0,1,0,1,0,1,1,0,0.0,1.0,1.0,0.0
idx:212934,212934,1,cyrus-imapd,CWE-732,3456,106,0,0.3545235724443213,0,0,0,1,1,1,1,0,0,0,0,0,0,0.0,0.0,1.0,1.0
idx:463134,463134,0,cyrus-imapd,CWE-732,3416,106,1,0.4619314965434164,0,1,0,1,0,1,0,0,1,0,1,0,1,0.0,1.0,1.0,0.0
idx:212955,212955,1,linux,CWE-476,1838,86,1,0.7353101280203733,1,1,1,1,1,1,1,1,1,1,1,1,1,1.0,1.0,1.0,1.0
idx:463476,463476,0,linux,CWE-476,2008,91,1,0.4468003155561955,0,1,0,1,0,1,0,1,0,1,0,1,0,1.0,0.0,1.0,0.0
idx:213037,213037,1,php-src,CWE-125,2277,88,0,0.4002464814279503,0,1,1,1,1,1,1,1,1,1,1,1,1,1.0,1.0,1.0,1.0
idx:464942,464942,0,php-src,CWE-125,2059,84,1,0.668964734795264,0,1,0,1,0,1,0,1,0,1,0,1,0,1.0,0.0,1.0,0.0
idx:213075,213075,1,linux,CWE-416,369,16,1,0.4513395627041653,1,1,1,1,1,1,1,1,1,0,0,1,1,1.0,1.0,1.0,1.0
idx:465854,465854,0,linux,CWE-416,369,16,1,0.6733146849981007,0,1,0,1,0,1,0,1,0,1,0,1,0,1.0,0.0,1.0,0.0
idx:213370,213370,1,glib,CWE-754,3733,117,0,0.22751414512132626,0,1,1,0,0,1,1,1,1,0,0,0,0,0.0,0.0,1.0,1.0
idx:468349,468349,0,glib,CWE-754,3727,113,1,0.6125637871577075,0,1,0,0,1,1,0,1,0,0,1,1,0,0.0,1.0,1.0,0.0
idx:213515,213515,1,vim,CWE-787,6540,244,1,0.4554777426250456,1,1,1,1,1,1,1,1,1,0,0,1,1,1.0,1.0,1.0,1.0
idx:471902,471902,0,vim,CWE-787,6730,248,1,0.5106775056037297,0,1,0,1,0,1,0,1,0,0,1,1,0,1.0,0.0,1.0,0.0
idx:213528,213528,1,linux,CWE-416,2176,84,1,0.5275500514913044,1,1,1,1,1,1,1,1,1,0,0,0,0,0.0,0.0,0.0,0.0
idx:472123,472123,0,linux,CWE-416,2262,86,1,0.5330840416775625,0,1,0,1,0,1,0,1,0,0,1,0,1,0.0,1.0,1.0,0.0
idx:213998,213998,1,libtpms,CWE-119,482,20,0,0.3334729182924598,0,1,1,0,0,0,0,0,0,0,0,0,0,0.0,0.0,0.0,0.0
idx:474434,474434,0,libtpms,CWE-119,576,21,1,0.5917372487326867,0,0,1,0,1,0,1,0,1,0,1,0,1,0.0,1.0,0.0,1.0
idx:214003,214003,1,libvncserver,CWE-787,836,36,0,0.43009366512480424,0,1,1,1,1,1,1,1,1,1,1,1,1,1.0,1.0,1.0,1.0
idx:474462,474462,0,libvncserver,CWE-787,836,36,1,0.6427187139753419,0,1,0,1,0,1,0,1,0,1,0,1,0,1.0,0.0,1.0,0.0
idx:214124,214124,1,chafa,CWE-125,2279,77,1,0.49385237485835076,1,1,1,1,1,1,1,1,1,1,1,1,1,1.0,1.0,1.0,1.0
idx:475987,475987,0,chafa,CWE-125,2382,81,1,0.7050897897121922,0,1,0,1,0,1,0,1,0,1,0,1,0,1.0,0.0,1.0,0.0
idx:214160,214160,1,linux,CWE-476,11322,422,1,0.5268438063481509,1,1,1,1,1,1,1,1,1,1,1,1,1,1.0,1.0,1.0,1.0
idx:476103,476103,0,linux,CWE-476,11424,425,1,0.7050785457715909,0,1,0,1,0,1,0,1,0,1,0,1,0,1.0,0.0,1.0,0.0
idx:214276,214276,1,linux,CWE-20,1300,50,1,0.5766268480512222,1,1,1,1,1,1,1,1,1,1,1,1,1,1.0,1.0,1.0,1.0
idx:477273,477273,0,linux,CWE-20,1682,60,0,0.4087365396077811,1,1,0,1,0,1,0,1,0,1,0,1,0,1.0,0.0,1.0,0.0
idx:214282,214282,1,radare2,CWE-787,2479,64,1,0.4708889646942499,1,1,1,1,1,1,1,1,1,1,1,1,1,1.0,1.0,1.0,1.0
idx:477380,477380,0,radare2,CWE-787,2596,68,0,0.4138057527365718,1,1,0,1,0,1,0,1,0,1,0,1,0,1.0,0.0,1.0,0.0
idx:214335,214335,1,ceph,CWE-79,7013,211,0,0.3091814249908113,0,1,1,1,1,1,1,1,1,1,1,1,1,0.0,0.0,0.0,0.0
idx:477800,477800,0,ceph,CWE-79,7565,224,0,0.3638058131581653,1,0,1,1,0,0,1,1,0,1,0,1,0,0.0,1.0,0.0,1.0
idx:214336,214336,1,linux,CWE-362,745,28,1,0.5468618563918857,1,1,1,1,1,1,1,1,1,1,1,1,1,1.0,1.0,1.0,1.0
idx:477803,477803,0,linux,CWE-362,802,31,0,0.4218099565859592,1,1,0,1,0,1,0,1,0,0,1,1,0,1.0,0.0,1.0,0.0
idx:214339,214339,1,linux,CWE-787,1527,60,1,0.5335469626744272,1,1,1,1,1,1,1,1,1,1,1,1,1,1.0,1.0,1.0,1.0
idx:477811,477811,0,linux,CWE-787,2315,79,0,0.2969269897946742,1,1,0,1,0,1,0,1,0,0,1,1,0,1.0,0.0,1.0,0.0
idx:214358,214358,1,clamav-devel,CWE-20,5074,169,1,0.4066454564478578,1,1,1,1,1,1,1,1,1,1,1,1,1,1.0,1.0,1.0,1.0
idx:477946,477946,0,clamav-devel,CWE-20,5230,174,1,0.5714521056804243,0,1,0,1,0,1,0,1,0,1,0,1,0,1.0,0.0,1.0,0.0
idx:214364,214364,1,php-src,CWE-119,833,26,1,0.5281894030057053,1,1,1,1,1,1,1,1,1,1,1,1,1,1.0,1.0,1.0,1.0
idx:477975,477975,0,php-src,CWE-119,1227,39,1,0.39552086642057416,0,1,0,1,0,1,0,1,0,1,0,1,0,1.0,0.0,1.0,0.0
idx:214909,214909,1,linux,CWE-401,2338,81,1,0.48157169643122066,1,1,1,1,1,1,1,0,0,0,0,0,0,0.0,0.0,1.0,1.0
idx:481267,481267,0,linux,CWE-401,2357,83,1,0.569158697591111,0,1,0,1,0,1,0,1,0,0,1,0,1,0.0,1.0,1.0,0.0
idx:214948,214948,1,nagioscore,CWE-476,776,33,0,0.2992444564016066,0,0,0,1,1,1,1,1,1,0,0,0,0,0.0,0.0,1.0,1.0
idx:481787,481787,0,nagioscore,CWE-476,782,33,1,0.5823557975250645,0,1,0,0,1,1,0,1,0,0,1,0,1,0.0,1.0,0.0,1.0
idx:214997,214997,1,liblouis,CWE-787,49196,1462,0,0.19187016545332608,0,1,1,1,1,1,1,1,1,1,1,1,1,1.0,1.0,1.0,1.0
idx:482533,482533,0,liblouis,CWE-787,49195,1464,1,0.722478166258898,0,1,0,1,0,1,0,1,0,1,0,1,0,1.0,0.0,1.0,0.0
idx:215038,215038,1,gst-plugins-good,CWE-125,5721,174,1,0.6677844878613162,1,1,1,1,1,1,1,1,1,1,1,1,1,1.0,1.0,1.0,1.0
idx:482692,482692,0,gst-plugins-good,CWE-125,5690,173,1,0.6889038700150883,0,1,0,1,0,1,0,1,0,1,0,1,0,1.0,0.0,1.0,0.0
idx:215073,215073,1,linux,CWE-269,503,17,0,0.43951266580405457,0,0,0,0,0,0,0,0,0,0,0,0,0,1.0,1.0,1.0,1.0
idx:483053,483053,0,linux,CWE-269,713,25,0,0.2915278982475139,1,0,1,1,0,0,1,1,0,1,0,1,0,1.0,0.0,1.0,0.0
idx:215103,215103,1,mongo,CWE-617,9585,161,0,0.40705570666611546,0,0,0,0,0,0,0,0,0,0,0,0,0,0.0,0.0,0.0,0.0
idx:483469,483469,0,mongo,CWE-617,9743,161,1,0.7848092419869142,0,0,1,0,1,0,1,0,1,0,1,0,1,0.0,1.0,0.0,1.0
idx:215142,215142,1,open62541,CWE-703,500,11,1,0.4810291302788995,1,0,0,0,0,0,0,0,0,0,0,0,0,0.0,0.0,0.0,0.0
idx:484063,484063,0,open62541,CWE-703,545,12,0,0.37645477535236505,1,0,1,0,1,0,1,0,1,0,1,0,1,0.0,1.0,0.0,1.0
idx:215188,215188,1,libmobi,CWE-787,683,21,1,0.445043707020052,1,1,1,1,1,1,1,1,1,1,1,1,1,1.0,1.0,1.0,1.0
idx:484732,484732,0,libmobi,CWE-787,737,21,0,0.4258179571312086,1,1,0,1,0,1,0,1,0,1,0,1,0,1.0,0.0,1.0,0.0
idx:215262,215262,1,qemu,CWE-835,6042,150,0,0.42316173692733045,0,1,1,1,1,1,1,1,1,1,1,1,1,1.0,1.0,1.0,1.0
idx:486796,486796,0,qemu,CWE-835,6058,150,1,0.8148896365422792,0,1,0,1,0,1,0,1,0,1,0,1,0,1.0,0.0,1.0,0.0
idx:215264,215264,1,perl5,CWE-120,81477,1975,0,0.30044035397340324,0,0,0,1,1,1,1,1,1,1,1,1,1,1.0,1.0,1.0,1.0
idx:486837,486837,0,perl5,CWE-120,82226,1990,0,0.06526019330534745,1,1,0,1,0,1,0,1,0,1,0,1,0,1.0,0.0,0.0,1.0
idx:215312,215312,1,linux-2.6,CWE-20,1821,63,0,0.32965652012587626,0,1,1,1,1,1,1,1,1,0,0,1,1,1.0,1.0,1.0,1.0
idx:487618,487618,0,linux-2.6,CWE-20,1857,64,1,0.5016771982418672,0,1,0,1,0,1,0,1,0,0,1,1,0,1.0,0.0,1.0,0.0
idx:215374,215374,1,linux-2.6,CWE-189,751,39,0,0.40921755615148714,0,1,1,1,1,1,1,1,1,1,1,1,1,1.0,1.0,1.0,1.0
idx:488919,488919,0,linux-2.6,CWE-189,781,39,0,0.3409385643373841,1,1,0,1,0,1,0,1,0,0,1,1,0,1.0,0.0,1.0,0.0
idx:215391,215391,1,linux-2.6,CWE-20,403,11,0,0.2974519784790807,0,0,0,1,1,1,1,1,1,0,0,0,0,0.0,0.0,1.0,1.0
idx:489124,489124,0,linux-2.6,CWE-20,397,12,0,0.42779042306751025,1,0,1,1,0,1,0,1,0,0,1,1,0,0.0,1.0,1.0,0.0
idx:215399,215399,1,linux-2.6,CWE-119,592,22,0,0.2804843890550987,0,1,1,1,1,1,1,1,1,1,1,0,0,1.0,1.0,1.0,1.0
idx:489215,489215,0,linux-2.6,CWE-119,724,27,1,0.7280737145173146,0,1,0,1,0,1,0,1,0,1,0,1,0,1.0,0.0,1.0,0.0
idx:215400,215400,1,linux-2.6,CWE-20,2869,130,1,0.568216987139234,1,1,1,1,1,1,1,1,1,1,1,1,1,1.0,1.0,1.0,1.0
idx:489221,489221,0,linux-2.6,CWE-20,3033,142,1,0.5246819708840579,0,1,0,1,0,1,0,1,0,1,0,1,0,1.0,0.0,1.0,0.0
idx:215549,215549,1,gzip,CWE-189,4759,189,1,0.5016063270493384,1,1,1,1,1,1,1,1,1,1,1,1,1,1.0,1.0,1.0,1.0
idx:491979,491979,0,gzip,CWE-189,4781,190,1,0.701675827120707,0,1,0,1,0,1,0,1,0,1,0,1,0,1.0,0.0,1.0,0.0
idx:215921,215921,1,grep,CWE-119,2320,80,1,0.5622026958489201,1,1,1,1,1,1,1,0,0,1,1,1,1,0.0,0.0,1.0,1.0
idx:497809,497809,0,grep,CWE-119,2383,82,0,0.41073004758533976,1,1,0,1,0,1,0,1,0,0,1,1,0,0.0,1.0,0.0,1.0
idx:215948,215948,1,nettle,CWE-310,1312,60,1,0.4700152000669187,1,0,0,0,0,1,1,1,1,1,1,0,0,0.0,0.0,1.0,1.0
idx:498160,498160,0,nettle,CWE-310,1552,74,1,0.6737634195105277,0,0,1,1,0,0,1,0,1,1,0,0,1,0.0,1.0,1.0,0.0
idx:216027,216027,1,tar,CWE-476,3123,80,1,0.6925768274842208,1,1,1,1,1,1,1,1,1,1,1,1,1,1.0,1.0,1.0,1.0
idx:498918,498918,0,tar,CWE-476,3339,84,1,0.4563076325276131,0,1,0,1,0,1,0,1,0,1,0,1,0,1.0,0.0,1.0,0.0
idx:216126,216126,1,openssl,CWE-20,1641,53,0,0.28671204404982326,0,1,1,1,1,1,1,1,1,1,1,1,1,1.0,1.0,0.0,0.0
idx:500044,500044,0,openssl,CWE-20,1670,56,1,0.529481379234482,0,1,0,0,1,1,0,1,0,0,1,0,1,0.0,1.0,0.0,1.0
idx:216202,216202,1,libssh,CWE-399,2415,89,1,0.6118315102368826,1,1,1,1,1,1,1,1,1,1,1,1,1,1.0,1.0,1.0,1.0
idx:500663,500663,0,libssh,CWE-399,2430,90,1,0.5501161284084539,0,1,0,0,1,0,1,1,0,0,1,0,1,0.0,1.0,1.0,0.0
idx:216515,216515,1,openssl,CWE-362,2379,68,1,0.5291330956020703,1,1,1,1,1,1,1,1,1,0,0,1,1,1.0,1.0,1.0,1.0
idx:502735,502735,0,openssl,CWE-362,3459,100,0,0.10763540334503482,1,1,0,1,0,1,0,1,0,0,1,1,0,1.0,0.0,1.0,0.0
idx:216637,216637,1,guile,CWE-275,729,25,0,0.20938424902050298,0,1,1,1,1,1,1,1,1,0,0,0,0,1.0,1.0,0.0,0.0
idx:503867,503867,0,guile,CWE-275,654,20,1,0.5321324112993158,0,0,1,0,1,0,1,0,1,0,1,1,0,0.0,1.0,0.0,1.0
idx:216654,216654,1,core,CWE-20,4342,109,1,0.45131267506808387,1,1,1,1,1,1,1,1,1,0,0,0,0,0.0,0.0,1.0,1.0
idx:503985,503985,0,core,CWE-20,4359,110,1,0.7007860333538313,0,1,0,1,0,1,0,1,0,1,0,0,1,0.0,1.0,0.0,1.0
idx:216701,216701,1,libtiff,CWE-770,2050,75,0,0.21624144331401915,0,1,1,1,1,1,1,1,1,0,0,1,1,1.0,1.0,1.0,1.0
idx:504608,504608,0,libtiff,CWE-770,2542,94,1,0.5072394912513152,0,1,0,1,0,1,0,1,0,1,0,1,0,1.0,0.0,1.0,0.0
idx:216726,216726,1,openssl,CWE-327,3458,108,1,0.43872943767567923,1,1,1,1,1,1,1,1,1,0,0,1,1,1.0,1.0,1.0,1.0
idx:505463,505463,0,openssl,CWE-327,3470,108,1,0.6914266432117046,0,1,0,1,0,1,0,1,0,0,1,0,1,1.0,0.0,1.0,0.0
idx:216767,216767,1,core,CWE-835,1865,69,1,0.7335076900089125,1,1,1,1,1,1,1,1,1,1,1,1,1,1.0,1.0,1.0,1.0
idx:505654,505654,0,core,CWE-835,1902,71,1,0.6977793083438415,0,1,0,1,0,1,0,1,0,1,0,1,0,1.0,0.0,1.0,0.0
idx:216800,216800,1,core,CWE-125,330,20,1,0.7128039787051669,1,1,1,1,1,1,1,1,1,0,0,1,1,0.0,0.0,1.0,1.0
idx:506428,506428,0,core,CWE-125,342,20,1,0.7880202773172634,0,1,0,0,1,1,0,0,1,0,1,1,0,0.0,1.0,1.0,0.0
idx:216812,216812,1,openssl,CWE-476,95,5,0,0.4225109631059563,0,0,0,0,0,0,0,0,0,0,0,0,0,0.0,0.0,0.0,0.0
idx:506696,506696,0,openssl,CWE-476,132,6,1,0.5954845811083519,0,0,1,0,1,0,1,0,1,0,1,0,1,0.0,1.0,0.0,1.0
idx:216861,216861,1,openssl,CWE-125,10741,315,0,0.35262813474118027,0,1,1,1,1,1,1,1,1,0,0,1,1,0.0,0.0,1.0,1.0
idx:507778,507778,0,openssl,CWE-125,10827,318,1,0.4914382737643924,0,1,0,1,0,1,0,1,0,0,1,1,0,1.0,0.0,1.0,0.0
idx:216903,216903,1,server,CWE-476,3525,115,0,0.34255039245293184,0,0,0,0,0,0,0,0,0,0,0,0,0,0.0,0.0,0.0,0.0
idx:508874,508874,0,server,CWE-476,4104,129,1,0.6921320534967734,0,0,1,0,1,0,1,0,1,0,1,0,1,0.0,1.0,0.0,1.0
idx:216906,216906,1,server,CWE-400,155,6,1,0.5700238099165578,1,1,1,0,0,1,1,0,0,1,1,0,0,0.0,0.0,0.0,0.0
idx:509510,509510,0,server,CWE-400,164,6,1,0.5945146373196917,0,0,1,0,1,0,1,0,1,1,0,0,1,0.0,1.0,0.0,1.0
idx:216938,216938,1,server,CWE-416,15070,476,1,0.43884597829093885,1,0,0,0,0,0,0,0,0,1,1,1,1,0.0,0.0,1.0,1.0
idx:511472,511472,0,server,CWE-416,15074,476,1,0.6887681951557182,0,0,1,0,1,0,1,0,1,1,0,1,0,0.0,1.0,1.0,0.0
idx:216945,216945,1,server,CWE-617,1828,58,1,0.3698009399117365,1,1,1,0,0,0,0,0,0,0,0,0,0,0.0,0.0,0.0,0.0
idx:512825,512825,0,server,CWE-617,2230,68,1,0.383207157888767,0,0,1,0,1,0,1,0,1,0,1,0,1,0.0,1.0,1.0,0.0
idx:216946,216946,1,server,CWE-416,402,13,1,0.5682029602053673,1,1,1,1,1,1,1,1,1,1,1,1,1,1.0,1.0,1.0,1.0
idx:513202,513202,0,server,CWE-416,435,14,1,0.5866344265283173,0,1,0,0,1,0,1,0,1,0,1,1,0,0.0,1.0,0.0,1.0
idx:216965,216965,1,server,CWE-617,5013,146,1,0.6851989277476918,1,1,1,1,1,1,1,1,1,1,1,1,1,0.0,0.0,1.0,1.0
idx:514292,514292,0,server,CWE-617,5121,151,1,0.5912774748543846,0,1,0,1,0,1,0,0,1,1,0,1,0,1.0,0.0,1.0,0.0
idx:217176,217176,1,monit,CWE-79,1566,31,1,0.5502468043490344,1,1,1,1,1,1,1,1,1,1,1,1,1,1.0,1.0,1.0,1.0
idx:517437,517437,0,monit,CWE-79,1551,31,1,0.773002038748349,0,1,0,1,0,1,0,1,0,1,0,1,0,1.0,0.0,1.0,0.0
idx:217459,217459,1,JUCE,CWE-59,2024,59,1,0.4748430577868817,1,1,1,1,1,1,1,1,1,1,1,1,1,1.0,1.0,1.0,1.0
idx:521488,521488,0,JUCE,CWE-59,2458,65,1,0.6555896837384433,0,1,0,1,0,1,0,1,0,1,0,1,0,1.0,0.0,1.0,0.0
idx:217547,217547,1,libMeshb,CWE-120,6479,250,1,0.3953905453291902,1,1,1,1,1,1,1,1,1,1,1,1,1,1.0,1.0,1.0,1.0
idx:522329,522329,0,libMeshb,CWE-120,6485,250,1,0.7955848798294562,0,1,0,1,0,1,0,1,0,1,0,1,0,1.0,0.0,1.0,0.0
idx:217551,217551,1,elfspirit,CWE-125,37504,1322,0,0.23843312890391824,0,1,1,1,1,1,1,1,1,1,1,1,1,1.0,1.0,1.0,1.0
idx:522438,522438,0,elfspirit,CWE-125,37828,1330,1,0.9569315488343242,0,1,0,1,0,1,0,1,0,1,0,1,0,1.0,0.0,1.0,0.0
