sample_key,idx,target,project,cwe,char_len,line_count,memory_api_count,string_api_count,bounds_keyword_count,error_handling_keyword_count,lifecycle_keyword_count,retrieval_top1_score,retrieval_pos_neg_margin_max,retrieval_top1_evidence_role,zero_shot_pred,icl_pred,zero_shot_pred,icl_pred,old_rag_pred,positive_weighted_rag_pred,balanced_grouped_no_label_bc_pred,icl_message_chars,method_pred_entropy
idx:217569,217569,0,ImageMagick6,CWE-704,28274,871,0,2,67,42,0,0.9854605793952942,-0.0013997554779052734,safe_background,1,1,1,1,1,1,1,70793,0.0
idx:218785,218785,0,ImageMagick6,CWE-190,1718,76,0,0,4,7,0,0.9854543209075928,0.007056117057800293,vulnerable_changed,1,1,1,1,1,1,1,5470,0.0
idx:219032,219032,0,tensorflow,CWE-617,2762,76,1,0,2,13,1,0.9544575214385986,0.0003197789192199707,safe_background,1,1,1,1,0,0,1,10849,0.8112781244591328
idx:219912,219912,0,gpac,CWE-476,466,14,0,0,0,4,0,0.9423142075538635,0.002289891242980957,safe_background,1,1,1,1,1,1,1,2636,0.0
idx:220021,220021,0,tensorflow,CWE-190,5527,132,0,0,2,0,1,0.9590068459510803,0.0033107399940490723,vulnerable_changed,1,1,1,1,0,1,1,15221,0.5435644431995964
idx:220201,220201,0,tensorflow,CWE-125,2328,68,1,0,4,7,0,0.9549214839935303,0.002110421657562256,vulnerable_changed,1,1,1,1,0,0,0,42508,1.0
idx:220442,220442,0,mruby,CWE-476,878,42,0,0,11,5,0,0.9425991773605347,0.007182121276855469,vulnerable_changed,1,1,1,1,1,1,1,56495,0.0
idx:220463,220463,0,tensorflow,CWE-476,2769,64,2,0,0,8,0,0.9284628629684448,0.0033898353576660156,vulnerable_changed,1,1,1,1,0,0,1,7818,0.8112781244591328
idx:220804,220804,0,tensorflow,CWE-787,2361,61,0,0,6,0,0,0.9550420045852661,0.0031906962394714355,vulnerable_changed,1,1,1,1,1,1,1,9054,0.0
idx:195059,195059,1,tensorflow,CWE-617,1177,40,0,0,0,10,0,0.9269979000091553,0.007836639881134033,safe_background,0,0,0,0,0,0,0,8901,0.0
idx:220924,220924,0,gpac,CWE-476,16655,541,17,0,33,21,0,0.9643875956535339,0.0061896443367004395,vulnerable_changed,1,1,1,1,1,1,1,35470,0.0
idx:221079,221079,0,gpac,CWE-120,1731,49,0,0,0,5,1,0.9593364000320435,-0.0004793405532836914,safe_background,1,1,1,1,1,1,1,27428,0.0
idx:221160,221160,0,gpac,CWE-415,2707,84,0,0,11,12,0,0.9602817296981812,0.0035380125045776367,vulnerable_changed,1,1,1,1,1,1,1,8944,0.0
idx:221428,221428,0,tensorflow,CWE-617,1679,40,0,0,0,10,0,0.9359503984451294,0.006881415843963623,vulnerable_changed,1,1,1,1,1,0,0,9766,0.8112781244591328
idx:195091,195091,1,tensorflow,CWE-754,2597,57,0,0,11,5,0,0.9504196643829346,0.0,vulnerable_changed,0,0,0,0,0,0,0,10835,0.0
idx:195092,195092,1,hermes,CWE-843,2070,64,0,0,0,16,0,0.9304217100143433,0.006906986236572266,vulnerable_changed,0,0,0,0,0,0,0,83343,0.0
idx:221678,221678,0,e2guardian,CWE-295,3911,122,1,0,1,38,1,0.9269136190414429,0.01042938232421875,vulnerable_changed,1,1,1,1,1,1,1,14896,0.0
idx:222737,222737,0,pjproject,CWE-125,7585,231,0,0,14,11,2,0.9508480429649353,0.004028499126434326,vulnerable_changed,1,1,1,1,1,1,1,31907,0.0
idx:222739,222739,0,gpac,CWE-476,4475,162,4,0,4,19,0,0.9629817008972168,0.009428143501281738,vulnerable_changed,1,1,1,1,1,1,1,30172,0.0
idx:195233,195233,1,tensorflow,CWE-787,360,10,0,0,0,3,0,0.9283635020256042,-0.0008819103240966797,safe_background,0,0,0,0,0,0,1,8447,0.5435644431995964
idx:195234,195234,1,tensorflow,CWE-617,1873,45,0,0,7,2,0,0.9212559461593628,0.0020232200622558594,vulnerable_context,0,0,0,0,0,0,0,6922,0.0
idx:223728,223728,0,tensorflow,CWE-476,4724,121,0,0,1,17,2,0.9268399477005005,0.00521320104598999,vulnerable_changed,1,1,1,1,0,0,1,29966,0.954434002924965
idx:195295,195295,1,mruby,CWE-125,3885,178,0,0,8,0,0,0.9405497312545776,0.0,fixed_changed,0,0,0,0,1,0,0,26294,0.5435644431995964
idx:224208,224208,0,uWebSockets,CWE-787,2571,62,0,0,1,3,1,0.9465688467025757,0.005046844482421875,vulnerable_changed,1,1,1,1,1,1,1,24672,0.0
idx:224281,224281,0,squid,CWE-400,11400,338,8,13,19,33,1,0.9499983787536621,0.0142669677734375,vulnerable_changed,1,1,1,1,1,1,1,28184,0.0
idx:224472,224472,0,gpac,CWE-415,1840,84,1,3,4,5,0,0.9576780796051025,0.005679607391357422,vulnerable_changed,1,1,1,1,1,1,1,7741,0.0
idx:224570,224570,0,tensorflow,CWE-843,3248,87,0,0,0,6,0,0.9754899740219116,-3.9458274841308594e-05,fixed_changed,1,1,1,1,1,1,1,11335,0.0
idx:224728,224728,0,gpac,CWE-415,2479,76,0,0,0,3,0,0.955898642539978,0.005014538764953613,vulnerable_changed,1,1,1,1,1,1,1,6976,0.0
idx:224862,224862,0,tensorflow,CWE-190,6906,131,0,0,14,4,0,0.9523455500602722,0.00843900442123413,vulnerable_changed,1,1,1,1,0,1,1,13030,0.5435644431995964
idx:224891,224891,0,tensorflow,CWE-125,7747,152,0,0,3,1,0,0.9698425531387329,0.004746079444885254,vulnerable_changed,1,1,1,1,1,1,1,22308,0.0
idx:195388,195388,1,postgres,CWE-522,46206,1597,8,9,27,191,29,0.9400221109390259,0.006590843200683594,vulnerable_changed,0,0,0,0,0,0,0,56090,0.0
idx:195389,195389,1,tensorflow,CWE-617,699,19,0,0,0,4,0,0.9200434684753418,0.0,safe_background,0,0,0,0,0,0,0,6955,0.0
idx:225125,225125,0,tensorflow,CWE-190,5193,117,0,0,13,3,0,0.9594714045524597,0.0034638047218322754,vulnerable_changed,1,1,1,1,1,1,1,12043,0.0
idx:225547,225547,0,tensorflow,CWE-190,318,10,0,0,5,1,0,0.931581974029541,-0.002357780933380127,safe_background,1,1,1,1,0,1,1,3946,0.8112781244591328
idx:195403,195403,1,tensorflow,CWE-190,260,8,1,0,4,5,0,0.9447267055511475,-0.0007879137992858887,safe_background,0,0,0,0,0,0,1,3888,0.5435644431995964
idx:225563,225563,0,tensorflow,CWE-369,5009,121,0,0,9,3,0,0.9650185704231262,-0.0012090802192687988,fixed_changed,1,1,1,1,1,1,1,19570,0.0
idx:226029,226029,0,gpac,CWE-476,279,13,0,0,0,3,0,0.9431662559509277,0.002764403820037842,vulnerable_changed,1,1,1,1,1,1,1,4776,0.5435644431995964
idx:228563,228563,0,hhvm,CWE-119,3598,140,3,4,14,14,0,0.9301630854606628,0.010402560234069824,vulnerable_changed,1,1,1,1,1,1,1,11027,0.0
idx:229165,229165,0,qemu,CWE-787,486,20,0,0,4,3,0,0.9633886814117432,-8.893013000488281e-05,fixed_changed,1,1,1,1,1,1,1,2937,0.0
idx:229337,229337,0,tensorflow,CWE-476,1966,45,0,0,0,8,1,0.9409423470497131,0.014657318592071533,vulnerable_changed,1,1,1,1,0,0,0,13679,1.0
idx:230302,230302,0,njs,CWE-703,4486,160,18,0,16,21,15,0.9708391427993774,0.010451972484588623,vulnerable_changed,1,1,1,1,1,1,1,68297,0.0
idx:230394,230394,0,pjproject,CWE-703,3343,123,0,0,0,4,3,0.93860924243927,0.0013625621795654297,vulnerable_changed,1,1,1,1,1,1,1,28437,0.0
idx:231012,231012,0,mruby,CWE-703,51202,1841,0,0,40,122,0,1.000000238418579,-0.005335330963134766,fixed_changed,1,1,1,1,1,1,0,83057,0.5435644431995964
idx:231048,231048,0,FreeRTOS-Kernel,CWE-200,2940,58,0,0,3,5,0,0.9064436554908752,-0.0006622076034545898,safe_background,1,1,1,1,1,1,0,15190,0.5435644431995964
idx:231710,231710,0,mvfst,CWE-703,3434,83,0,0,1,0,0,0.9019692540168762,0.004237353801727295,vulnerable_changed,1,1,1,1,1,0,1,29961,0.8112781244591328
idx:232287,232287,0,libjpeg,CWE-703,5449,151,0,0,10,13,3,0.9244685173034668,0.0027399063110351562,vulnerable_changed,1,1,1,1,1,1,1,31756,0.0
idx:233867,233867,0,php-src,CWE-476,3633,125,0,14,0,11,0,0.9859155416488647,0.026632487773895264,vulnerable_changed,1,1,1,1,1,1,1,12530,0.0
idx:234731,234731,0,linux,CWE-703,4213,148,1,1,0,11,1,0.9569805860519409,0.005037069320678711,vulnerable_changed,1,1,1,1,1,1,1,23454,0.5435644431995964
idx:234875,234875,0,ImageMagick,CWE-125,79225,2414,37,0,166,140,4,1.0,-0.004742741584777832,safe_background,1,1,1,1,1,1,1,105623,0.0
idx:235765,235765,0,tensorflow,CWE-787,7660,163,0,0,10,1,0,0.9539929628372192,0.0031522512435913086,vulnerable_changed,1,1,1,1,1,1,1,17081,0.0
idx:236125,236125,0,gpac,CWE-703,339,10,0,0,4,2,0,0.9620280861854553,0.0015689730644226074,vulnerable_changed,1,1,1,1,1,1,1,4836,0.0
idx:196276,196276,1,lsquic,CWE-269,1227,33,0,0,3,3,0,0.9467276930809021,0.00020110607147216797,safe_background,0,0,0,0,0,0,0,28954,0.0
idx:238803,238803,0,vim,CWE-416,18162,684,2,3,12,103,3,0.9577686786651611,0.005884289741516113,vulnerable_changed,1,1,1,1,1,1,0,72149,0.5435644431995964
idx:240595,240595,0,tensorflow,CWE-369,3658,75,0,0,14,0,0,0.960565447807312,0.003684103488922119,vulnerable_changed,1,1,1,1,1,1,1,11890,0.0
idx:196611,196611,1,booth,CWE-284,1007,50,0,1,1,10,0,0.9564363956451416,0.001924753189086914,vulnerable_changed,0,0,0,0,0,0,0,14682,0.5435644431995964
idx:196621,196621,1,mruby,CWE-787,228,10,0,0,0,1,0,0.9528570175170898,-0.9501098990440369,safe_background,0,0,0,0,0,0,1,1193,0.5435644431995964
idx:196629,196629,1,tensorflow,CWE-354,10045,227,4,0,8,3,2,0.9379404187202454,0.005798518657684326,vulnerable_changed,0,0,0,0,0,0,1,19466,0.5435644431995964
idx:242637,242637,0,gpac,CWE-703,12031,365,2,0,7,26,0,0.9511579275131226,0.004747152328491211,vulnerable_changed,1,1,1,1,0,0,0,30846,0.954434002924965
idx:196698,196698,1,tensorflow,CWE-125,2261,48,0,0,0,1,0,0.9257679581642151,0.004975378513336182,vulnerable_changed,0,0,0,0,0,0,1,8385,0.5435644431995964
idx:196790,196790,1,tensorflow,CWE-703,3832,80,0,0,9,5,0,0.9426587224006653,0.0014637112617492676,vulnerable_changed,0,0,0,0,0,0,1,16385,1.0
idx:245434,245434,0,gpac,CWE-703,6039,179,0,11,6,6,1,0.9483470320701599,0.002192258834838867,vulnerable_changed,1,1,1,1,1,1,1,17224,0.0
idx:246237,246237,0,furnace,CWE-703,12980,281,0,10,16,3,0,0.9327089786529541,0.0039899349212646484,vulnerable_changed,1,1,1,1,1,0,1,64077,0.5435644431995964
idx:196846,196846,1,tensorflow,CWE-369,1159,30,0,0,0,2,0,0.9348767399787903,0.0,fixed_changed,0,0,0,0,0,1,0,4293,0.5435644431995964
idx:246495,246495,0,tensorflow,CWE-369,1915,45,0,0,1,2,0,0.9473526477813721,0.0,safe_background,1,1,1,1,0,1,0,5049,0.954434002924965
idx:246693,246693,0,gpac,CWE-787,1877,65,0,0,5,4,0,0.9662302732467651,0.0,fixed_changed,1,1,1,1,1,1,1,6681,0.0
idx:247337,247337,0,rpm,CWE-284,1625,76,1,0,2,7,1,0.954359233379364,0.003366529941558838,vulnerable_changed,1,1,1,1,1,1,1,11980,0.0
idx:247755,247755,0,cryptopp,CWE-399,1215,41,0,0,0,4,0,0.92615807056427,-0.002728879451751709,safe_background,1,1,1,1,0,0,1,11441,0.954434002924965
idx:249510,249510,0,libjxl,CWE-369,7435,214,18,0,13,8,13,0.9535616636276245,0.004830658435821533,vulnerable_changed,1,1,1,1,1,1,1,44869,0.0
idx:249989,249989,0,gpac,CWE-476,2973,79,0,0,0,11,1,0.9424921870231628,0.004356443881988525,vulnerable_changed,1,1,1,1,0,1,1,14158,0.5435644431995964
idx:250692,250692,0,drogon,CWE-552,959,26,0,0,0,5,0,0.9423331022262573,0.0035899877548217773,vulnerable_changed,1,1,1,1,1,1,1,5315,0.0
idx:252437,252437,0,tinyexr,CWE-20,10240,282,5,0,25,40,0,0.9484859108924866,0.00923067331314087,vulnerable_changed,1,1,1,1,1,1,1,27999,0.0
idx:197128,197128,1,mruby,CWE-125,3787,174,0,0,8,0,0,0.9405497312545776,0.0,fixed_changed,0,0,0,0,0,0,0,26196,0.0
idx:253699,253699,0,linux,CWE-703,6915,282,2,0,12,27,1,0.9421263337135315,0.0,safe_background,1,1,1,1,1,1,1,24345,0.0
idx:253970,253970,0,tensorflow,CWE-476,4946,99,0,0,9,4,0,0.9976662397384644,0.01837158203125,vulnerable_changed,1,1,1,1,0,1,1,11389,0.5435644431995964
idx:255032,255032,0,FFmpeg,CWE-252,1611,50,0,0,4,8,0,0.950453519821167,0.005603015422821045,vulnerable_changed,1,1,1,1,1,1,1,17342,0.0
idx:255574,255574,0,njs,CWE-787,1139,57,0,0,12,11,0,0.9399200677871704,0.0022968053817749023,vulnerable_changed,1,1,1,1,1,0,1,4930,0.5435644431995964
idx:255787,255787,0,tensorflow,CWE-20,5427,119,3,0,1,5,0,0.9264550805091858,0.002513289451599121,vulnerable_changed,1,1,1,1,1,1,1,11684,0.0
idx:255932,255932,0,tensorflow,CWE-369,3318,80,1,0,21,5,0,0.9360512495040894,0.006406426429748535,vulnerable_changed,1,1,1,1,0,0,0,11405,0.8112781244591328
idx:197395,197395,1,tensorflow,CWE-369,1647,45,0,0,0,2,0,0.9532254934310913,-0.002551853656768799,fixed_changed,0,0,0,0,0,0,0,5868,0.0
idx:259515,259515,0,gpac,CWE-416,3091,103,2,0,2,17,3,0.9534635543823242,0.003953397274017334,safe_background,1,1,1,1,1,1,1,19369,0.0
idx:230147,230147,0,glewlwyd,CWE-787,7404,157,5,0,4,49,1,0.9434453248977661,0.005967676639556885,vulnerable_changed,1,1,1,1,1,1,1,45257,0.0
idx:259732,259732,0,tensorflow,CWE-703,3595,74,0,0,3,1,0,0.9746449589729309,0.004748344421386719,vulnerable_changed,1,1,1,1,0,1,1,9912,0.5435644431995964
idx:261220,261220,0,wolfMQTT,CWE-787,7575,242,0,0,2,29,2,0.9409051537513733,0.004338979721069336,vulnerable_changed,1,1,1,1,0,0,1,31897,0.8112781244591328
idx:261769,261769,0,njs,CWE-416,1410,55,7,0,1,5,1,0.9184064865112305,0.008463680744171143,safe_background,1,1,1,1,1,1,1,6380,0.0
idx:262721,262721,0,njs,CWE-703,4564,177,0,0,12,27,0,0.9620441198348999,0.010572075843811035,vulnerable_changed,1,1,1,1,1,0,1,68375,0.5435644431995964
idx:262803,262803,0,tensorflow,CWE-125,2419,51,0,0,4,2,0,0.9999997019767761,0.057861387729644775,vulnerable_changed,1,1,1,1,1,1,1,7278,0.0
idx:263382,263382,0,tensorflow,CWE-703,2266,65,0,0,0,9,0,0.9510757923126221,0.00047516822814941406,vulnerable_context,1,1,1,1,1,1,1,10353,0.0
idx:187732,187732,0,qemu,CWE-264,4695,147,1,0,22,16,0,0.9464443922042847,0.00034314393997192383,vulnerable_changed,1,1,1,1,1,1,1,20617,0.0
idx:264657,264657,0,gpac,CWE-416,1309,42,0,0,0,15,0,0.9497281312942505,-0.004740357398986816,safe_background,1,1,1,1,1,1,1,17587,0.0
idx:197826,197826,1,tensorflow,CWE-824,2329,70,0,0,1,15,0,0.9342254996299744,0.008048951625823975,vulnerable_changed,0,0,0,0,0,0,0,10416,0.0
idx:265432,265432,0,tensorflow,CWE-703,1006,23,0,0,1,1,0,0.9555015563964844,-0.0028206706047058105,safe_background,1,1,1,1,1,1,1,5909,0.0
idx:267917,267917,0,tensorflow,CWE-703,2873,66,0,0,5,2,0,0.9963209629058838,0.008209466934204102,vulnerable_changed,1,1,1,1,1,1,1,9723,0.0
idx:267985,267985,0,radare2,CWE-125,7883,310,9,1,18,27,7,0.9741929173469543,0.01122128963470459,vulnerable_changed,1,1,1,1,1,1,1,15837,0.0
idx:269330,269330,0,tensorflow,CWE-476,7257,141,0,0,3,1,0,0.9698425531387329,0.004746079444885254,vulnerable_changed,1,1,1,1,1,1,1,21818,0.0
idx:269941,269941,0,ImageMagick,CWE-125,16370,487,0,3,30,88,1,1.0000001192092896,1.1920928955078125e-07,vulnerable_changed,1,1,1,1,1,1,1,49430,0.0
idx:271526,271526,0,tensorflow,CWE-369,4881,106,0,0,9,3,0,0.9606647491455078,0.003368377685546875,vulnerable_changed,1,1,1,1,0,0,1,11029,0.8112781244591328
idx:273407,273407,0,tensorflow,CWE-703,8690,183,0,0,0,15,0,0.9643768668174744,-0.0010074377059936523,vulnerable_context,1,1,1,1,1,1,1,23151,0.0
idx:273880,273880,0,uftpd,CWE-787,905,29,0,2,2,3,1,0.9484755992889404,0.001555323600769043,vulnerable_changed,1,1,1,1,1,1,1,7474,0.0
idx:274773,274773,0,mruby,CWE-288,50746,1828,0,0,40,122,0,0.9957659244537354,-0.004718959331512451,fixed_changed,1,1,1,1,1,1,1,83101,0.0
idx:274814,274814,0,pjproject,CWE-787,1988,70,0,0,14,8,0,0.9488303661346436,0.0027285218238830566,vulnerable_changed,1,1,1,1,1,1,1,14241,0.0
idx:275987,275987,0,micro-ecc,CWE-415,3068,82,0,0,0,6,2,0.9337565898895264,0.0,safe_background,1,1,1,1,1,1,1,5948,0.0
idx:276447,276447,0,tensorflow,CWE-416,1233,29,1,0,0,1,4,0.9547367095947266,-0.0038237571716308594,fixed_changed,1,1,1,1,1,1,1,8083,0.0
idx:276993,276993,0,mruby,CWE-703,1845,70,0,0,8,1,0,0.9745779633522034,0.005135953426361084,vulnerable_changed,1,1,1,1,1,1,1,5205,0.0
idx:277489,277489,0,libmobi,CWE-787,2092,55,3,0,0,4,1,0.9584067463874817,0.0032393932342529297,vulnerable_changed,1,1,1,1,1,1,1,16769,0.0
idx:281119,281119,0,ipsec,CWE-125,1566,72,1,0,0,20,1,0.9406472444534302,0.004206597805023193,vulnerable_changed,1,1,1,1,1,1,1,3268,0.0
idx:281247,281247,0,MilkyTracker,CWE-787,8590,419,25,1,22,25,18,0.9373185038566589,0.004247903823852539,vulnerable_changed,1,1,1,1,1,1,1,47847,0.0
idx:199712,199712,1,linux,CWE-415,152,7,1,0,0,0,0,0.9369207620620728,-0.0032840967178344727,safe_background,0,0,0,0,0,0,1,2256,0.5435644431995964
idx:292205,292205,0,hexchat,CWE-22,1809,60,0,2,3,10,0,0.9447061419487,-0.0018833279609680176,safe_background,1,1,1,1,1,1,1,13688,0.0
idx:292609,292609,0,puma,CWE-444,19424,960,0,0,34,385,0,0.9263651371002197,0.003126680850982666,vulnerable_changed,1,1,1,1,1,1,0,95848,0.5435644431995964
idx:293496,293496,0,chafa,CWE-476,15337,342,5,0,11,23,4,0.9492707252502441,0.008756399154663086,vulnerable_changed,1,1,1,1,1,1,1,26920,0.0
idx:295887,295887,0,MilkyTracker,CWE-787,19161,790,28,0,48,31,3,0.9451104998588562,0.005740463733673096,vulnerable_changed,1,1,1,1,1,1,1,65745,0.0
idx:299905,299905,0,exim,CWE-264,13109,426,1,3,0,96,1,0.9490112662315369,0.005883634090423584,vulnerable_changed,1,1,1,1,1,1,1,59693,0.0
idx:299976,299976,0,linux,CWE-200,895,42,2,0,1,8,0,0.9676381349563599,0.005163788795471191,vulnerable_changed,1,1,1,1,1,1,1,4709,0.0
idx:301016,301016,0,ghostpdl,CWE-787,1184,34,0,0,1,0,0,0.9367662668228149,0.0006919503211975098,vulnerable_changed,1,1,1,1,1,1,1,23640,0.5435644431995964
idx:200323,200323,1,vim,CWE-787,39409,1430,6,12,16,24,9,0.9999997615814209,0.007527172565460205,vulnerable_context,0,0,0,0,1,0,0,78653,0.954434002924965
idx:302095,302095,0,radare2,CWE-476,786,25,1,0,3,5,1,0.9479385614395142,0.0039435625076293945,vulnerable_changed,1,1,1,1,0,0,0,4620,0.954434002924965
idx:309831,309831,0,ncurses,CWE-787,1187,66,0,0,10,1,0,0.9365482330322266,0.0020498037338256836,vulnerable_changed,1,1,1,1,1,1,1,9451,0.0
idx:200934,200934,1,libvirt,CWE-212,1308,43,0,0,0,18,0,0.9511979818344116,0.0023152828216552734,vulnerable_changed,0,0,0,0,0,0,0,39690,0.0
idx:313850,313850,0,vim,CWE-787,996,46,0,0,2,7,0,0.9299876689910889,-3.361701965332031e-05,safe_background,1,1,1,1,1,1,1,16306,0.0
idx:314536,314536,0,pjproject,CWE-787,1617,72,0,0,4,7,0,0.947932243347168,0.002452671527862549,vulnerable_changed,1,1,1,1,1,1,1,8162,0.0
idx:201343,201343,1,linux,CWE-416,204,6,0,0,0,3,0,0.9409523606300354,-0.009820044040679932,safe_background,0,0,0,0,0,0,1,1110,1.0
idx:318099,318099,0,wireless-drivers,CWE-415,1400,58,3,0,1,7,0,0.9648504853248596,5.9664249420166016e-05,vulnerable_changed,1,1,1,1,0,0,1,8379,0.8112781244591328
idx:318781,318781,0,gerbv,CWE-787,7886,234,4,0,22,21,1,0.9426348805427551,0.003399670124053955,vulnerable_changed,1,1,1,1,1,1,1,61471,0.0
idx:201913,201913,1,libarchive,CWE-59,2210,95,0,0,0,17,4,0.9563739895820618,0.003229081630706787,vulnerable_changed,0,0,0,0,0,0,0,5661,0.0
idx:328807,328807,0,vim,CWE-787,20005,766,6,0,30,87,14,0.9414843916893005,0.004342079162597656,vulnerable_changed,1,1,1,1,1,0,1,75378,0.5435644431995964
idx:328836,328836,0,radare2,CWE-125,1167,32,1,0,13,7,1,0.9456377029418945,9.03010368347168e-05,fixed_changed,1,1,1,1,1,1,1,4293,0.0
idx:329925,329925,0,cairo,CWE-787,2984,119,1,0,5,10,0,0.9405606985092163,0.001921534538269043,vulnerable_changed,1,1,1,1,1,1,1,59264,0.0
idx:332375,332375,0,vim,CWE-787,3119,121,3,0,24,2,0,0.9471995830535889,0.0012447237968444824,vulnerable_changed,1,1,1,1,1,1,1,16257,0.0
idx:333041,333041,0,vim,CWE-122,1239,51,0,0,0,3,0,0.9335436820983887,-0.0027527213096618652,vulnerable_context,1,1,1,1,1,1,1,21354,0.0
idx:336106,336106,0,net,CWE-125,2085,79,0,0,10,5,0,0.9593526124954224,0.0030199289321899414,vulnerable_changed,1,1,1,1,1,1,1,4736,0.0
idx:202708,202708,1,vim,CWE-476,576,26,0,0,0,9,0,0.933066725730896,0.0062670111656188965,vulnerable_changed,0,0,0,0,0,0,0,5865,0.0
idx:339712,339712,0,php-src,CWE-119,562,26,0,0,2,2,0,0.9527826309204102,-0.000915825366973877,fixed_changed,1,1,1,1,1,1,1,4098,0.0
idx:341817,341817,0,ghostpdl,CWE-787,1279,51,1,0,16,5,0,0.9447214007377625,-0.0005570650100708008,vulnerable_context,1,1,1,1,1,1,1,9485,0.0
idx:343175,343175,0,linux,CWE-787,2029,91,0,0,5,12,0,0.9555221199989319,0.00034034252166748047,vulnerable_changed,1,1,1,1,1,0,1,11461,0.5435644431995964
idx:343158,343158,0,linux,CWE-787,1975,90,0,0,5,10,0,0.9562951326370239,0.0011136531829833984,vulnerable_changed,1,1,1,1,1,1,1,11407,0.0
idx:202943,202943,1,lua,CWE-787,434,12,0,0,0,1,0,0.9484584331512451,0.0004957914352416992,vulnerable_changed,0,0,0,0,0,0,0,5454,0.0
idx:345131,345131,0,linux,CWE-703,1585,73,8,0,3,8,8,0.9502585530281067,0.0030707120895385742,vulnerable_changed,1,1,1,1,1,1,1,10140,0.0
idx:349259,349259,0,squashfs-tools,CWE-200,3559,138,2,1,33,33,0,0.9265142679214478,0.006322681903839111,vulnerable_changed,1,1,1,1,0,1,1,9251,0.5435644431995964
idx:349259#dup2,349259,0,squashfs-tools,CWE-200,3559,138,2,1,33,33,0,,,,1,1,1,1,1,,,9251,0.0
idx:349251,349251,0,squashfs-tools,CWE-200,3267,124,2,1,29,33,0,0.9310237765312195,0.007493734359741211,vulnerable_changed,1,1,1,1,0,1,1,8959,0.5435644431995964
idx:351182,351182,0,shapelib,CWE-415,719,36,8,2,2,13,6,0.9479580521583557,0.004907548427581787,vulnerable_changed,1,1,1,1,1,1,1,3658,0.0
idx:353015,353015,0,openldap,CWE-617,3647,163,0,0,0,14,0,1.000000238418579,-0.032380104064941406,safe_background,1,1,1,1,1,1,1,11438,0.0
idx:353124,353124,0,poppler,CWE-369,6992,205,7,0,2,12,4,0.9385244846343994,0.011645615100860596,vulnerable_changed,1,1,1,1,1,1,1,13083,0.0
idx:355014,355014,0,pjproject,CWE-125,784,26,0,0,7,0,1,0.9508324861526489,-0.0018213987350463867,safe_background,1,1,1,1,1,1,1,4464,0.0
idx:204243,204243,1,vim,CWE-787,6093,271,1,0,10,31,3,0.958290696144104,0.013030469417572021,vulnerable_changed,0,0,0,0,0,0,1,61466,0.5435644431995964
idx:356170,356170,0,firejail,CWE-94,970,35,1,0,0,7,0,0.9680836200714111,0.0046634674072265625,vulnerable_changed,1,1,1,1,1,1,1,6662,0.0
idx:357668,357668,0,squirrel,CWE-125,1893,50,0,0,3,5,1,0.9335641860961914,0.003322780132293701,vulnerable_changed,1,1,1,1,1,0,1,35071,0.5435644431995964
idx:359365,359365,0,frr,CWE-125,3211,105,1,0,11,8,0,0.952866792678833,5.507469177246094e-05,vulnerable_changed,1,1,1,1,1,1,1,13002,0.0
idx:359843,359843,0,ImageMagick,CWE-617,16656,476,2,0,10,92,2,0.9475723505020142,0.006154060363769531,vulnerable_changed,1,1,1,1,0,1,1,78435,0.5435644431995964
idx:361755,361755,0,linux,CWE-416,8029,297,7,1,2,21,3,0.9405232667922974,0.0054489970207214355,vulnerable_changed,1,1,1,1,1,1,1,33501,0.0
idx:204830,204830,1,linux,CWE-200,422,17,0,0,0,3,0,0.9559057950973511,-0.0009312033653259277,vulnerable_context,0,0,0,0,1,0,1,1618,0.954434002924965
idx:205630,205630,1,linux,CWE-94,1193,42,0,0,0,5,0,0.9554912447929382,0.0026851892471313477,vulnerable_changed,0,0,0,0,0,0,0,11076,0.0
idx:371185,371185,0,rizin,CWE-787,1209,63,3,0,0,34,1,0.9508885741233826,0.0033383965492248535,fixed_changed,1,1,1,1,1,1,1,4149,0.0
idx:205736,205736,1,linux,CWE-834,110,4,0,0,0,0,0,0.933734118938446,-0.002780616283416748,fixed_changed,0,0,0,0,0,0,0,2325,0.0
idx:372352,372352,0,Singular,CWE-269,1744,87,0,5,4,18,4,0.9242751598358154,0.00023287534713745117,safe_background,1,1,1,1,1,1,1,13060,0.0
idx:205823,205823,1,ovs,CWE-401,991,25,0,0,1,0,0,0.9436839818954468,-0.0015590786933898926,vulnerable_context,0,0,0,0,0,0,0,4208,0.8112781244591328
idx:373535,373535,0,ovs,CWE-401,1051,27,0,0,1,0,0,0.9436839818954468,-0.0015590786933898926,vulnerable_context,1,1,1,1,0,0,1,4268,0.954434002924965
idx:206025,206025,1,evolution-data-server,CWE-200,295,11,0,0,0,1,0,0.9389800429344177,-0.00047409534454345703,safe_background,0,0,0,0,0,0,0,8733,0.0
idx:376678,376678,0,gimp,CWE-125,7880,275,1,1,14,21,7,0.9819540977478027,0.003260195255279541,vulnerable_changed,1,1,1,1,1,1,1,26611,0.0
idx:376682,376682,0,tigervnc,CWE-672,3002,131,0,0,16,6,0,0.9426440596580505,0.00208204984664917,vulnerable_context,1,1,1,1,1,1,1,16261,0.0
idx:379671,379671,0,radare2,CWE-416,5476,177,8,8,0,28,8,0.9434003829956055,0.0028003454208374023,vulnerable_context,1,1,1,1,1,0,0,26020,0.954434002924965
idx:206417,206417,1,vim,CWE-787,10082,400,5,0,5,22,16,0.9634653329849243,0.006507396697998047,vulnerable_changed,0,0,0,0,1,0,0,65455,0.5435644431995964
idx:382797,382797,0,php-src,CWE-119,400,24,1,0,3,2,0,0.9676592946052551,-0.011069297790527344,vulnerable_context,1,1,1,1,1,0,1,2140,0.8112781244591328
idx:383316,383316,0,php-src,CWE-119,1467,71,0,0,0,2,0,0.9939646124839783,0.02375692129135132,vulnerable_changed,1,1,1,1,1,1,1,5789,0.0
idx:384124,384124,0,raptor,CWE-787,8301,221,1,1,9,25,0,0.9216328263282776,0.008151471614837646,vulnerable_changed,1,1,1,1,1,1,1,46683,0.0
idx:384677,384677,0,nbdkit,CWE-924,19005,539,12,3,12,77,4,0.9494649171829224,0.005981743335723877,vulnerable_changed,1,1,1,1,1,1,1,63799,0.0
idx:206676,206676,1,vim,CWE-122,6235,242,0,0,2,11,4,0.9562565088272095,0.0018655657768249512,vulnerable_changed,0,0,0,0,0,0,0,17556,0.5435644431995964
idx:384803,384803,0,vim,CWE-703,5340,211,0,0,13,25,0,0.9459242224693298,0.00909888744354248,vulnerable_changed,1,1,1,1,0,1,1,28224,0.5435644431995964
idx:386565,386565,0,qcad,CWE-191,1296,39,2,0,0,5,1,0.9075235724449158,0.007275998592376709,vulnerable_changed,1,1,1,1,1,1,1,28423,0.0
idx:206845,206845,1,linux,CWE-125,352,14,0,0,1,1,0,0.9450438022613525,-0.0020926594734191895,fixed_changed,0,0,0,0,0,0,0,3180,0.0
idx:389676,389676,0,vim,CWE-125,3822,170,0,0,4,16,0,0.95772784948349,0.011495530605316162,vulnerable_changed,1,1,1,1,1,1,1,8669,0.0
idx:393528,393528,0,squirrel,CWE-703,650,19,0,0,0,3,0,0.9340174198150635,-0.0010475516319274902,safe_background,1,1,1,1,0,1,1,20241,0.5435644431995964
idx:397644,397644,0,autotrace,CWE-787,10785,354,2,7,5,71,24,0.9498216509819031,0.0018341541290283203,vulnerable_context,1,1,1,1,1,1,1,37766,0.0
idx:398518,398518,0,rizin,CWE-787,1498,41,2,1,4,3,2,0.9442353844642639,0.004257678985595703,vulnerable_changed,1,1,1,1,1,1,1,5957,0.0
idx:400109,400109,0,EternalTerminal,CWE-362,275,8,0,0,0,1,0,0.927410364151001,-0.0025423169136047363,vulnerable_context,1,1,1,1,1,1,1,18800,0.0
idx:400103,400103,0,EternalTerminal,CWE-362,848,26,0,1,2,1,0,0.9576972723007202,-0.0008394122123718262,safe_background,1,1,1,1,1,1,1,4368,0.0
idx:207719,207719,1,vim,CWE-787,569,26,0,0,0,1,0,0.9650080800056458,-0.0014399886131286621,fixed_changed,0,0,0,0,1,1,1,11890,0.954434002924965
idx:400735,400735,0,linux,CWE-284,1005,48,0,0,10,5,0,0.954790472984314,0.015137910842895508,vulnerable_changed,1,1,1,1,1,1,1,6131,0.0
idx:400743,400743,0,linux,CWE-284,1080,48,0,0,16,4,0,0.9764875173568726,0.014208376407623291,vulnerable_changed,1,1,1,1,1,1,1,3237,0.0
idx:400779,400779,0,php-src,CWE-200,2044,74,2,0,0,15,0,0.9907552003860474,0.07749837636947632,vulnerable_changed,1,1,1,1,1,1,1,8343,0.0
idx:401034,401034,0,radare2,CWE-703,4229,168,1,6,2,37,1,0.9657679796218872,0.007974445819854736,vulnerable_changed,1,1,1,1,1,1,1,40943,0.0
idx:207803,207803,1,linux,CWE-200,1703,64,0,0,10,3,0,0.9385461807250977,0.0007123947143554688,vulnerable_changed,0,0,0,0,0,0,0,3714,0.0
idx:207804,207804,1,linux,CWE-200,384,16,0,0,0,0,0,0.9330142140388489,-0.0010606050491333008,safe_background,0,0,0,0,0,0,0,3949,0.0
idx:207990,207990,1,pcre2,CWE-703,4749,217,0,0,27,3,2,0.943650484085083,0.006703197956085205,vulnerable_changed,0,0,0,0,1,0,0,60754,0.5435644431995964
idx:405698,405698,0,linux,CWE-703,2256,88,0,0,1,14,1,0.9444020390510559,0.0026059746742248535,vulnerable_changed,1,1,1,1,0,0,1,10118,0.8112781244591328
idx:208140,208140,1,util-linux,CWE-200,7619,310,2,3,1,29,2,0.9381383657455444,0.0038117170333862305,vulnerable_changed,0,0,0,0,0,0,0,19658,0.0
idx:408968,408968,0,vim,CWE-787,2270,97,0,0,15,15,1,0.9475947618484497,0.0048635005950927734,vulnerable_changed,1,1,1,1,1,1,1,20442,0.0
idx:409515,409515,0,vim,CWE-787,16039,605,2,0,77,32,9,0.9449300765991211,0.005761981010437012,vulnerable_changed,1,1,1,1,1,1,0,63632,0.5435644431995964
idx:411926,411926,0,heimdal,CWE-476,31969,1042,16,7,15,228,15,0.9382337331771851,0.00517582893371582,vulnerable_changed,1,1,1,1,1,1,1,86332,0.0
idx:412117,412117,0,unbound,CWE-190,2728,75,3,16,3,3,1,0.9452822208404541,0.005280971527099609,vulnerable_changed,1,1,1,1,1,1,1,8035,0.0
idx:208525,208525,1,vim,CWE-787,1598,70,2,0,0,3,1,0.9264791011810303,-0.001190483570098877,safe_background,0,0,0,0,0,0,0,18434,0.0
idx:208535,208535,1,rizin,CWE-415,148,5,0,0,0,3,0,0.9389716386795044,-0.006289303302764893,safe_background,0,0,0,0,0,0,1,7415,0.954434002924965
idx:208654,208654,1,php-src,CWE-416,4635,85,1,0,1,15,0,0.944227933883667,0.000661015510559082,fixed_changed,0,0,0,0,0,0,1,24928,0.5435644431995964
idx:208912,208912,1,vim,CWE-416,25369,1011,5,0,6,92,16,0.9475705623626709,0.006352066993713379,vulnerable_changed,0,0,0,0,0,0,0,80742,0.0
idx:209102,209102,1,vim,CWE-703,22314,829,1,0,6,65,21,0.9430056810379028,0.003345966339111328,vulnerable_changed,0,0,0,0,0,0,0,73066,0.8112781244591328
idx:209955,209955,1,linux,CWE-476,5021,182,0,1,5,18,0,0.9595833420753479,0.0020920634269714355,vulnerable_changed,0,0,0,0,0,0,1,14392,0.5435644431995964
idx:210050,210050,1,lua,CWE-125,467,12,0,0,0,0,1,0.9269116520881653,-0.00668489933013916,safe_background,0,0,0,0,0,0,0,7349,0.0
idx:427707,427707,0,file,CWE-787,3963,154,2,0,19,32,1,0.9511364698410034,0.004232943058013916,vulnerable_changed,1,1,1,1,1,1,1,19092,0.0
idx:210203,210203,1,linux,CWE-787,94,4,0,0,2,1,0,0.9355863332748413,0.0014455914497375488,vulnerable_changed,0,0,0,0,0,0,0,988,0.0
idx:430470,430470,0,squid,CWE-400,11220,333,8,13,19,33,1,0.9229904413223267,0.012241840362548828,vulnerable_changed,1,1,1,1,1,1,1,28004,0.0
idx:210273,210273,1,mongo,CWE-617,10193,171,0,0,4,14,23,0.9216801524162292,0.0025929808616638184,vulnerable_changed,0,0,0,0,0,0,0,27433,0.0
idx:210278,210278,1,unicorn,CWE-476,402,17,0,0,0,3,0,0.923976480960846,-7.510185241699219e-06,vulnerable_context,0,0,0,0,1,0,0,5729,0.8112781244591328
idx:432351,432351,0,dpdk,CWE-703,3099,99,0,0,7,15,1,0.9723502397537231,0.0,fixed_changed,1,1,1,1,1,1,1,8837,0.0
idx:434902,434902,0,ghostpdl,CWE-119,757,24,4,0,0,0,0,0.9340873956680298,0.0015189647674560547,vulnerable_changed,1,1,1,1,1,1,1,43724,0.0
idx:437003,437003,0,linux,CWE-415,1579,64,1,0,1,12,0,0.959571361541748,0.004319906234741211,vulnerable_changed,1,1,1,1,1,1,1,8160,0.0
idx:437671,437671,0,radare2,CWE-787,2630,73,5,0,10,23,1,0.9457882642745972,0.0040711164474487305,vulnerable_changed,1,1,1,1,1,1,1,17454,0.0
idx:210620,210620,1,linux,CWE-415,751,30,2,0,1,7,1,0.9616374969482422,-0.0005533695220947266,safe_background,0,0,0,0,0,0,1,6727,0.954434002924965
idx:439114,439114,0,ImageMagick6,CWE-401,34604,976,3,0,126,70,1,0.9958339929580688,0.0,safe_background,1,1,1,1,1,1,1,101365,0.0
idx:439266,439266,0,ImageMagick6,CWE-835,34707,977,3,0,126,70,1,1.0000003576278687,0.02368706464767456,vulnerable_changed,1,1,1,1,1,1,1,101408,0.0
idx:439495,439495,0,squashfs-tools,CWE-22,3490,123,11,1,27,22,2,0.9275617003440857,0.01133960485458374,vulnerable_context,1,1,1,1,1,1,1,9182,0.0
idx:439495#dup2,439495,0,squashfs-tools,CWE-22,3490,123,11,1,27,22,2,,,,1,1,1,1,1,,,9182,0.0
idx:439500,439500,0,squashfs-tools,CWE-22,3190,113,7,1,23,22,2,0.9275617003440857,0.01133960485458374,vulnerable_context,1,1,1,1,1,1,1,8882,0.0
idx:440872,440872,0,xserver,CWE-863,1248,38,2,0,0,5,2,0.9402438402175903,0.004378676414489746,vulnerable_changed,1,1,1,1,1,1,1,4370,0.0
idx:441822,441822,0,xserver,CWE-191,2401,76,0,0,12,4,0,0.9305192232131958,0.00406193733215332,vulnerable_changed,1,1,1,1,1,1,1,9308,0.0
idx:442815,442815,0,curl,CWE-125,954,40,0,1,7,0,0,0.9880235195159912,0.03812599182128906,vulnerable_changed,1,1,1,1,1,1,1,3410,0.0
idx:210910,210910,1,vim,CWE-200,3475,144,0,0,29,1,1,0.9494797587394714,0.003973543643951416,vulnerable_changed,0,0,0,0,1,0,0,11216,0.954434002924965
idx:444900,444900,0,cifs-utils,CWE-20,3041,122,1,0,0,15,1,0.9583010077476501,-0.0013346672058105469,safe_background,1,1,1,1,0,0,1,15080,0.954434002924965
idx:445995,445995,0,file-roller,CWE-22,7667,256,0,0,2,65,0,1.0000001192092896,0.057711005210876465,vulnerable_changed,1,1,1,1,1,1,1,27523,0.0
idx:446058,446058,0,libtiff,CWE-787,5176,203,1,0,15,12,0,0.9484707117080688,0.005810260772705078,vulnerable_changed,1,1,1,1,1,1,1,38220,0.0
idx:446279,446279,0,libmobi,CWE-125,6806,151,8,1,22,31,3,0.956234335899353,0.004646420478820801,vulnerable_changed,1,1,1,1,1,1,1,25222,0.0
idx:447053,447053,0,exiv2,CWE-125,8454,177,7,1,45,4,4,1.0,0.002215743064880371,vulnerable_changed,1,1,1,1,1,1,1,25949,0.0
idx:448562,448562,0,frr,CWE-125,3275,121,1,0,16,10,0,0.9295833110809326,4.696846008300781e-05,vulnerable_changed,1,1,1,1,1,1,1,13066,0.0
idx:448584,448584,0,gdk-pixbuf,CWE-189,3351,134,0,15,6,16,1,0.9212936758995056,0.002713501453399658,vulnerable_changed,1,1,1,1,1,1,1,11118,0.0
idx:211563,211563,1,vim,CWE-122,1349,47,0,0,0,0,0,0.9440128207206726,-0.0014050006866455078,vulnerable_context,0,0,0,0,0,0,0,12670,0.0
idx:449321,449321,0,clamav-devel,CWE-189,468,21,1,0,7,10,1,0.9516614079475403,-0.0024416446685791016,safe_background,1,1,1,1,1,1,1,9937,0.0
idx:211695,211695,1,vim,CWE-416,1662,73,0,0,0,11,0,0.9451519250869751,-0.0019298791885375977,fixed_changed,0,0,0,0,0,0,1,10805,0.5435644431995964
idx:450812,450812,0,gnulib,CWE-119,28169,876,32,23,13,152,13,0.9332834482192993,0.01550358533859253,vulnerable_changed,1,1,1,1,1,1,1,74753,0.0
idx:450830,450830,0,linux,CWE-120,1715,61,2,0,9,7,0,0.9515403509140015,0.0012006759643554688,vulnerable_changed,1,1,1,1,1,1,1,58408,0.0
idx:452391,452391,0,ImageMagick6,CWE-787,34505,1024,2,0,66,142,0,0.9999998807907104,0.0,safe_background,1,1,1,1,1,1,1,100243,0.0
idx:453265,453265,0,jasper,CWE-125,9401,358,0,0,4,57,5,0.9981731176376343,0.03341853618621826,vulnerable_changed,1,1,1,1,1,1,1,30756,0.0
idx:455177,455177,0,libmobi,CWE-119,2146,54,1,0,7,25,1,0.9550154209136963,0.0009453296661376953,vulnerable_changed,1,1,1,1,0,0,1,10838,0.8112781244591328
idx:455356,455356,0,bash,CWE-787,720,27,0,0,0,1,0,0.947342038154602,0.006367862224578857,vulnerable_changed,1,1,1,1,1,1,1,3104,0.0
idx:457772,457772,0,icecast-server,CWE-119,1913,50,1,1,21,6,0,0.9242650270462036,0.005875587463378906,vulnerable_changed,1,1,1,1,1,1,1,14658,0.0
idx:459107,459107,0,linux,CWE-416,5631,233,3,0,3,71,1,0.9575740694999695,0.007413268089294434,vulnerable_changed,1,1,1,1,1,0,1,35598,0.5435644431995964
idx:459400,459400,0,vim,CWE-416,17024,696,4,1,21,47,3,0.9342244863510132,0.010997653007507324,vulnerable_changed,1,1,1,1,1,0,0,68919,1.0
idx:462278,462278,0,pjproject,CWE-191,792,31,0,0,2,1,1,0.9575019478797913,-0.0009522438049316406,safe_background,1,1,1,1,1,1,1,18424,0.0
idx:462395,462395,0,php-src,CWE-476,3878,140,0,14,3,17,0,0.9792101979255676,-0.0008886456489562988,fixed_changed,1,1,1,1,1,1,1,12775,0.0
idx:462409,462409,0,rsyslog,CWE-190,4889,134,2,0,9,5,0,0.9472366571426392,0.0014195442199707031,vulnerable_changed,1,1,1,1,1,1,1,31196,0.0
idx:212857,212857,1,vim,CWE-416,2622,111,1,0,0,35,2,0.9466654062271118,0.00019884109497070312,safe_background,0,0,0,0,0,0,1,6952,0.954434002924965
idx:462566,462566,0,newsbeuter,CWE-787,1406,36,0,0,1,4,0,0.93354332447052,0.0017895102500915527,fixed_changed,1,1,1,1,1,1,1,52754,0.0
idx:212934,212934,1,cyrus-imapd,CWE-732,3456,106,2,0,11,15,1,0.9543606042861938,0.007845818996429443,vulnerable_changed,0,0,0,0,0,0,1,12342,0.954434002924965
idx:463476,463476,0,linux,CWE-476,2008,91,0,0,0,6,0,0.943444013595581,0.0036249160766601562,safe_background,1,1,1,1,1,1,1,2791,0.0
idx:464942,464942,0,php-src,CWE-125,2059,84,0,0,2,1,0,0.9466711282730103,0.003255128860473633,vulnerable_changed,1,1,1,1,1,1,1,12499,0.0
idx:465854,465854,0,linux,CWE-416,369,16,1,0,0,0,0,0.9453005790710449,-0.0014605522155761719,fixed_changed,1,1,1,1,1,1,1,2770,0.0
idx:474462,474462,0,libvncserver,CWE-787,836,36,0,0,1,4,0,0.9449840784072876,-0.004425942897796631,safe_background,1,1,1,1,1,1,1,37378,0.0
idx:475987,475987,0,chafa,CWE-125,2382,81,2,0,2,7,2,0.9562021493911743,0.004796385765075684,vulnerable_changed,1,1,1,1,1,1,1,10443,0.0
idx:476103,476103,0,linux,CWE-476,11424,425,3,0,18,31,1,0.9558824300765991,0.006694197654724121,vulnerable_changed,1,1,1,1,1,1,1,36896,0.0
idx:477273,477273,0,linux,CWE-20,1682,60,3,0,11,9,0,0.9573958516120911,0.004677712917327881,vulnerable_changed,1,1,1,1,1,1,1,39535,0.0
idx:477380,477380,0,radare2,CWE-787,2596,68,1,0,19,19,1,0.9409254193305969,0.0005820393562316895,vulnerable_changed,1,1,1,1,1,1,1,5722,0.0
idx:477946,477946,0,clamav-devel,CWE-20,5230,174,0,0,7,21,0,0.9380680322647095,-0.0005177855491638184,safe_background,1,1,1,1,1,1,1,38274,0.0
idx:477975,477975,0,php-src,CWE-119,1227,39,3,0,14,4,0,0.9451095461845398,0.001622021198272705,fixed_changed,1,1,1,1,1,1,1,24042,0.0
idx:214948,214948,1,nagioscore,CWE-476,776,33,0,2,1,9,0,0.9521070718765259,-0.0006379485130310059,safe_background,0,0,0,0,0,0,1,15043,1.0
idx:482533,482533,0,liblouis,CWE-787,49195,1464,22,6,124,279,10,0.9367398023605347,0.006035268306732178,vulnerable_changed,1,1,1,1,1,1,1,66085,0.0
idx:482692,482692,0,gst-plugins-good,CWE-125,5690,173,3,0,12,18,0,0.9426119327545166,0.00025409460067749023,vulnerable_context,1,1,1,1,1,1,1,24505,0.0
idx:215073,215073,1,linux,CWE-269,503,17,0,0,4,2,0,0.9385315179824829,0.0010017156600952148,vulnerable_changed,0,0,0,0,0,1,1,3982,0.8112781244591328
idx:215103,215103,1,mongo,CWE-617,9585,161,0,0,4,12,23,0.9216801524162292,0.0025929808616638184,vulnerable_changed,0,0,0,0,0,0,0,26825,0.0
idx:215142,215142,1,open62541,CWE-703,500,11,0,0,0,0,0,0.9237877130508423,-0.006738781929016113,safe_background,0,0,0,0,0,0,0,11485,0.0
idx:484732,484732,0,libmobi,CWE-787,737,21,1,0,14,4,0,0.9607822895050049,0.002485334873199463,vulnerable_changed,1,1,1,1,1,1,1,3169,0.0
idx:486796,486796,0,qemu,CWE-835,6058,150,0,0,5,3,0,0.9557304978370667,0.0041037797927856445,vulnerable_changed,1,1,1,1,1,1,1,13585,0.0
idx:486837,486837,0,perl5,CWE-120,82226,1990,4,0,31,85,13,0.9515604972839355,0.008984386920928955,vulnerable_changed,1,1,1,1,1,1,0,91204,0.5435644431995964
idx:215391,215391,1,linux-2.6,CWE-20,403,11,0,0,2,2,0,0.9389445781707764,-0.00906527042388916,fixed_changed,0,0,0,0,0,0,1,5111,1.0
idx:489215,489215,0,linux-2.6,CWE-119,724,27,0,0,3,10,0,0.9532625675201416,0.0017495155334472656,vulnerable_context,1,1,1,1,1,1,1,21894,0.0
idx:489221,489221,0,linux-2.6,CWE-20,3033,142,0,0,41,19,0,0.9504504203796387,0.003719151020050049,vulnerable_changed,1,1,1,1,1,1,1,9624,0.0
idx:491979,491979,0,gzip,CWE-189,4781,190,3,0,0,6,1,0.9372220039367676,0.00741267204284668,vulnerable_changed,1,1,1,1,1,1,1,23879,0.0
idx:498918,498918,0,tar,CWE-476,3339,84,0,0,2,9,0,1.0000001192092896,0.0,safe_background,1,1,1,1,1,1,1,10062,0.0
idx:503985,503985,0,core,CWE-20,4359,110,2,6,8,45,0,0.941413402557373,0.005802273750305176,vulnerable_changed,1,1,1,1,0,0,0,20030,0.954434002924965
idx:504608,504608,0,libtiff,CWE-770,2542,94,0,0,12,20,0,0.9422459006309509,0.0,fixed_changed,1,1,1,1,1,1,1,39987,0.0
idx:505654,505654,0,core,CWE-835,1902,71,0,0,0,6,0,0.944324791431427,0.004619300365447998,vulnerable_context,1,1,1,1,1,1,1,67607,0.0
idx:216812,216812,1,openssl,CWE-476,95,5,0,0,0,1,0,0.9228329658508301,-0.015267789363861084,safe_background,0,0,0,0,0,0,0,3858,0.0
idx:216903,216903,1,server,CWE-476,3525,115,0,0,0,8,0,0.9309641122817993,0.0030246973037719727,vulnerable_changed,0,0,0,0,0,0,0,60931,0.0
idx:514292,514292,0,server,CWE-617,5121,151,1,1,2,1,0,0.9360689520835876,0.006985127925872803,vulnerable_changed,1,1,1,1,1,1,1,34411,0.5435644431995964
idx:517437,517437,0,monit,CWE-79,1551,31,0,0,3,2,0,0.9572163224220276,0.0008612275123596191,vulnerable_context,1,1,1,1,1,1,1,21662,0.0
idx:521488,521488,0,JUCE,CWE-59,2458,65,0,0,3,24,0,0.9310109615325928,0.011210799217224121,vulnerable_changed,1,1,1,1,1,1,1,39172,0.0
idx:522329,522329,0,libMeshb,CWE-120,6485,250,3,8,5,36,3,0.9510483741760254,0.003798842430114746,vulnerable_changed,1,1,1,1,1,1,1,41402,0.0
idx:522438,522438,0,elfspirit,CWE-125,37828,1330,2,22,15,10,0,0.9409846067428589,0.0013366937637329102,vulnerable_changed,1,1,1,1,1,1,1,62789,0.0
