idx,sample_key,target,prediction,correct,prompt_mode,func_char_len,prompt_tokens,completion_tokens,total_tokens,response
194963,ImageMagick6_dc070da861a015d3c97488fdcca6063b44d47a7b,1,1,1,,,13799,6,13805,YES
217569,ImageMagick6_dc070da861a015d3c97488fdcca6063b44d47a7b,0,1,0,rag,28274,13830,6,13836,YES
194989,ImageMagick6_450949ed017f009b399c937cf362f0058eacc5fa,1,1,1,,,1440,6,1446,YES
218785,ImageMagick6_450949ed017f009b399c937cf362f0058eacc5fa,0,1,0,,,1451,6,1457,YES
194994,tensorflow_c79ccba517dbb1a0ccb9b01ee3bd2a63748b60dd,1,0,0,,,3666,6,3672,NO
218852,tensorflow_c79ccba517dbb1a0ccb9b01ee3bd2a63748b60dd,0,0,1,,,3519,6,3525,NO
194996,tensorflow_4f38b1ac8e42727e18a2f0bde06d3bee8e77b250,1,1,1,,,1322,6,1328,YES
218933,tensorflow_4f38b1ac8e42727e18a2f0bde06d3bee8e77b250,0,0,1,,,1436,6,1442,NO
194998,tensorflow_240655511cd3e701155f944a972db71b6c0b1bb6,1,1,1,,,1925,6,1931,YES
219032,tensorflow_240655511cd3e701155f944a972db71b6c0b1bb6,0,0,1,,,1870,6,1876,NO
195017,gpac_ad18ece95fa064efc0995c4ab2c985f77fb166ec,1,1,1,,,1180,6,1186,YES
219912,gpac_ad18ece95fa064efc0995c4ab2c985f77fb166ec,0,0,1,,,1187,6,1193,NO
195019,tensorflow_6b5adc0877de832b2a7c189532dbbbc64622eeb6,1,0,0,rag,2808,1854,6,1860,NO
219931,tensorflow_6b5adc0877de832b2a7c189532dbbbc64622eeb6,0,0,1,,,1988,6,1994,NO
195022,glewlwyd_125281f1c0d4b6a8b49f7e55a757205a2ef01fbe,1,1,1,,,5156,6,5162,YES
219947,glewlwyd_125281f1c0d4b6a8b49f7e55a757205a2ef01fbe,0,1,0,,,4990,6,4996,YES
195023,tensorflow_a68f68061e263a88321c104a6c911fe5598050a8,1,1,1,,,3019,6,3025,YES
220021,tensorflow_a68f68061e263a88321c104a6c911fe5598050a8,0,0,1,,,2969,6,2975,NO
195026,linux_ab0fc21bc7105b54bafd85bd8b82742f9e68898a,1,1,1,rag,1703,1682,6,1688,YES
220100,linux_ab0fc21bc7105b54bafd85bd8b82742f9e68898a,0,1,0,,,1674,6,1680,YES
195028,tensorflow_ab51e5b813573dc9f51efa335aebcf2994125ee9,1,0,0,,,2476,6,2482,NO
220168,tensorflow_ab51e5b813573dc9f51efa335aebcf2994125ee9,0,1,0,,,2672,6,2678,YES
195029,tensorflow_c99d98cd189839dcf51aee94e7437b54b31f8abd,1,1,1,,,1678,6,1684,YES
220201,tensorflow_c99d98cd189839dcf51aee94e7437b54b31f8abd,0,0,1,,,1741,6,1747,NO
195038,mruby_27d1e0132a0804581dca28df042e7047fd27eaa8,1,1,1,,,1280,6,1286,YES
220442,mruby_27d1e0132a0804581dca28df042e7047fd27eaa8,0,0,1,,,1219,6,1225,NO
195039,tensorflow_e7f497570abb6b4ae5af4970620cd880e4c0c904,1,1,1,,,2392,6,2398,YES
220449,tensorflow_e7f497570abb6b4ae5af4970620cd880e4c0c904,0,1,0,,,2528,6,2534,YES
195040,tensorflow_e21af685e1828f7ca65038307df5cc06de4479e8,1,0,0,,,1880,6,1886,NO
220463,tensorflow_e21af685e1828f7ca65038307df5cc06de4479e8,0,0,1,,,1885,6,1891,NO
195055,tensorflow_2b7100d6cdff36aa21010a82269bc05a6d1cc74a,1,1,1,rag,3819,2110,6,2116,YES
220804,tensorflow_2b7100d6cdff36aa21010a82269bc05a6d1cc74a,0,1,0,rag,2361,1615,6,1621,YES
195056,tensorflow_8c6f391a2282684a25cbfec7687bd5d35261a209,1,0,0,,,2228,6,2234,NO
220841,tensorflow_8c6f391a2282684a25cbfec7687bd5d35261a209,0,0,1,,,2246,6,2252,NO
195059,tensorflow_92dba16749fae36c246bec3f9ba474d9ddeb7662,1,0,0,,,1314,6,1320,NO
220909,tensorflow_92dba16749fae36c246bec3f9ba474d9ddeb7662,0,0,1,,,1322,6,1328,NO
195063,gpac_5f2c2a16d30229b6241f02fa28e3d6b810d64858,1,1,1,,,9596,6,9602,YES
220924,gpac_5f2c2a16d30229b6241f02fa28e3d6b810d64858,0,1,0,,,9666,6,9672,YES
195069,gpac_f1ae01d745200a258cdf62622f71754c37cb6c30,1,1,1,,,1999,6,2005,YES
221079,gpac_f1ae01d745200a258cdf62622f71754c37cb6c30,0,1,0,,,2009,6,2015,YES
195073,tensorflow_e746adbfcfee15e9cfdb391ff746c765b99bdf9b,1,1,1,,,2600,6,2606,YES
221123,tensorflow_e746adbfcfee15e9cfdb391ff746c765b99bdf9b,0,0,1,,,2525,6,2531,NO
195074,gpac_a69b567b8c95c72f9560c873c5ab348be058f340,1,1,1,,,2591,6,2597,YES
221160,gpac_a69b567b8c95c72f9560c873c5ab348be058f340,0,1,0,,,2604,6,2610,YES
195082,linux_c7dfa4009965a9b2d7b329ee970eb8da0d32f0bc,1,0,0,,,1501,6,1507,NO
221413,linux_c7dfa4009965a9b2d7b329ee970eb8da0d32f0bc,0,0,1,,,1561,6,1567,NO
195083,tensorflow_5b491cd5e41ad63735161cec9c2a568172c8b6a3,1,1,1,,,1393,6,1399,YES
221428,tensorflow_5b491cd5e41ad63735161cec9c2a568172c8b6a3,0,1,0,,,1563,6,1569,YES
195091,tensorflow_35f0fabb4c178253a964d7aabdbb15c6a398b69a,1,0,0,rag,2597,1821,6,1827,NO
221631,tensorflow_35f0fabb4c178253a964d7aabdbb15c6a398b69a,0,0,1,,,1887,6,1893,NO
195092,hermes_55e1b2343f4deb1a1b5726cfe1e23b2068217ff2,1,0,0,,,1552,6,1558,NO
221651,hermes_55e1b2343f4deb1a1b5726cfe1e23b2068217ff2,0,0,1,,,1535,6,1541,NO
195095,e2guardian_eae46a7e2a57103aadca903c4a24cca94dc502a2,1,1,1,,,2529,6,2535,YES
221678,e2guardian_eae46a7e2a57103aadca903c4a24cca94dc502a2,0,0,1,,,2609,6,2615,NO
195220,tmate-ssh-server_1c020d1f5ca462f5b150b46a027aaa1bbe3c9596,1,1,1,,,1873,6,1879,YES
222666,tmate-ssh-server_1c020d1f5ca462f5b150b46a027aaa1bbe3c9596,0,1,0,,,2019,6,2025,YES
195230,pjproject_f74c1fc22b760d2a24369aa72c74c4a9ab985859,1,1,1,,,5301,6,5307,YES
222737,pjproject_f74c1fc22b760d2a24369aa72c74c4a9ab985859,0,0,1,,,5506,6,5512,NO
195231,gpac_893fb99b606eebfae46cde151846a980e689039b,1,1,1,,,3483,6,3489,YES
222739,gpac_893fb99b606eebfae46cde151846a980e689039b,0,1,0,,,3812,6,3818,YES
195233,tensorflow_97282c6d0d34476b6ba033f961590b783fa184cd,1,1,1,,,913,6,919,YES
222906,tensorflow_97282c6d0d34476b6ba033f961590b783fa184cd,0,0,1,,,1049,6,1055,NO
195234,tensorflow_dcc21c7bc972b10b6fb95c2fb0f4ab5a59680ec2,1,0,0,,,1666,6,1672,NO
222925,tensorflow_dcc21c7bc972b10b6fb95c2fb0f4ab5a59680ec2,0,0,1,,,1739,6,1745,NO
195237,ImageMagick_f221ea0fa3171f0f4fdf74ac9d81b203b9534c23,1,0,0,,,4493,6,4499,NO
223089,ImageMagick_f221ea0fa3171f0f4fdf74ac9d81b203b9534c23,0,0,1,,,4513,6,4519,NO
195264,pcre2_d4fa336fbcc388f89095b184ba6d99422cfc676c,1,1,1,,,15249,6,15255,YES
223368,pcre2_d4fa336fbcc388f89095b184ba6d99422cfc676c,0,0,1,,,15252,6,15258,NO
195274,tensorflow_0a365c029e437be0349c31f8d4c9926b69fa3fa1,1,1,1,,,2812,6,2818,YES
223728,tensorflow_0a365c029e437be0349c31f8d4c9926b69fa3fa1,0,1,0,,,2756,6,2762,YES
195291,tensorflow_ef1d027be116f25e25bb94a60da491c2cf55bd0b,1,1,1,,,2120,6,2126,YES
224153,tensorflow_ef1d027be116f25e25bb94a60da491c2cf55bd0b,0,0,1,,,2224,6,2230,NO
195293,mruby_ae3c99767a27f5c6c584162e2adc6a5d0eb2c54e,1,0,0,rag,1302,1268,6,1274,NO
224154,mruby_ae3c99767a27f5c6c584162e2adc6a5d0eb2c54e,0,0,1,,,1274,6,1280,NO
195294,tensorflow_f57315566d7094f322b784947093406c2aea0d7d,1,1,1,,,1168,6,1174,YES
224181,tensorflow_f57315566d7094f322b784947093406c2aea0d7d,0,1,0,rag,1181,1250,6,1256,YES
195295,mruby_c8c083cb750606b2da81582cd8e43b442bb143e6,1,0,0,,,2691,6,2697,NO
224192,mruby_c8c083cb750606b2da81582cd8e43b442bb143e6,0,0,1,,,2697,6,2703,NO
195296,uWebSockets_03fca626a95130ab80f86adada54b29d27242759,1,1,1,,,1534,6,1540,YES
224208,uWebSockets_03fca626a95130ab80f86adada54b29d27242759,0,1,0,,,1589,6,1595,YES
195308,flatpak_462fca2c666e0cd2b60d6d2593a7216a83047aaf,1,0,0,,,5889,6,5895,NO
224277,flatpak_462fca2c666e0cd2b60d6d2593a7216a83047aaf,0,0,1,,,5854,6,5860,NO
195309,squid_5e2ea2b13bd98f53e29964ca26bb0d602a8a12b9,1,1,1,rag,11823,5007,6,5013,YES
224281,squid_5e2ea2b13bd98f53e29964ca26bb0d602a8a12b9,0,1,0,,,4691,6,4697,YES
195328,gpac_30ac5e5236b790accd1f25347eebf2dc8c6c1bcb,1,1,1,,,1655,6,1661,YES
224472,gpac_30ac5e5236b790accd1f25347eebf2dc8c6c1bcb,0,1,0,,,1655,6,1661,YES
195331,tensorflow_08d7b00c0a5a20926363849f611729f53f3ec022,1,1,1,,,2294,6,2300,YES
224570,tensorflow_08d7b00c0a5a20926363849f611729f53f3ec022,0,1,0,,,2296,6,2302,YES
195334,gpac_b03c9f252526bb42fbd1b87b9f5e339c3cf2390a,1,1,1,,,2317,6,2323,YES
224728,gpac_b03c9f252526bb42fbd1b87b9f5e339c3cf2390a,0,1,0,,,2302,6,2308,YES
195340,tensorflow_e952a89b7026b98fe8cbe626514a93ed68b7c510,1,1,1,,,3325,6,3331,YES
224862,tensorflow_e952a89b7026b98fe8cbe626514a93ed68b7c510,0,0,1,,,3382,6,3388,NO
195343,tensorflow_002408c3696b173863228223d535f9de72a101a9,1,0,0,,,3815,6,3821,NO
224891,tensorflow_002408c3696b173863228223d535f9de72a101a9,0,1,0,rag,7747,3905,6,3911,YES
195385,flatpak_65cbfac982cb1c83993a9e19aa424daee8e9f042,1,1,1,,,1904,6,1910,YES
224964,flatpak_65cbfac982cb1c83993a9e19aa424daee8e9f042,0,0,1,,,2057,6,2063,NO
195388,postgres_160c0258802d10b0600d7671b1bbea55d8e17d45,1,0,0,,,20868,6,20874,NO
225062,postgres_160c0258802d10b0600d7671b1bbea55d8e17d45,0,0,1,rag,47132,21216,6,21222,NO
195389,tensorflow_c2b31ff2d3151acb230edc3f5b1832d2c713a9e0,1,0,0,,,1171,6,1177,NO
225086,tensorflow_c2b31ff2d3151acb230edc3f5b1832d2c713a9e0,0,0,1,,,1136,6,1142,NO
195391,tensorflow_f68fdab93fb7f4ddb4eb438c8fe052753c9413e8,1,1,1,,,2696,6,2702,YES
225125,tensorflow_f68fdab93fb7f4ddb4eb438c8fe052753c9413e8,0,1,0,,,2863,6,2869,YES
195398,v4l2loopback_e4cd225557486c420f6a34411f98c575effd43dd,1,1,1,,,1677,6,1683,YES
225383,v4l2loopback_e4cd225557486c420f6a34411f98c575effd43dd,0,1,0,,,1759,6,1765,YES
195399,tensorflow_045deec1cbdebb27d817008ad5df94d96a08b1bf,1,1,1,,,1005,6,1011,YES
225473,tensorflow_045deec1cbdebb27d817008ad5df94d96a08b1bf,0,0,1,,,1027,6,1033,NO
195402,tensorflow_a1e1511dde36b3f8aa27a6ec630838e7ea40e091,1,1,1,,,813,6,819,YES
225547,tensorflow_a1e1511dde36b3f8aa27a6ec630838e7ea40e091,0,0,1,,,861,6,867,NO
195403,tensorflow_a1e1511dde36b3f8aa27a6ec630838e7ea40e091,1,0,0,,,1147,6,1153,NO
225552,tensorflow_a1e1511dde36b3f8aa27a6ec630838e7ea40e091,0,1,0,,,1151,6,1157,YES
195404,tensorflow_ba4e8ac4dc2991e350d5cc407f8598c8d4ee70fb,1,1,1,rag,4646,2727,6,2733,YES
225563,tensorflow_ba4e8ac4dc2991e350d5cc407f8598c8d4ee70fb,0,1,0,rag,5009,2849,6,2855,YES
195405,ImageMagick6_29c8abce0da56b536542f76a9ddfebdaab5b2943,1,1,1,,,4497,6,4503,YES
225566,ImageMagick6_29c8abce0da56b536542f76a9ddfebdaab5b2943,0,0,1,,,4517,6,4523,NO
195409,gpac_64a2e1b799352ac7d7aad1989bc06e7b0f2b01db,1,0,0,,,999,6,1005,NO
226029,gpac_64a2e1b799352ac7d7aad1989bc06e7b0f2b01db,0,0,1,,,877,6,883,NO
195410,tensorflow_965b97e4a9650495cda5a8c210ef6684b4b9eceb,1,1,1,,,1898,6,1904,YES
226433,tensorflow_965b97e4a9650495cda5a8c210ef6684b4b9eceb,0,1,0,,,2062,6,2068,YES
195471,weechat_9904cb6d2eb40f679d8ff6557c22d53a3e3dc75a,1,0,0,,,2300,6,2306,NO
227022,weechat_9904cb6d2eb40f679d8ff6557c22d53a3e3dc75a,0,0,1,,,2310,6,2316,NO
195565,hhvm_dbeb9a56a638e3fdcef8b691c2a2967132dae692,1,1,1,,,2196,6,2202,YES
228563,hhvm_dbeb9a56a638e3fdcef8b691c2a2967132dae692,0,1,0,,,2289,6,2295,YES
195626,qemu_7882080388be5088e72c425b02223c02e6cb4295,1,1,1,,,875,6,881,YES
229165,qemu_7882080388be5088e72c425b02223c02e6cb4295,0,1,0,,,962,6,968,YES
195629,tensorflow_a5b89cd68c02329d793356bda85d079e9e69b4e7,1,1,1,,,1516,6,1522,YES
229337,tensorflow_a5b89cd68c02329d793356bda85d079e9e69b4e7,0,1,0,,,1559,6,1565,YES
195665,njs_2e00e95473861846aa8538be87db07699d9f676d,1,0,0,,,2509,6,2515,NO
230302,njs_2e00e95473861846aa8538be87db07699d9f676d,0,1,0,,,2555,6,2561,YES
195670,pjproject_856f87c2e97a27b256482dbe0d748b1194355a21,1,1,1,,,2562,6,2568,YES
230394,pjproject_856f87c2e97a27b256482dbe0d748b1194355a21,0,1,0,,,2592,6,2598,YES
195691,mruby_a4d97934d51cb88954cc49161dc1d151f64afb6b,1,0,0,rag,51274,27248,6,27254,NO
231012,mruby_a4d97934d51cb88954cc49161dc1d151f64afb6b,0,0,1,,,27218,6,27224,NO
195692,FreeRTOS-Kernel_47338393f1f79558f6144213409f09f81d7c4837,1,1,1,,,1727,6,1733,YES
231048,FreeRTOS-Kernel_47338393f1f79558f6144213409f09f81d7c4837,0,1,0,,,1791,6,1797,YES
195720,mvfst_a67083ff4b8dcbb7ee2839da6338032030d712b0,1,0,0,,,2502,6,2508,NO
231710,mvfst_a67083ff4b8dcbb7ee2839da6338032030d712b0,0,0,1,,,2552,6,2558,NO
195740,libjpeg_4746b577931e926a49e50de9720a4946de3069a7,1,0,0,,,3238,6,3244,NO
232289,libjpeg_4746b577931e926a49e50de9720a4946de3069a7,0,1,0,,,3153,6,3159,YES
195741,libjpeg_4746b577931e926a49e50de9720a4946de3069a7,1,1,1,,,2871,6,2877,YES
232287,libjpeg_4746b577931e926a49e50de9720a4946de3069a7,0,1,0,,,2870,6,2876,YES
195742,gpac_37592ad86c6ca934d34740012213e467acc4a3b0,1,1,1,,,9518,6,9524,YES
232329,gpac_37592ad86c6ca934d34740012213e467acc4a3b0,0,1,0,,,9633,6,9639,YES
195752,tensorflow_02cc160e29d20631de3859c6653184e3f876b9d7,1,1,1,,,1751,6,1757,YES
232405,tensorflow_02cc160e29d20631de3859c6653184e3f876b9d7,0,1,0,,,1887,6,1893,YES
195768,tensorflow_8a84f7a2b5a2b27ecf88d25bad9ac777cd2f7992,1,1,1,,,1191,6,1197,YES
232839,tensorflow_8a84f7a2b5a2b27ecf88d25bad9ac777cd2f7992,0,1,0,,,1248,6,1254,YES
195800,deark_62acb7753b0e3c0d3ab3c15057b0a65222313334,1,1,1,,,1772,6,1778,YES
233862,deark_62acb7753b0e3c0d3ab3c15057b0a65222313334,0,0,1,,,1791,6,1797,NO
195801,php-src_0c8a2a2cd1056b7dc403eacb5d2c0eec6ce47c6f,1,1,1,,,2608,6,2614,YES
233867,php-src_0c8a2a2cd1056b7dc403eacb5d2c0eec6ce47c6f,0,1,0,,,2608,6,2614,YES
195908,linux_e4571b8c5e9ffa1e85c0c671995bd4dcc5c75091,1,1,1,,,2915,6,2921,YES
234731,linux_e4571b8c5e9ffa1e85c0c671995bd4dcc5c75091,0,1,0,,,2757,6,2763,YES
195909,ImageMagick_d072ed6aff835c174e856ce3a428163c0da9e8f4,1,1,1,,,29919,6,29925,YES
234875,ImageMagick_d072ed6aff835c174e856ce3a428163c0da9e8f4,0,1,0,,,29974,6,29980,YES
195954,pjproject_9fae8f43accef8ea65d4a8ae9cdf297c46cfe29a,1,1,1,,,1176,6,1182,YES
235642,pjproject_9fae8f43accef8ea65d4a8ae9cdf297c46cfe29a,0,0,1,,,1232,6,1238,NO
195965,tensorflow_30721cf564cb029d34535446d6a5a6357bebc8e7,1,0,0,,,3895,6,3901,NO
235765,tensorflow_30721cf564cb029d34535446d6a5a6357bebc8e7,0,0,1,,,3930,6,3936,NO
195984,gpac_3dbe11b37d65c8472faf0654410068e5500b3adb,1,1,1,,,881,6,887,YES
236125,gpac_3dbe11b37d65c8472faf0654410068e5500b3adb,0,1,0,,,1174,6,1180,YES
196276,lsquic_a74702c630e108125e71898398737baec8f02238,1,0,0,,,1609,6,1615,NO
237885,lsquic_a74702c630e108125e71898398737baec8f02238,0,0,1,,,1661,6,1667,NO
196316,barebox_0a9f9a7410681e55362f8311537ebc7be9ad0fbe,1,1,1,,,797,6,803,YES
238322,barebox_0a9f9a7410681e55362f8311537ebc7be9ad0fbe,0,0,1,,,803,6,809,NO
196328,vim_409510c588b1eec1ae33511ae97a21eb8e110895,1,1,1,,,9574,6,9580,YES
238803,vim_409510c588b1eec1ae33511ae97a21eb8e110895,0,1,0,rag,18162,9598,6,9604,YES
196578,vim_44db8213d38c39877d2148eff6a72f4beccfb94e,1,1,1,,,1263,6,1269,YES
240276,vim_44db8213d38c39877d2148eff6a72f4beccfb94e,0,0,1,,,1263,6,1269,NO
196587,tensorflow_4aacb30888638da75023e6601149415b39763d76,1,1,1,,,2141,6,2147,YES
240595,tensorflow_4aacb30888638da75023e6601149415b39763d76,0,1,0,,,2249,6,2255,YES
196611,booth_35bf0b7b048d715f671eb68974fb6b4af6528c67,1,0,0,,,1290,6,1296,NO
241040,booth_35bf0b7b048d715f671eb68974fb6b4af6528c67,0,0,1,,,1299,6,1305,NO
196621,mruby_b1d0296a937fe278239bdfac840a3fd0e93b3ee9,1,0,0,,,887,6,893,NO
241311,mruby_b1d0296a937fe278239bdfac840a3fd0e93b3ee9,0,0,1,rag,273,881,6,887,NO
196629,tensorflow_579261dcd446385831fe4f7457d802a59685121d,1,1,1,,,4922,6,4928,YES
241369,tensorflow_579261dcd446385831fe4f7457d802a59685121d,0,1,0,,,5001,6,5007,YES
196689,tensorflow_cebe3c45d76357d201c65bdbbf0dbe6e8a63bbdb,1,1,1,,,1137,6,1143,YES
242619,tensorflow_cebe3c45d76357d201c65bdbbf0dbe6e8a63bbdb,0,0,1,,,1000,6,1006,NO
196691,gpac_71460d72ec07df766dab0a4d52687529f3efcf0a,1,0,0,,,7152,6,7158,NO
242637,gpac_71460d72ec07df766dab0a4d52687529f3efcf0a,0,0,1,,,7271,6,7277,NO
196698,tensorflow_67bfd9feeecfb3c61d80f0e46d89c170fbee682b,1,1,1,,,1667,6,1673,YES
242899,tensorflow_67bfd9feeecfb3c61d80f0e46d89c170fbee682b,0,0,1,,,1787,6,1793,NO
196705,tensorflow_11ced8467eccad9c7cb94867708be8fa5c66c730,1,1,1,,,1338,6,1344,YES
242926,tensorflow_11ced8467eccad9c7cb94867708be8fa5c66c730,0,0,1,,,1716,6,1722,NO
196790,tensorflow_a4e138660270e7599793fa438cd7b2fc2ce215a6,1,1,1,,,2277,6,2283,YES
245140,tensorflow_a4e138660270e7599793fa438cd7b2fc2ce215a6,0,1,0,,,2345,6,2351,YES
196801,gpac_f5a038e6893019ee471b6a57490cf7a495673816,1,1,1,,,4297,6,4303,YES
245434,gpac_f5a038e6893019ee471b6a57490cf7a495673816,0,1,0,,,4312,6,4318,YES
196829,tensorflow_9a133d73ae4b4664d22bd1aa6d654fec13c52ee1,1,0,0,rag,869,1225,6,1231,NO
245921,tensorflow_9a133d73ae4b4664d22bd1aa6d654fec13c52ee1,0,0,1,,,1294,6,1300,NO
196834,tensorflow_701cfaca222a82afbeeb17496bd718baa65a67d2,1,1,1,,,1012,6,1018,YES
246207,tensorflow_701cfaca222a82afbeeb17496bd718baa65a67d2,0,1,0,,,1136,6,1142,YES
196841,furnace_0eb02422d5161767e9983bdaa5c429762d3477ce,1,0,0,,,7977,6,7983,NO
246237,furnace_0eb02422d5161767e9983bdaa5c429762d3477ce,0,1,0,,,7924,6,7930,YES
196846,tensorflow_1e206baedf8bef0334cca3eb92bab134ef525a28,1,1,1,,,1257,6,1263,YES
246495,tensorflow_1e206baedf8bef0334cca3eb92bab134ef525a28,0,0,1,,,1521,6,1527,NO
196860,gpac_a51f951b878c2b73c1d8e2f1518c7cdc5fb82c3f,1,0,0,,,2147,6,2153,NO
246693,gpac_a51f951b878c2b73c1d8e2f1518c7cdc5fb82c3f,0,1,0,,,2037,6,2043,YES
196885,tensorflow_9e62869465573cb2d9b5053f1fa02a81fce21d69,1,1,1,,,2080,6,2086,YES
247290,tensorflow_9e62869465573cb2d9b5053f1fa02a81fce21d69,0,0,1,rag,3983,2348,6,2354,NO
196889,rpm_bd36c5dc9fb6d90c46fbfed8c2d67516fc571ec8,1,1,1,,,1168,6,1174,YES
247337,rpm_bd36c5dc9fb6d90c46fbfed8c2d67516fc571ec8,0,1,0,,,1517,6,1523,YES
196893,envoy_e9f936d85dc1edc34fabd0a1725ec180f2316353,1,0,0,,,1536,6,1542,NO
247550,envoy_e9f936d85dc1edc34fabd0a1725ec180f2316353,0,0,1,,,2158,6,2164,NO
196894,cryptopp_9425e16437439e68c7d96abef922167d68fafaff,1,1,1,,,1418,6,1424,YES
247755,cryptopp_9425e16437439e68c7d96abef922167d68fafaff,0,0,1,,,1496,6,1502,NO
196993,libjxl_7dfa400ded53919d986c5d3d23446a09e0cf481b,1,1,1,,,4140,6,4146,YES
249510,libjxl_7dfa400ded53919d986c5d3d23446a09e0cf481b,0,1,0,,,4158,6,4164,YES
197015,gpac_dae9900580a8888969481cd72035408091edb11b,1,0,0,,,2133,6,2139,NO
249989,gpac_dae9900580a8888969481cd72035408091edb11b,0,0,1,,,2261,6,2267,NO
197057,drogon_3c785326c63a34aa1799a639ae185bc9453cb447,1,1,1,,,1015,6,1021,YES
250692,drogon_3c785326c63a34aa1799a639ae185bc9453cb447,0,1,0,,,1202,6,1208,YES
197095,tensorflow_15691e456c7dc9bd6be203b09765b063bf4a380c,1,0,0,,,2576,6,2582,NO
251946,tensorflow_15691e456c7dc9bd6be203b09765b063bf4a380c,0,0,1,,,2592,6,2598,NO
197111,tinyexr_a685e3332f61cd4e59324bf3f669d36973d64270,1,0,0,,,5099,6,5105,NO
252437,tinyexr_a685e3332f61cd4e59324bf3f669d36973d64270,0,1,0,,,5181,6,5187,YES
197128,mruby_f72315575f78a9a773adbce0ee7d3ec33434cb76,1,0,0,,,2645,6,2651,NO
253515,mruby_f72315575f78a9a773adbce0ee7d3ec33434cb76,0,0,1,,,2693,6,2699,NO
197135,linux_505d9dcb0f7ddf9d075e729523a33d38642ae680,1,0,0,,,5044,6,5050,NO
253699,linux_505d9dcb0f7ddf9d075e729523a33d38642ae680,0,1,0,,,5070,6,5076,YES
197142,tensorflow_6da6620efad397c85493b8f8667b821403516708,1,1,1,,,1822,6,1828,YES
253970,tensorflow_6da6620efad397c85493b8f8667b821403516708,0,1,0,,,2654,6,2660,YES
197185,FFmpeg_9ffa49496d1aae4cbbb387aac28a9e061a6ab0a6,1,1,1,,,1505,6,1511,YES
255032,FFmpeg_9ffa49496d1aae4cbbb387aac28a9e061a6ab0a6,0,1,0,,,1525,6,1531,YES
197223,njs_ab1702c7af9959366a5ddc4a75b4357d4e9ebdc1,1,1,1,,,1211,111,1322,"The length check only accounts for `dir->length` when dir is provided, but doesn't include `info->name.length` in the total. So `length = dir->length + (trail ? 1 : 0)`, but then both dir and name are copied into `src[NJS_MAX_PATH + 1]`, potentially overflowing the buffer.

YES"
255574,njs_ab1702c7af9959366a5ddc4a75b4357d4e9ebdc1,0,1,0,,,1211,6,1217,YES
197239,tensorflow_203214568f5bc237603dbab6e1fd389f1572f5c9,1,1,1,,,2988,6,2994,YES
255787,tensorflow_203214568f5bc237603dbab6e1fd389f1572f5c9,0,1,0,,,3091,6,3097,YES
197242,tensorflow_537bc7c723439b9194a358f64d871dd326c18887,1,1,1,,,5018,6,5024,YES
255807,tensorflow_537bc7c723439b9194a358f64d871dd326c18887,0,1,0,,,5221,6,5227,YES
197247,tensorflow_ee119d4a498979525046fba1c3dd3f13a039fbb1,1,1,1,,,1791,6,1797,YES
255932,tensorflow_ee119d4a498979525046fba1c3dd3f13a039fbb1,0,1,0,,,2003,6,2009,YES
197262,tensorflow_e6cf28c72ba2eb949ca950d834dd6d66bb01cfae,1,0,0,,,2582,6,2588,NO
256138,tensorflow_e6cf28c72ba2eb949ca950d834dd6d66bb01cfae,0,1,0,,,2715,6,2721,YES
197305,pjproject_11559e49e65bdf00922ad5ae28913ec6a198d508,1,1,1,,,1331,6,1337,YES
256441,pjproject_11559e49e65bdf00922ad5ae28913ec6a198d508,0,0,1,,,1646,6,1652,NO
197318,tensorflow_cff267650c6a1b266e4b4500f69fbc49cdd773c5,1,1,1,,,982,6,988,YES
256587,tensorflow_cff267650c6a1b266e4b4500f69fbc49cdd773c5,0,0,1,,,1081,6,1087,NO
197326,tensorflow_f09caa532b6e1ac8d2aa61b7832c78c5b79300c6,1,1,1,,,1600,6,1606,YES
256947,tensorflow_f09caa532b6e1ac8d2aa61b7832c78c5b79300c6,0,1,0,,,1634,6,1640,YES
197359,tensorflow_68867bf01239d9e1048f98cbad185bf4761bedd3,1,1,1,,,3033,6,3039,YES
257461,tensorflow_68867bf01239d9e1048f98cbad185bf4761bedd3,0,0,1,rag,5002,3038,6,3044,NO
197395,tensorflow_4071d8e2f6c45c1955a811fee757ca2adbe462c1,1,1,1,,,1341,6,1347,YES
258082,tensorflow_4071d8e2f6c45c1955a811fee757ca2adbe462c1,0,1,0,rag,1900,1439,6,1445,YES
197466,tensorflow_9e82dce6e6bd1f36a57e08fa85af213e2b2f2622,1,1,1,,,2167,6,2173,YES
259081,tensorflow_9e82dce6e6bd1f36a57e08fa85af213e2b2f2622,0,1,0,,,2271,6,2277,YES
197499,gpac_dc7de8d3d604426c7a6e628d90cb9fb88e7b4c2c,1,1,1,,,2141,6,2147,YES
259515,gpac_dc7de8d3d604426c7a6e628d90cb9fb88e7b4c2c,0,0,1,,,2347,6,2353,NO
197511,libjpeg_187035b9726710b4fe11d565c7808975c930895d,1,1,1,,,1251,6,1257,YES
259619,libjpeg_187035b9726710b4fe11d565c7808975c930895d,0,0,1,,,1281,6,1287,NO
197517,glewlwyd_0efd112bb62f566877750ad62ee828bff579b4e2,1,1,1,rag,7137,4033,6,4039,YES
230147,glewlwyd_4c5597c155bfbaf6491cf6b83479d241ae66940a,0,0,1,,,4275,6,4281,NO
197518,tensorflow_098e7762d909bac47ce1dbabe6dfd06294cb9d58,1,0,0,,,2224,6,2230,NO
259732,tensorflow_098e7762d909bac47ce1dbabe6dfd06294cb9d58,0,1,0,,,2380,6,2386,YES
197565,wolfMQTT_84d4b53122e0fa0280c7872350b89d5777dabbb2,1,1,1,,,3746,6,3752,YES
261220,wolfMQTT_84d4b53122e0fa0280c7872350b89d5777dabbb2,0,1,0,,,3883,6,3889,YES
197593,njs_ad48705bf1f04b4221a5f5b07715ac48b3160d53,1,0,0,,,1217,6,1223,NO
261769,njs_ad48705bf1f04b4221a5f5b07715ac48b3160d53,0,0,1,,,1282,6,1288,NO
197666,njs_eafe4c7a326b163612f10861392622b5da5b1792,1,1,1,,,2303,6,2309,YES
262721,njs_eafe4c7a326b163612f10861392622b5da5b1792,0,1,0,,,2323,6,2329,YES
197719,tensorflow_be7a4de6adfbd303ce08be4332554dff70362612,1,1,1,,,1680,6,1686,YES
262803,tensorflow_be7a4de6adfbd303ce08be4332554dff70362612,0,1,0,,,1786,6,1792,YES
197748,tensorflow_c79ba87153ee343401dbe9d1954d7f79e521eb14,1,1,1,,,1640,6,1646,YES
263382,tensorflow_c79ba87153ee343401dbe9d1954d7f79e521eb14,0,1,0,,,1650,6,1656,YES
197760,tensorflow_bb6a0383ed553c286f87ca88c207f6774d5c4a8f,1,1,1,,,1200,6,1206,YES
263521,tensorflow_bb6a0383ed553c286f87ca88c207f6774d5c4a8f,0,1,0,,,1304,6,1310,YES
197796,qemu_f9a70e79391f6d7c2a912d785239ee8effc1922d,1,1,1,,,2674,6,2680,YES
187732,qemu_e6908bfe8e07f2b452e78e677da1b45b1c0f6829,0,1,0,,,2909,6,2915,YES
197801,tensorflow_368af875869a204b4ac552b9ddda59f6a46a56ec,1,1,1,,,1600,6,1606,YES
264367,tensorflow_368af875869a204b4ac552b9ddda59f6a46a56ec,0,1,0,,,1897,6,1903,YES
197824,gpac_c535bad50d5812d27ee5b22b54371bddec411514,1,1,1,,,1426,6,1432,YES
264657,gpac_c535bad50d5812d27ee5b22b54371bddec411514,0,1,0,,,1455,6,1461,YES
197826,tensorflow_7731e8dfbe4a56773be5dc94d631611211156659,1,0,0,,,1642,6,1648,NO
264715,tensorflow_7731e8dfbe4a56773be5dc94d631611211156659,0,0,1,,,1662,6,1668,NO
197893,tensorflow_eb921122119a6b6e470ee98b89e65d721663179d,1,1,1,,,1068,6,1074,YES
265432,tensorflow_eb921122119a6b6e470ee98b89e65d721663179d,0,1,0,,,1069,6,1075,YES
197973,crun_1aeeed2e4fdeffb4875c0d0b439915894594c8c6,1,1,1,,,2222,6,2228,YES
267357,crun_1aeeed2e4fdeffb4875c0d0b439915894594c8c6,0,1,0,,,2234,6,2240,YES
197998,tensorflow_704866eabe03a9aeda044ec91a8d0c83fc1ebdbe,1,1,1,,,1829,6,1835,YES
267917,tensorflow_704866eabe03a9aeda044ec91a8d0c83fc1ebdbe,0,1,0,,,1887,6,1893,YES
198010,radare2_193f4fe01d7f626e2ea937450f2e0c4604420e9d,1,1,1,,,4776,6,4782,YES
267985,radare2_193f4fe01d7f626e2ea937450f2e0c4604420e9d,0,1,0,,,4793,6,4799,YES
198013,tensorflow_3150642acbbe254e3c3c5d2232143fa591855ac9,1,1,1,,,5070,6,5076,YES
268104,tensorflow_3150642acbbe254e3c3c5d2232143fa591855ac9,0,1,0,,,5069,6,5075,YES
198116,tensorflow_87158f43f05f2720a374f3e6d22a7aaa3a33f750,1,1,1,,,2110,6,2116,YES
269323,tensorflow_87158f43f05f2720a374f3e6d22a7aaa3a33f750,0,0,1,,,2315,6,2321,NO
198117,tensorflow_0f931751fb20f565c4e94aa6df58d54a003cdb30,1,1,1,,,3601,6,3607,YES
269330,tensorflow_0f931751fb20f565c4e94aa6df58d54a003cdb30,0,0,1,,,3809,6,3815,NO
198161,ImageMagick_a6240a163cb787909703d9fc649cf861f60ddd7c,1,1,1,,,8682,6,8688,YES
269941,ImageMagick_a6240a163cb787909703d9fc649cf861f60ddd7c,0,1,0,rag,16370,8708,6,8714,YES
198169,tensorflow_5b048e87e4e55990dae6b547add4dae59f4e1c76,1,1,1,,,900,6,906,YES
270119,tensorflow_5b048e87e4e55990dae6b547add4dae59f4e1c76,0,0,1,,,919,6,925,NO
198239,barebox_a3337563c705bc8e0cf32f910b3e9e3c43d962ff,1,1,1,rag,1384,1518,6,1524,YES
270767,barebox_a3337563c705bc8e0cf32f910b3e9e3c43d962ff,0,1,0,,,1518,6,1524,YES
198259,tensorflow_a2b743f6017d7b97af1fe49087ae15f0ac634373,1,1,1,,,1464,6,1470,YES
270922,tensorflow_a2b743f6017d7b97af1fe49087ae15f0ac634373,0,1,0,,,1523,6,1529,YES
198282,tensorflow_4923de56ec94fff7770df259ab7f2288a74feb41,1,1,1,,,2351,6,2357,YES
271526,tensorflow_4923de56ec94fff7770df259ab7f2288a74feb41,0,1,0,,,2462,6,2468,YES
198350,owntone-server_246d8ae0cef27377e5dfe9ee3ad87e864d6b6266,1,0,0,,,2310,6,2316,NO
273091,owntone-server_246d8ae0cef27377e5dfe9ee3ad87e864d6b6266,0,0,1,,,2287,6,2293,NO
198374,tensorflow_803404044ae7a1efac48ba82d74111fce1ddb09a,1,1,1,rag,5377,3307,6,3313,YES
273407,tensorflow_803404044ae7a1efac48ba82d74111fce1ddb09a,0,1,0,,,4588,6,4594,YES
198399,uftpd_0fb2c031ce0ace07cc19cd2cb2143c4b5a63c9dd,1,1,1,,,1270,6,1276,YES
273880,uftpd_0fb2c031ce0ace07cc19cd2cb2143c4b5a63c9dd,0,1,0,,,1286,6,1292,YES
198439,mruby_3cf291f72224715942beaf8553e42ba8891ab3c6,1,0,0,,,26980,6,26986,NO
274773,mruby_3cf291f72224715942beaf8553e42ba8891ab3c6,0,1,0,,,26980,6,26986,YES
198449,pjproject_450baca94f475345542c6953832650c390889202,1,1,1,,,1865,6,1871,YES
274814,pjproject_450baca94f475345542c6953832650c390889202,0,0,1,,,1919,6,1925,NO
198452,tensorflow_a989426ee1346693cc015792f11d715f6944f2b8,1,1,1,,,1484,6,1490,YES
274865,tensorflow_a989426ee1346693cc015792f11d715f6944f2b8,0,1,0,,,1456,6,1462,YES
198476,njs_6a07c2156a07ef307b6dcf3c2ca8571a5f1af7a6,1,1,1,,,1735,6,1741,YES
275525,njs_6a07c2156a07ef307b6dcf3c2ca8571a5f1af7a6,0,1,0,,,1729,6,1735,YES
198499,micro-ecc_1b5f5cea5145c96dd8791b9b2c41424fc74c2172,1,0,0,,,2297,6,2303,NO
275987,micro-ecc_1b5f5cea5145c96dd8791b9b2c41424fc74c2172,0,0,1,,,2380,6,2386,NO
198523,tensorflow_5ecec9c6fbdbc6be03295685190a45e7eee726ab,1,1,1,,,1237,6,1243,YES
276447,tensorflow_5ecec9c6fbdbc6be03295685190a45e7eee726ab,0,1,0,,,1266,6,1272,YES
198545,u-boot_8f8c04bf1ebbd2f72f1643e7ad9617dafa6e5409,1,0,0,,,1907,6,1913,NO
276921,u-boot_8f8c04bf1ebbd2f72f1643e7ad9617dafa6e5409,0,0,1,,,1910,6,1916,NO
198556,mruby_da48e7dbb20024c198493b8724adae1b842083aa,1,1,1,,,1595,6,1601,YES
276993,mruby_da48e7dbb20024c198493b8724adae1b842083aa,0,1,0,,,1715,6,1721,YES
198566,libmobi_eafc415bc6067e72577f70d6dd5acbf057ce6e6f,1,0,0,,,1679,6,1685,NO
277489,libmobi_eafc415bc6067e72577f70d6dd5acbf057ce6e6f,0,1,0,,,1625,6,1631,YES
198662,vim_dc5490e2cbc8c16022a23b449b48c1bd0083f366,1,1,1,,,1360,6,1366,YES
279948,vim_dc5490e2cbc8c16022a23b449b48c1bd0083f366,0,1,0,,,1389,6,1395,YES
198692,ipsec_7bab09631c2a303f87a7eb7e3d69e888673b9b7e,1,0,0,,,1700,6,1706,NO
281119,ipsec_7bab09631c2a303f87a7eb7e3d69e888673b9b7e,0,0,1,,,1760,6,1766,NO
198695,MilkyTracker_fd607a3439fcdd0992e5efded3c16fc79c804e34,1,1,1,,,5132,6,5138,YES
281247,MilkyTracker_fd607a3439fcdd0992e5efded3c16fc79c804e34,0,1,0,,,5195,6,5201,YES
198703,LibRaw_4606c28f494a750892c5c1ac7903e62dd1c6fdb5,1,1,1,,,1516,6,1522,YES
281662,LibRaw_4606c28f494a750892c5c1ac7903e62dd1c6fdb5,0,1,0,,,1567,6,1573,YES
198736,linux_d563131ef23cbc756026f839a82598c8445bc45f,1,1,1,,,1147,6,1153,YES
282862,linux_d563131ef23cbc756026f839a82598c8445bc45f,0,1,0,,,1174,6,1180,YES
198743,LuaJIT_53f82e6e2e858a0a62fd1a2ff47e9866693382e6,1,0,0,,,1410,6,1416,NO
282984,LuaJIT_53f82e6e2e858a0a62fd1a2ff47e9866693382e6,0,0,1,,,1430,6,1436,NO
198927,radare2_0a557045476a2969c7079aec9eeb29d02f2809c6,1,1,1,,,1661,6,1667,YES
285157,radare2_0a557045476a2969c7079aec9eeb29d02f2809c6,0,1,0,,,1754,6,1760,YES
198983,swtpm_9f740868fc36761de27df3935513bdebf8852d19,1,1,1,,,1206,6,1212,YES
286739,swtpm_9f740868fc36761de27df3935513bdebf8852d19,0,1,0,,,1330,6,1336,YES
199159,linux_8423f0b6d513b259fdab9c9bf4aaa6188d054c2d,1,1,1,,,2488,6,2494,YES
289293,linux_8423f0b6d513b259fdab9c9bf4aaa6188d054c2d,0,0,1,,,2387,6,2393,NO
199712,linux_8700af2cc18c919b2a83e74e0479038fd113c15d,1,0,0,,,777,6,783,NO
291761,linux_8700af2cc18c919b2a83e74e0479038fd113c15d,0,0,1,,,855,6,861,NO
199767,hexchat_4e061a43b3453a9856d34250c3913175c45afe9d,1,1,1,,,2143,6,2149,YES
292205,hexchat_4e061a43b3453a9856d34250c3913175c45afe9d,0,1,0,,,1632,6,1638,YES
199778,puma_acdc3ae571dfae0e045cf09a295280127db65c7f,1,0,0,,,12196,6,12202,NO
292609,puma_acdc3ae571dfae0e045cf09a295280127db65c7f,0,0,1,,,12288,6,12294,NO
199833,chafa_e4b777c7b7c144cd16a0ea96108267b1004fe6c9,1,0,0,,,5646,6,5652,NO
293496,chafa_e4b777c7b7c144cd16a0ea96108267b1004fe6c9,0,0,1,,,5722,6,5728,NO
199836,pjproject_077b465c33f0aec05a49cd2ca456f9a1b112e896,1,0,0,,,782,6,788,NO
293522,pjproject_077b465c33f0aec05a49cd2ca456f9a1b112e896,0,0,1,,,805,6,811,NO
199841,radare2_feaa4e7f7399c51ee6f52deb84dc3f795b4035d6,1,1,1,,,1828,6,1834,YES
293750,radare2_feaa4e7f7399c51ee6f52deb84dc3f795b4035d6,0,1,0,,,1839,6,1845,YES
199851,vim_6e28703a8e41f775f64e442c5d11ce1ff599aa3f,1,1,1,,,3581,6,3587,YES
293939,vim_6e28703a8e41f775f64e442c5d11ce1ff599aa3f,0,1,0,,,3553,6,3559,YES
199952,MilkyTracker_3a5474f9102cbdc10fbd9e7b1b2c8d3f3f45d91b,1,1,1,,,11189,6,11195,YES
295887,MilkyTracker_3a5474f9102cbdc10fbd9e7b1b2c8d3f3f45d91b,0,1,0,,,11201,6,11207,YES
199984,vim_37f47958b8a2a44abc60614271d9537e7f14e51a,1,0,0,,,15278,6,15284,NO
296226,vim_37f47958b8a2a44abc60614271d9537e7f14e51a,0,1,0,,,15359,6,15365,YES
200113,ImageMagick_389ecc365a7c61404ba078a72c3fa5a3cf1b4101,1,1,1,,,3931,6,3937,YES
299319,ImageMagick_389ecc365a7c61404ba078a72c3fa5a3cf1b4101,0,1,0,,,3942,6,3948,YES
200157,exim_e2f5dc151e2e79058e93924e6d35510557f0535d,1,0,0,,,6670,6,6676,NO
299905,exim_e2f5dc151e2e79058e93924e6d35510557f0535d,0,0,1,,,6656,6,6662,NO
200163,linux_817b8b9c5396d2b2d92311b46719aad5d3339dbe,1,1,1,,,1229,6,1235,YES
299976,linux_817b8b9c5396d2b2d92311b46719aad5d3339dbe,0,1,0,,,1242,6,1248,YES
200287,linux_d6d86830705f173fca6087a3e67ceaf68db80523,1,0,0,,,2821,6,2827,NO
300731,linux_d6d86830705f173fca6087a3e67ceaf68db80523,0,0,1,rag,3487,2845,6,2851,NO
200305,ghostpdl_2793769ff107d8d22dadd30c6e68cd781b569550,1,1,1,,,1073,6,1079,YES
301016,ghostpdl_2793769ff107d8d22dadd30c6e68cd781b569550,0,0,1,,,1074,6,1080,NO
200320,samba_eb50fb8f3bf670bd7d1cf8fd4368ef4a73083696,1,1,1,,,5484,6,5490,YES
301429,samba_eb50fb8f3bf670bd7d1cf8fd4368ef4a73083696,0,1,0,,,5478,6,5484,YES
200323,vim_156d3911952d73b03d7420dc3540215247db0fe8,1,1,1,,,20766,6,20772,YES
301481,vim_156d3911952d73b03d7420dc3540215247db0fe8,0,1,0,,,20808,6,20814,YES
200379,radare2_48f0ea79f99174fb0a62cb2354e13496ce5b7c44,1,1,1,,,1267,6,1273,YES
302095,radare2_48f0ea79f99174fb0a62cb2354e13496ce5b7c44,0,0,1,,,1277,6,1283,NO
200695,linux_fc739a058d99c9297ef6bfd923b809d85855b9a9,1,1,1,,,1143,6,1149,YES
308163,linux_fc739a058d99c9297ef6bfd923b809d85855b9a9,0,0,1,,,1151,6,1157,NO
200781,ncurses_790a85dbd4a81d5f5d8dd02a44d84f01512ef443,1,1,1,,,1424,6,1430,YES
309831,ncurses_790a85dbd4a81d5f5d8dd02a44d84f01512ef443,0,1,0,,,1452,6,1458,YES
200895,vim_d6c67629ed05aae436164eec474832daf8ba7420,1,0,0,,,1339,6,1345,NO
312399,vim_d6c67629ed05aae436164eec474832daf8ba7420,0,0,1,,,1577,6,1583,NO
200934,libvirt_524de6cc35d3b222f0e940bb0fd027f5482572c5,1,0,0,,,1229,6,1235,NO
313134,libvirt_524de6cc35d3b222f0e940bb0fd027f5482572c5,0,0,1,,,1308,6,1314,NO
200976,vim_395bd1f6d3edc9f7edb5d1f2d7deaf5a9e3ab93c,1,1,1,,,1176,6,1182,YES
313850,vim_395bd1f6d3edc9f7edb5d1f2d7deaf5a9e3ab93c,0,1,0,,,1183,6,1189,YES
201007,pjproject_560a1346f87aabe126509bb24930106dea292b00,1,1,1,,,1584,6,1590,YES
314536,pjproject_560a1346f87aabe126509bb24930106dea292b00,0,0,1,,,1652,6,1658,NO
201343,linux_a3727a8bac0a9e77c70820655fd8715523ba3db7,1,0,0,,,854,6,860,NO
317271,linux_a3727a8bac0a9e77c70820655fd8715523ba3db7,0,0,1,,,854,6,860,NO
201353,wireless-drivers_8b51dc7291473093c821195c4b6af85fadedbc2f,1,1,1,,,1591,6,1597,YES
318099,wireless-drivers_8b51dc7291473093c821195c4b6af85fadedbc2f,0,1,0,,,1578,6,1584,YES
201382,gerbv_672214abb47a802fc000125996e6e0a46c623a4e,1,1,1,,,4594,6,4600,YES
318781,gerbv_672214abb47a802fc000125996e6e0a46c623a4e,0,1,0,,,4418,6,4424,YES
201384,vim_34f8117dec685ace52cd9e578e2729db278163fc,1,0,0,,,1067,6,1073,NO
318962,vim_34f8117dec685ace52cd9e578e2729db278163fc,0,1,0,,,1067,6,1073,YES
201451,ImageMagick6_e6ea5876e0228165ee3abc6e959aa174cee06680,1,1,1,,,8179,6,8185,YES
319422,ImageMagick6_e6ea5876e0228165ee3abc6e959aa174cee06680,0,1,0,rag,15774,8226,6,8232,YES
201872,gnutls_20a98e817713764b9df5306286091df1b61190d9,1,1,1,,,3160,6,3166,YES
325821,gnutls_20a98e817713764b9df5306286091df1b61190d9,0,1,0,,,3168,6,3174,YES
201885,vim_b55986c52d4cd88a22d0b0b0e8a79547ba13e1d5,1,1,1,,,18412,6,18418,YES
326119,vim_b55986c52d4cd88a22d0b0b0e8a79547ba13e1d5,0,1,0,,,18524,6,18530,YES
201913,libarchive_e2ad1a2c3064fa9eba6274b3641c4c1beed25c0b,1,0,0,,,2071,6,2077,NO
326629,libarchive_e2ad1a2c3064fa9eba6274b3641c4c1beed25c0b,0,0,1,,,2085,6,2091,NO
201925,linux_e6a21a14106d9718aa4f8e115b1e474888eeba44,1,1,1,,,1558,6,1564,YES
326914,linux_e6a21a14106d9718aa4f8e115b1e474888eeba44,0,1,0,,,1667,6,1673,YES
202081,vim_d25f003342aca9889067f2e839963dfeccf1fe05,1,1,1,,,10807,6,10813,YES
328807,vim_d25f003342aca9889067f2e839963dfeccf1fe05,0,0,1,,,10832,6,10838,NO
202082,radare2_ecc44b6a2f18ee70ac133365de0e509d26d5e168,1,1,1,,,1512,6,1518,YES
328836,radare2_ecc44b6a2f18ee70ac133365de0e509d26d5e168,0,1,0,,,1545,6,1551,YES
202125,cairo_03a820b173ed1fdef6ff14b4468f5dbc02ff59be,1,0,0,,,2450,6,2456,NO
329925,cairo_03a820b173ed1fdef6ff14b4468f5dbc02ff59be,0,0,1,,,2407,6,2413,NO
202256,qtbase_6b400e3147dcfd8cc3a393ace1bd118c93762e0c,1,0,0,,,4107,6,4113,NO
331760,qtbase_6b400e3147dcfd8cc3a393ace1bd118c93762e0c,0,0,1,,,4122,6,4128,NO
202276,vim_57df9e8a9f9ae1aafdde9b86b10ad907627a87dc,1,1,1,rag,3371,2235,6,2241,YES
332375,vim_57df9e8a9f9ae1aafdde9b86b10ad907627a87dc,0,1,0,,,2169,6,2175,YES
202304,vim_65b605665997fad54ef39a93199e305af2fe4d7f,1,1,1,,,1414,6,1420,YES
333041,vim_65b605665997fad54ef39a93199e305af2fe4d7f,0,1,0,,,1446,6,1452,YES
202392,php-src_8fa9d1ce28f3a894b104979df30d0b65e0f21107,1,1,1,,,1205,6,1211,YES
333503,php-src_8fa9d1ce28f3a894b104979df30d0b65e0f21107,0,1,0,,,1224,6,1230,YES
202659,net_7892032cfe67f4bde6fc2ee967e45a8fbaf33756,1,1,1,,,1948,6,1954,YES
336106,net_7892032cfe67f4bde6fc2ee967e45a8fbaf33756,0,1,0,,,1935,6,1941,YES
202677,qemu_9302e863aa8baa5d932fc078967050c055fa1a7f,1,1,1,,,1229,6,1235,YES
336484,qemu_9302e863aa8baa5d932fc078967050c055fa1a7f,0,1,0,,,1305,6,1311,YES
202688,ghostpdl_450da26a76286a8342ec0864b3d113856709f8f6,1,0,0,,,1035,6,1041,NO
336807,ghostpdl_450da26a76286a8342ec0864b3d113856709f8f6,0,0,1,,,1176,6,1182,NO
202708,vim_8e4b76da1d7e987d43ca960dfbc372d1c617466f,1,0,0,,,978,6,984,NO
337374,vim_8e4b76da1d7e987d43ca960dfbc372d1c617466f,0,0,1,,,1041,6,1047,NO
202719,linux_a2d859e3fc97e79d907761550dbc03ff1b36479c,1,1,1,,,1443,6,1449,YES
337848,linux_a2d859e3fc97e79d907761550dbc03ff1b36479c,0,1,0,rag,1244,1464,6,1470,YES
202748,ImageMagick_fbb5e1c8211c4e88ecc367e784b79d457c300d6d,1,1,1,,,6769,6,6775,YES
338747,ImageMagick_fbb5e1c8211c4e88ecc367e784b79d457c300d6d,0,1,0,,,6829,6,6835,YES
202783,php-src_37da90248deb2188e8ee50e4753ad6340679b425,1,1,1,,,983,6,989,YES
339712,php-src_37da90248deb2188e8ee50e4753ad6340679b425,0,1,0,,,1063,6,1069,YES
202822,ghostpdl_5d499272b95a6b890a1397e11d20937de000d31b,1,1,1,,,1261,6,1267,YES
341817,ghostpdl_5d499272b95a6b890a1397e11d20937de000d31b,0,1,0,,,1276,6,1282,YES
202888,linux_ebe48d368e97d007bfeb76fcb065d6cfc4c96645,1,1,1,,,1808,6,1814,YES
343175,linux_ebe48d368e97d007bfeb76fcb065d6cfc4c96645,0,0,1,,,1875,6,1881,NO
202889,linux_ebe48d368e97d007bfeb76fcb065d6cfc4c96645,1,0,0,,,1764,6,1770,NO
343158,linux_ebe48d368e97d007bfeb76fcb065d6cfc4c96645,0,1,0,,,1869,6,1875,YES
202892,pure-ftpd_37ad222868e52271905b94afea4fc780d83294b4,1,0,0,,,4153,6,4159,NO
343298,pure-ftpd_37ad222868e52271905b94afea4fc780d83294b4,0,1,0,,,4125,6,4131,YES
202943,lua_42d40581dd919fb134c07027ca1ce0844c670daf,1,0,0,,,1072,6,1078,NO
344242,lua_42d40581dd919fb134c07027ca1ce0844c670daf,0,0,1,,,1064,6,1070,NO
203614,linux_a09d2d00af53b43c6f11e6ab3cb58443c2cac8a7,1,0,0,,,1597,6,1603,NO
345131,linux_a09d2d00af53b43c6f11e6ab3cb58443c2cac8a7,0,1,0,,,1515,6,1521,YES
203902,vim_4748c4bd64610cf943a431d215bb1aad51f8d0b4,1,1,1,,,2194,6,2200,YES
346415,vim_4748c4bd64610cf943a431d215bb1aad51f8d0b4,0,0,1,,,2223,6,2229,NO
204016,squashfs-tools_e0485802ec72996c20026da320650d8362f555bd,1,1,1,,,2559,6,2565,YES
349259,squashfs-tools_e0485802ec72996c20026da320650d8362f555bd,0,1,0,,,2576,6,2582,YES
204017,squashfs-tools_e0485802ec72996c20026da320650d8362f555bd,1,1,1,,,2496,6,2502,YES
349259,squashfs-tools_e0485802ec72996c20026da320650d8362f555bd,0,1,0,,,2576,6,2582,YES
204019,squashfs-tools_e0485802ec72996c20026da320650d8362f555bd,1,1,1,,,2333,6,2339,YES
349251,squashfs-tools_e0485802ec72996c20026da320650d8362f555bd,0,1,0,,,2413,6,2419,YES
204032,linux_1d0688421449718c6c5f46e458a378c9b530ba18,1,1,1,,,901,6,907,YES
349528,linux_1d0688421449718c6c5f46e458a378c9b530ba18,0,1,0,,,963,6,969,YES
204036,net_b922f622592af76b57cbc566eaeccda0b31a3496,1,1,1,,,1344,6,1350,YES
349888,net_b922f622592af76b57cbc566eaeccda0b31a3496,0,0,1,,,1496,6,1502,NO
204073,shapelib_c75b9281a5b9452d92e1682bdfe6019a13ed819f,1,1,1,,,956,6,962,YES
351182,shapelib_c75b9281a5b9452d92e1682bdfe6019a13ed819f,0,0,1,,,949,6,955,NO
204115,openldap_3539fc33212b528c56b716584f2c2994af7c30b0,1,1,1,,,3001,6,3007,YES
353015,openldap_3539fc33212b528c56b716584f2c2994af7c30b0,0,1,0,,,3056,6,3062,YES
204137,poppler_b224e2f5739fe61de9fa69955d016725b2a4b78d,1,1,1,,,4496,6,4502,YES
353124,poppler_b224e2f5739fe61de9fa69955d016725b2a4b78d,0,1,0,,,4590,6,4596,YES
204195,pjproject_8b621f192cae14456ee0b0ade52ce6c6f258af1e,1,1,1,,,1192,6,1198,YES
355014,pjproject_8b621f192cae14456ee0b0ade52ce6c6f258af1e,0,0,1,,,1265,6,1271,NO
204243,vim_fe6fb267e6ee5c5da2f41889e4e0e0ac5bf4b89d,1,0,0,,,3647,6,3653,NO
355649,vim_fe6fb267e6ee5c5da2f41889e4e0e0ac5bf4b89d,0,1,0,,,3763,6,3769,YES
204278,firejail_1884ea22a90d225950d81c804f1771b42ae55f54,1,0,0,,,1073,6,1079,NO
356170,firejail_1884ea22a90d225950d81c804f1771b42ae55f54,0,1,0,,,1121,6,1127,YES
204351,squirrel_23a0620658714b996d20da3d4dd1a0dcf9b0bd98,1,0,0,,,1555,6,1561,NO
357668,squirrel_23a0620658714b996d20da3d4dd1a0dcf9b0bd98,0,0,1,,,1552,6,1558,NO
204412,bpf_4b81ccebaeee885ab1aa1438133f2991e3a2b6ea,1,0,0,rag,1123,1360,6,1366,NO
359206,bpf_4b81ccebaeee885ab1aa1438133f2991e3a2b6ea,0,1,0,,,1462,6,1468,YES
204425,frr_6d58272b4cf96f0daa846210dd2104877900f921,1,1,1,,,2078,6,2084,YES
359365,frr_6d58272b4cf96f0daa846210dd2104877900f921,0,0,1,,,2002,6,2008,NO
204438,ImageMagick_716496e6df0add89e9679d6da9c0afca814cfe49,1,1,1,,,7564,6,7570,YES
359843,ImageMagick_716496e6df0add89e9679d6da9c0afca814cfe49,0,1,0,,,7581,6,7587,YES
204495,linux_47abea041f897d64dbd5777f0cf7745148f85d75,1,1,1,,,1155,6,1161,YES
360829,linux_47abea041f897d64dbd5777f0cf7745148f85d75,0,0,1,,,1157,6,1163,NO
204534,admesh_e84d8353f1347e1f26f0a95770d92ba14e6ede38,1,1,1,,,2066,6,2072,YES
361303,admesh_e84d8353f1347e1f26f0a95770d92ba14e6ede38,0,0,1,,,2122,6,2128,NO
204535,admesh_e84d8353f1347e1f26f0a95770d92ba14e6ede38,1,0,0,,,1040,6,1046,NO
361298,admesh_e84d8353f1347e1f26f0a95770d92ba14e6ede38,0,0,1,,,1011,6,1017,NO
204544,linux_c08eadca1bdfa099e20a32f8fa4b52b2f672236d,1,1,1,,,5253,6,5259,YES
361755,linux_c08eadca1bdfa099e20a32f8fa4b52b2f672236d,0,1,0,,,5253,6,5259,YES
204814,linux_efe4186e6a1b54bf38b9e05450d43b0da1fd7739,1,1,1,,,1129,6,1135,YES
365760,linux_efe4186e6a1b54bf38b9e05450d43b0da1fd7739,0,1,0,,,1129,6,1135,YES
204830,linux_427215d85e8d1476da1a86b8d67aceb485eb3631,1,1,1,,,1008,6,1014,YES
366223,linux_427215d85e8d1476da1a86b8d67aceb485eb3631,0,1,0,,,1065,6,1071,YES
205630,linux_32452a3eb8b64e01e2be717f518c0be046975b9d,1,1,1,,,1500,6,1506,YES
369215,linux_32452a3eb8b64e01e2be717f518c0be046975b9d,0,1,0,,,1578,6,1584,YES
205734,rizin_38d8006cd609ac75de82b705891d3508d2c218d5,1,1,1,rag,1196,1336,6,1342,YES
371185,rizin_38d8006cd609ac75de82b705891d3508d2c218d5,0,1,0,,,1437,6,1443,YES
205736,linux_775c5033a0d164622d9d10dd0f0a5531639ed3ed,1,0,0,,,748,6,754,NO
371226,linux_775c5033a0d164622d9d10dd0f0a5531639ed3ed,0,0,1,,,784,6,790,NO
205806,Singular_5f28fbf066626fa9c4a8f0e6408c0bb362fb386c,1,1,1,,,1697,6,1703,YES
372352,Singular_5f28fbf066626fa9c4a8f0e6408c0bb362fb386c,0,1,0,,,1570,6,1576,YES
205823,ovs_803ed12e31b0377c37d7aa8c94b3b92f2081e349,1,0,0,,,1328,6,1334,NO
373535,ovs_803ed12e31b0377c37d7aa8c94b3b92f2081e349,0,0,1,rag,1051,1309,6,1315,NO
206025,evolution-data-server_5d8b92c622f6927b253762ff9310479dd3ac627d,1,0,0,,,874,6,880,NO
376350,evolution-data-server_5d8b92c622f6927b253762ff9310479dd3ac627d,0,0,1,,,968,6,974,NO
206043,gimp_c57f9dcf1934a9ab0cd67650f2dea18cb0902270,1,1,1,,,4046,6,4052,YES
376678,gimp_c57f9dcf1934a9ab0cd67650f2dea18cb0902270,0,1,0,,,4065,6,4071,YES
206044,tigervnc_d61a767d6842b530ffb532ddd5a3d233119aad40,1,0,0,,,2106,6,2112,NO
376682,tigervnc_d61a767d6842b530ffb532ddd5a3d233119aad40,0,0,1,rag,3002,2125,6,2131,NO
206262,vim_c6fdb15d423df22e1776844811d082322475e48a,1,1,1,,,5614,6,5620,YES
379334,vim_c6fdb15d423df22e1776844811d082322475e48a,0,1,0,,,5708,6,5714,YES
206273,radare2_a7ce29647fcb38386d7439696375e16e093d6acb,1,0,0,,,3705,6,3711,NO
379671,radare2_a7ce29647fcb38386d7439696375e16e093d6acb,0,0,1,,,3705,6,3711,NO
206417,vim_0971c7a4e537ea120a6bb2195960be8d0815e97b,1,1,1,,,5809,6,5815,YES
380955,vim_0971c7a4e537ea120a6bb2195960be8d0815e97b,0,1,0,,,5824,6,5830,YES
206555,php-src_cc08cbc84d46933c1e9e0149633f1ed5d19e45e9,1,1,1,rag,400,910,6,916,YES
382797,php-src_cc08cbc84d46933c1e9e0149633f1ed5d19e45e9,0,1,0,,,911,6,917,YES
206588,php-src_feba44546c27b0158f9ac20e72040a224b918c75,1,1,1,,,1515,6,1521,YES
383316,php-src_feba44546c27b0158f9ac20e72040a224b918c75,0,1,0,,,1548,6,1554,YES
206625,raptor_590681e546cd9aa18d57dc2ea1858cb734a3863f,1,1,1,,,3951,6,3957,YES
384124,raptor_590681e546cd9aa18d57dc2ea1858cb734a3863f,0,1,0,,,4097,6,4103,YES
206639,linux_e02f0d3970404bfea385b6edb86f2d936db0ea2b,1,0,0,,,1672,6,1678,NO
384201,linux_e02f0d3970404bfea385b6edb86f2d936db0ea2b,0,0,1,,,1700,6,1706,NO
206670,nbdkit_6c5faac6a37077cf2366388a80862bb00616d0d8,1,1,1,,,7870,6,7876,YES
384677,nbdkit_6c5faac6a37077cf2366388a80862bb00616d0d8,0,0,1,,,8068,6,8074,NO
206676,vim_777e7c21b7627be80961848ac560cb0a9978ff43,1,0,0,,,3758,6,3764,NO
384767,vim_777e7c21b7627be80961848ac560cb0a9978ff43,0,0,1,,,3617,6,3623,NO
206677,vim_5921aeb5741fc6e84c870d68c7c35b93ad0c9f87,1,0,0,,,3248,6,3254,NO
384803,vim_5921aeb5741fc6e84c870d68c7c35b93ad0c9f87,0,1,0,,,3251,6,3257,YES
206771,qcad_1eeffc5daf5a06cf6213ffc19e95923cdebb2eb8,1,1,1,,,1293,6,1299,YES
386565,qcad_1eeffc5daf5a06cf6213ffc19e95923cdebb2eb8,0,1,0,,,1313,6,1319,YES
206781,linux_ea8569194b43f0f01f0a84c689388542c7254a1f,1,1,1,,,2018,6,2024,YES
386750,linux_ea8569194b43f0f01f0a84c689388542c7254a1f,0,1,0,,,2041,6,2047,YES
206815,ImageMagick_c111ed9b035532c2c81ea569f2d22fded9517287,1,1,1,,,3101,6,3107,YES
387149,ImageMagick_c111ed9b035532c2c81ea569f2d22fded9517287,0,1,0,,,3121,6,3127,YES
206845,linux_5934d9a0383619c14df91af8fd76261dc3de2f5f,1,0,0,,,924,6,930,NO
387593,linux_5934d9a0383619c14df91af8fd76261dc3de2f5f,0,0,1,,,924,6,930,NO
206942,vim_1e56bda9048a9625bce6e660938c834c5c15b07d,1,1,1,,,2449,6,2455,YES
389676,vim_1e56bda9048a9625bce6e660938c834c5c15b07d,0,1,0,,,2609,6,2615,YES
206946,jasper_d99636fad60629785efd1ef72da772a8ef68f54c,1,0,0,,,3568,6,3574,NO
389760,jasper_d99636fad60629785efd1ef72da772a8ef68f54c,0,0,1,,,3604,6,3610,NO
207068,linux_cc7a0bb058b85ea03db87169c60c7cfdd5d34678,1,1,1,,,872,6,878,YES
391627,linux_cc7a0bb058b85ea03db87169c60c7cfdd5d34678,0,0,1,,,851,6,857,NO
207069,linux_cc7a0bb058b85ea03db87169c60c7cfdd5d34678,1,1,1,,,864,6,870,YES
391628,linux_cc7a0bb058b85ea03db87169c60c7cfdd5d34678,0,0,1,,,865,6,871,NO
207150,squirrel_a6413aa690e0bdfef648c68693349a7b878fe60d,1,1,1,,,1130,6,1136,YES
393528,squirrel_a6413aa690e0bdfef648c68693349a7b878fe60d,0,1,0,,,1092,6,1098,YES
207461,autotrace_e96bffadc25ff0ba0e10745f8012efcc5f920ea9,1,1,1,,,7004,6,7010,YES
397644,autotrace_e96bffadc25ff0ba0e10745f8012efcc5f920ea9,0,1,0,,,7004,6,7010,YES
207520,rizin_aa6917772d2f32e5a7daab25a46c72df0b5ea406,1,1,1,,,1595,6,1601,YES
398518,rizin_aa6917772d2f32e5a7daab25a46c72df0b5ea406,0,1,0,,,1589,6,1595,YES
207700,EternalTerminal_900348bb8bc96e1c7ba4888ac8480f643c43d3c3,1,1,1,,,930,6,936,YES
400109,EternalTerminal_900348bb8bc96e1c7ba4888ac8480f643c43d3c3,0,1,0,,,896,6,902,YES
207703,EternalTerminal_900348bb8bc96e1c7ba4888ac8480f643c43d3c3,1,1,1,,,1240,6,1246,YES
400103,EternalTerminal_900348bb8bc96e1c7ba4888ac8480f643c43d3c3,0,1,0,,,1253,6,1259,YES
207719,vim_e98c88c44c308edaea5994b8ad4363e65030968c,1,0,0,,,1000,6,1006,NO
400409,vim_e98c88c44c308edaea5994b8ad4363e65030968c,0,0,1,,,1022,6,1028,NO
207753,linux_9d2231c5d74e13b2a0546fee6737ee4446017903,1,1,1,,,1186,6,1192,YES
400735,linux_9d2231c5d74e13b2a0546fee6737ee4446017903,0,1,0,rag,1005,1197,6,1203,YES
207754,linux_9d2231c5d74e13b2a0546fee6737ee4446017903,1,1,1,,,1226,6,1232,YES
400743,linux_9d2231c5d74e13b2a0546fee6737ee4446017903,0,1,0,,,1237,6,1243,YES
207755,php-src_095cbc48a8f0090f3b0abc6155f2b61943c9eafb,1,1,1,,,1860,6,1866,YES
400779,php-src_095cbc48a8f0090f3b0abc6155f2b61943c9eafb,0,1,0,,,1845,6,1851,YES
207780,radare2_2b77b277d67ce061ee6ef839e7139ebc2103c1e3,1,0,0,,,2782,6,2788,NO
401034,radare2_2b77b277d67ce061ee6ef839e7139ebc2103c1e3,0,1,0,,,2840,6,2846,YES
207803,linux_f227e3ec3b5cad859ad15666874405e8c1bbc1d4,1,0,0,,,1572,6,1578,NO
401579,linux_f227e3ec3b5cad859ad15666874405e8c1bbc1d4,0,0,1,,,1606,6,1612,NO
207804,linux_f227e3ec3b5cad859ad15666874405e8c1bbc1d4,1,0,0,,,997,6,1003,NO
401525,linux_f227e3ec3b5cad859ad15666874405e8c1bbc1d4,0,0,1,,,1136,6,1142,NO
207990,pcre2_03654e751e7f0700693526b67dfcadda6b42c9d0,1,0,0,,,3286,6,3292,NO
404192,pcre2_03654e751e7f0700693526b67dfcadda6b42c9d0,0,0,1,,,4319,6,4325,NO
208107,linux_f85daf0e725358be78dfd208dea5fd665d8cb901,1,0,0,,,1409,6,1415,NO
405333,linux_f85daf0e725358be78dfd208dea5fd665d8cb901,0,0,1,,,1435,6,1441,NO
208115,linux_d0d62baa7f505bd4c59cd169692ff07ec49dde37,1,1,1,,,2104,6,2110,YES
405698,linux_d0d62baa7f505bd4c59cd169692ff07ec49dde37,0,0,1,rag,2256,2090,6,2096,NO
208140,util-linux_5ebbc3865d1e53ef42e5f121c41faab23dd59075,1,0,0,,,5276,6,5282,NO
406206,util-linux_5ebbc3865d1e53ef42e5f121c41faab23dd59075,0,1,0,,,5310,6,5316,YES
208370,vim_806d037671e133bd28a7864248763f643967973a,1,0,0,,,1784,6,1790,NO
408968,vim_806d037671e133bd28a7864248763f643967973a,0,1,0,,,1814,6,1820,YES
208411,vim_27efc62f5d86afcb2ecb7565587fe8dea4b036fe,1,0,0,,,8954,6,8960,NO
409515,vim_27efc62f5d86afcb2ecb7565587fe8dea4b036fe,0,0,1,,,8941,6,8947,NO
208505,tor_57e35ad3d91724882c345ac709666a551a977f0f,1,0,0,,,9386,6,9392,NO
411896,tor_57e35ad3d91724882c345ac709666a551a977f0f,0,0,1,,,9386,6,9392,NO
208506,heimdal_04171147948d0a3636bc6374181926f0fb2ec83a,1,1,1,,,15556,6,15562,YES
411926,heimdal_04171147948d0a3636bc6374181926f0fb2ec83a,0,1,0,,,15632,6,15638,YES
208522,unbound_02080f6b180232f43b77f403d0c038e9360a460f,1,0,0,,,1822,6,1828,NO
412117,unbound_02080f6b180232f43b77f403d0c038e9360a460f,0,0,1,,,1956,6,1962,NO
208525,vim_6046aded8da002b08d380db29de2ba0268b6616e,1,0,0,,,1507,6,1513,NO
412190,vim_6046aded8da002b08d380db29de2ba0268b6616e,0,0,1,,,1410,6,1416,NO
208535,rizin_58926dffbe819fe9ebf5062f7130e026351cae01,1,0,0,,,857,6,863,NO
412332,rizin_58926dffbe819fe9ebf5062f7130e026351cae01,0,0,1,,,884,6,890,NO
208654,php-src_cab1c3b3708eead315e033359d07049b23b147a3,1,0,0,,,3868,6,3874,NO
413339,php-src_cab1c3b3708eead315e033359d07049b23b147a3,0,0,1,,,3898,6,3904,NO
208680,radare2_10517e3ff0e609697eb8cde60ec8dc999ee5ea24,1,1,1,,,8060,6,8066,YES
413623,radare2_10517e3ff0e609697eb8cde60ec8dc999ee5ea24,0,0,1,,,8024,6,8030,NO
208912,vim_1c3dd8ddcba63c1af5112e567215b3cec2de11d0,1,0,0,,,14264,6,14270,NO
416366,vim_1c3dd8ddcba63c1af5112e567215b3cec2de11d0,0,0,1,,,14382,6,14388,NO
208987,MilkyTracker_7afd55c42ad80d01a339197a2d8b5461d214edaf,1,1,1,,,840,6,846,YES
417093,MilkyTracker_7afd55c42ad80d01a339197a2d8b5461d214edaf,0,0,1,,,866,6,872,NO
209026,libvirt_4c4d0e2da07b5a035b26a0ff13ec27070f7c7b1a,1,1,1,,,1073,6,1079,YES
417472,libvirt_4c4d0e2da07b5a035b26a0ff13ec27070f7c7b1a,0,0,1,,,1062,6,1068,NO
209102,vim_80525751c5ce9ed82c41d83faf9ef38667bf61b1,1,1,1,,,12110,6,12116,YES
418795,vim_80525751c5ce9ed82c41d83faf9ef38667bf61b1,0,1,0,,,12112,6,12118,YES
209801,mujs_f5b3c703e18725e380b83427004632e744f85a6f,1,0,0,rag,205,688,6,694,NO
421378,mujs_f5b3c703e18725e380b83427004632e744f85a6f,0,0,1,,,793,6,799,NO
209931,FreeRDP_06c32f170093a6ecde93e3bc07fed6a706bfbeb3,1,0,0,,,1478,6,1484,NO
424522,FreeRDP_06c32f170093a6ecde93e3bc07fed6a706bfbeb3,0,0,1,,,1520,6,1526,NO
209955,linux_8188a18ee2e48c9a7461139838048363bfce3fef,1,0,0,,,3833,6,3839,NO
424969,linux_8188a18ee2e48c9a7461139838048363bfce3fef,0,0,1,,,3860,6,3866,NO
210050,lua_1f3c6f4534c6411313361697d98d1145a1f030fa,1,0,0,,,1007,6,1013,NO
427153,lua_1f3c6f4534c6411313361697d98d1145a1f030fa,0,0,1,,,1082,6,1088,NO
210090,file_46a8443f76cec4b41ec736eca396984c74664f84,1,0,0,,,3217,6,3223,NO
427707,file_46a8443f76cec4b41ec736eca396984c74664f84,0,1,0,,,3218,6,3224,YES
210203,linux_8cae8cd89f05f6de223d63e6d15e31c8ba9cf53b,1,0,0,,,816,6,822,NO
430335,linux_8cae8cd89f05f6de223d63e6d15e31c8ba9cf53b,0,0,1,,,810,6,816,NO
210204,linux_cefa91b2332d7009bc0be5d951d6cbbf349f90f8,1,1,1,,,1311,6,1317,YES
430380,linux_cefa91b2332d7009bc0be5d951d6cbbf349f90f8,0,1,0,,,1311,6,1317,YES
210206,squid_780c4ea1b4c9d2fb41f6962aa6ed73ae57f74b2b,1,1,1,,,4815,6,4821,YES
430470,squid_780c4ea1b4c9d2fb41f6962aa6ed73ae57f74b2b,0,1,0,,,4608,6,4614,YES
210252,ImageMagick_ca3654ebf7a439dc736f56f083c9aa98e4464b7f,1,1,1,,,8175,6,8181,YES
431633,ImageMagick_ca3654ebf7a439dc736f56f083c9aa98e4464b7f,0,1,0,,,8222,6,8228,YES
210271,vim_6669de1b235843968e88844ca6d3c8dec4b01a9e,1,1,1,,,1727,6,1733,YES
432093,vim_6669de1b235843968e88844ca6d3c8dec4b01a9e,0,1,0,,,1767,6,1773,YES
210273,mongo_f3604b901d688c194de5e430c7fbab060c9dc8e0,1,0,0,,,4552,6,4558,NO
432152,mongo_f3604b901d688c194de5e430c7fbab060c9dc8e0,0,0,1,,,4597,6,4603,NO
210278,unicorn_3d3deac5e6d38602b689c4fef5dac004f07a2e63,1,0,0,,,830,6,836,NO
432247,unicorn_3d3deac5e6d38602b689c4fef5dac004f07a2e63,0,0,1,,,838,6,844,NO
210282,qemu_b05b267840515730dbf6753495d5b7bd8b04ad1c,1,1,1,,,692,6,698,YES
432346,qemu_b05b267840515730dbf6753495d5b7bd8b04ad1c,0,0,1,,,739,6,745,NO
210283,dpdk_af74f7db384ed149fe42b21dbd7975f8a54ef227,1,1,1,,,2424,6,2430,YES
432351,dpdk_af74f7db384ed149fe42b21dbd7975f8a54ef227,0,1,0,,,2491,6,2497,YES
210284,dpdk_af74f7db384ed149fe42b21dbd7975f8a54ef227,1,1,1,,,2558,6,2564,YES
432352,dpdk_af74f7db384ed149fe42b21dbd7975f8a54ef227,0,1,0,,,2694,6,2700,YES
210393,vim_6f98371532fcff911b462d51bc64f2ce8a6ae682,1,1,1,,,4468,6,4474,YES
434093,vim_6f98371532fcff911b462d51bc64f2ce8a6ae682,0,0,1,,,4293,6,4299,NO
210420,ghostpdl_362ec9daadb9992b0def3520cd1dc6fa52edd1c4,1,1,1,,,1015,6,1021,YES
434902,ghostpdl_362ec9daadb9992b0def3520cd1dc6fa52edd1c4,0,0,1,,,1014,6,1020,NO
210453,ghostpdl_366ad48d076c1aa4c8f83c65011258a04e348207,1,1,1,,,2586,6,2592,YES
435409,ghostpdl_366ad48d076c1aa4c8f83c65011258a04e348207,0,0,1,,,2619,6,2625,NO
210484,linux_89c2b3b74918200e46699338d7bcc19b1ea12110,1,0,0,,,2222,6,2228,NO
436066,linux_89c2b3b74918200e46699338d7bcc19b1ea12110,0,0,1,,,2313,6,2319,NO
210520,vim_8eba2bd291b347e3008aa9e565652d51ad638cfa,1,1,1,,,2544,6,2550,YES
436990,vim_8eba2bd291b347e3008aa9e565652d51ad638cfa,0,1,0,,,2562,6,2568,YES
210527,linux_04c9b00ba83594a29813d6b1fb8fdc93a3915174,1,0,0,,,1734,6,1740,NO
437003,linux_04c9b00ba83594a29813d6b1fb8fdc93a3915174,0,0,1,,,1698,6,1704,NO
210551,oniguruma_4d461376bd85e7994835677b2ff453a43c49cd28,1,1,1,,,2279,6,2285,YES
437291,oniguruma_4d461376bd85e7994835677b2ff453a43c49cd28,0,0,1,,,2825,6,2831,NO
210570,radare2_d4ce40b516ffd70cf2e9e36832d8de139117d522,1,1,1,,,2198,6,2204,YES
437671,radare2_d4ce40b516ffd70cf2e9e36832d8de139117d522,0,0,1,,,2214,6,2220,NO
210571,linux_a7b2df76b42bdd026e3106cf2ba97db41345a177,1,1,1,,,1491,6,1497,YES
437708,linux_a7b2df76b42bdd026e3106cf2ba97db41345a177,0,0,1,,,1512,6,1518,NO
210620,linux_1680939e9ecf7764fba8689cfb3429c2fe2bb23c,1,1,1,,,1271,6,1277,YES
438686,linux_1680939e9ecf7764fba8689cfb3429c2fe2bb23c,0,1,0,,,1287,6,1293,YES
210636,linux_b2f37aead1b82a770c48b5d583f35ec22aabb61e,1,0,0,,,1055,6,1061,NO
438876,linux_b2f37aead1b82a770c48b5d583f35ec22aabb61e,0,0,1,,,1055,6,1061,NO
210669,ImageMagick6_210474b2fac6a661bfa7ed563213920e93e76395,1,1,1,,,15545,6,15551,YES
439114,ImageMagick6_210474b2fac6a661bfa7ed563213920e93e76395,0,1,0,,,15561,6,15567,YES
210692,ImageMagick6_b268ce7a59440972f4476b9fd98104b6a836d971,1,1,1,,,15619,6,15625,YES
439266,ImageMagick6_b268ce7a59440972f4476b9fd98104b6a836d971,0,0,1,,,15599,6,15605,NO
210700,squashfs-tools_79b5a555058eef4e1e7ff220c344d39f8cd09646,1,1,1,,,2563,6,2569,YES
439495,squashfs-tools_79b5a555058eef4e1e7ff220c344d39f8cd09646,0,1,0,,,2603,6,2609,YES
210701,squashfs-tools_79b5a555058eef4e1e7ff220c344d39f8cd09646,1,1,1,,,2524,6,2530,YES
439495,squashfs-tools_79b5a555058eef4e1e7ff220c344d39f8cd09646,0,1,0,,,2603,6,2609,YES
210702,squashfs-tools_79b5a555058eef4e1e7ff220c344d39f8cd09646,1,1,1,,,2378,6,2384,YES
439500,squashfs-tools_79b5a555058eef4e1e7ff220c344d39f8cd09646,0,1,0,,,2170,6,2176,YES
210834,xserver_da15c7413916f754708c62c2089265528cd661e2,1,1,1,,,1230,6,1236,YES
440872,xserver_da15c7413916f754708c62c2089265528cd661e2,0,1,0,,,1262,6,1268,YES
210866,xserver_144849ea27230962227e62a943b399e2ab304787,1,0,0,,,1741,6,1747,NO
441822,xserver_144849ea27230962227e62a943b399e2ab304787,0,0,1,,,1741,6,1747,NO
210887,qemu_1caff0340f49c93d535c6558a5138d20d475315c,1,1,1,,,1006,6,1012,YES
442189,qemu_1caff0340f49c93d535c6558a5138d20d475315c,0,0,1,,,1106,6,1112,NO
210896,spice_a4a16ac42d2f19a17e36556546aa94d5cd83745f,1,1,1,,,1225,6,1231,YES
442587,spice_a4a16ac42d2f19a17e36556546aa94d5cd83745f,0,1,0,,,1228,6,1234,YES
210904,curl_70b1900dd13d16f2e83f571407a614541d5ac9ba,1,1,1,,,1061,6,1067,YES
442815,curl_70b1900dd13d16f2e83f571407a614541d5ac9ba,0,1,0,,,1120,6,1126,YES
210910,vim_de05bb25733c3319e18dca44e9b59c6ee389eb26,1,1,1,,,2751,6,2757,YES
442959,vim_de05bb25733c3319e18dca44e9b59c6ee389eb26,0,0,1,,,2817,6,2823,NO
210928,linux_a53046291020ec41e09181396c1e829287b48d47,1,0,0,,,1184,6,1190,NO
443152,linux_a53046291020ec41e09181396c1e829287b48d47,0,1,0,,,1347,6,1353,YES
210944,vim_35d21c6830fc2d68aca838424a0e786821c5891c,1,0,0,,,11567,6,11573,NO
443298,vim_35d21c6830fc2d68aca838424a0e786821c5891c,0,0,1,,,11582,6,11588,NO
211090,cifs-utils_f6eae44a3d05b6515a59651e6bed8b6dde689aec,1,1,1,,,2114,6,2120,YES
444900,cifs-utils_f6eae44a3d05b6515a59651e6bed8b6dde689aec,0,1,0,,,2426,6,2432,YES
211102,file-roller_b147281293a8307808475e102a14857055f81631,1,1,1,,,3916,6,3922,YES
445995,file-roller_b147281293a8307808475e102a14857055f81631,0,1,0,,,4054,6,4060,YES
211103,file-roller_b147281293a8307808475e102a14857055f81631,1,1,1,,,1562,6,1568,YES
445881,file-roller_b147281293a8307808475e102a14857055f81631,0,0,1,,,1623,6,1629,NO
211110,libtiff_58a898cb4459055bb488ca815c23b880c242a27d,1,1,1,,,3457,6,3463,YES
446058,libtiff_58a898cb4459055bb488ca815c23b880c242a27d,0,0,1,,,3487,6,3493,NO
211113,linux_7fd25e6fc035f4b04b75bca6d7e8daa069603a76,1,0,0,,,990,6,996,NO
446096,linux_7fd25e6fc035f4b04b75bca6d7e8daa069603a76,0,0,1,,,994,6,1000,NO
211126,libmobi_612562bc1ea38f1708b044e7a079c47a05b1291d,1,1,1,,,3796,6,3802,YES
446279,libmobi_612562bc1ea38f1708b044e7a079c47a05b1291d,0,1,0,,,3869,6,3875,YES
211136,rizin_556ca2f9eef01ec0f4a76d1fbacfcf3a87a44810,1,0,0,,,2329,6,2335,NO
446416,rizin_556ca2f9eef01ec0f4a76d1fbacfcf3a87a44810,0,1,0,,,2400,6,2406,YES
211179,exiv2_6e3855aed7ba8bb4731fc4087ca7f9078b2f3d97,1,1,1,,,3542,6,3548,YES
447053,exiv2_6e3855aed7ba8bb4731fc4087ca7f9078b2f3d97,0,1,0,,,3612,6,3618,YES
211181,php-src_a72cd07f2983dc43a6bb35209dc4687852e53c09,1,0,0,,,2299,6,2305,NO
447231,php-src_a72cd07f2983dc43a6bb35209dc4687852e53c09,0,0,1,rag,2818,2195,6,2201,NO
211471,frr_ff6db1027f8f36df657ff2e5ea167773752537ed,1,1,1,,,2306,6,2312,YES
448562,frr_ff6db1027f8f36df657ff2e5ea167773752537ed,0,1,0,,,2422,6,2428,YES
211473,gdk-pixbuf_4f0f465f991cd454d03189497f923eb40c170c22,1,1,1,,,2284,6,2290,YES
448584,gdk-pixbuf_4f0f465f991cd454d03189497f923eb40c170c22,0,0,1,,,2382,6,2388,NO
211506,zlib_eff308af425b67093bab25f80f1ae950166bece1,1,0,0,,,9558,6,9564,NO
448912,zlib_eff308af425b67093bab25f80f1ae950166bece1,0,0,1,,,9683,6,9689,NO
211563,vim_a062006b9de0b2947ab5fb376c6e67ef92a8cd69,1,0,0,,,1340,6,1346,NO
449294,vim_a062006b9de0b2947ab5fb376c6e67ef92a8cd69,0,0,1,,,1309,6,1315,NO
211567,clamav-devel_c6870a6c857dd722dffaf6d37ae52ec259d12492,1,0,0,,,888,6,894,NO
449321,clamav-devel_c6870a6c857dd722dffaf6d37ae52ec259d12492,0,0,1,,,892,6,898,NO
211695,vim_4c13e5e6763c6eb36a343a2b8235ea227202e952,1,1,1,,,1625,6,1631,YES
450764,vim_4c13e5e6763c6eb36a343a2b8235ea227202e952,0,1,0,,,1665,6,1671,YES
211699,gnulib_2d1bd71ec70a31b01d01b734faa66bb1ed28961f,1,0,0,,,11548,6,11554,NO
450812,gnulib_2d1bd71ec70a31b01d01b734faa66bb1ed28961f,0,0,1,,,11551,6,11557,NO
211700,linux_4fbcc1a4cb20fe26ad0225679c536c80f1648221,1,1,1,,,1445,6,1451,YES
450830,linux_4fbcc1a4cb20fe26ad0225679c536c80f1648221,0,1,0,,,1601,6,1607,YES
211773,ntp_07a5b8141e354a998a52994c3c9cd547927e56ce,1,1,1,,,1843,6,1849,YES
451731,ntp_07a5b8141e354a998a52994c3c9cd547927e56ce,0,0,1,,,1970,6,1976,NO
211785,jasper_4cd52b5daac62b00a0a328451544807ddecf775f,1,0,0,,,7641,6,7647,NO
451888,jasper_4cd52b5daac62b00a0a328451544807ddecf775f,0,0,1,,,7720,6,7726,NO
211842,vim_4e889f98e95ac05d7c8bd3ee933ab4d47820fdfa,1,1,1,,,3286,6,3292,YES
452377,vim_4e889f98e95ac05d7c8bd3ee933ab4d47820fdfa,0,1,0,,,3312,6,3318,YES
211845,ImageMagick6_1aea203eb36409ce6903b9e41fe7cb70030e8750,1,0,0,,,15752,6,15758,NO
452391,ImageMagick6_1aea203eb36409ce6903b9e41fe7cb70030e8750,0,1,0,,,15764,6,15770,YES
211868,nf_b1a5983f56e371046dcf164f90bfaf704d2b89f6,1,0,0,,,1380,6,1386,NO
452994,nf_b1a5983f56e371046dcf164f90bfaf704d2b89f6,0,0,1,rag,1137,1366,6,1372,NO
211877,libexpat_a2fe525e660badd64b6c557c2b1ec26ddc07f6e4,1,0,0,,,3587,6,3593,NO
453109,libexpat_a2fe525e660badd64b6c557c2b1ec26ddc07f6e4,0,0,1,,,3804,6,3810,NO
211915,jasper_839b1bcf0450ff036c28e8db40a7abf886e02891,1,1,1,,,5764,6,5770,YES
453265,jasper_839b1bcf0450ff036c28e8db40a7abf886e02891,0,1,0,,,5774,6,5780,YES
212083,linux_690b2549b19563ec5ad53e5c82f6a944d910086e,1,1,1,,,4578,6,4584,YES
454759,linux_690b2549b19563ec5ad53e5c82f6a944d910086e,0,1,0,rag,6551,4576,6,4582,YES
212144,libmobi_c78e186739b50d156cb3da5d08d70294f0490853,1,0,0,,,1750,6,1756,NO
455177,libmobi_c78e186739b50d156cb3da5d08d70294f0490853,0,0,1,,,1848,6,1854,NO
212152,bash_951bdaad7a18cc0dc1036bba86b18b90874d39ff,1,1,1,,,973,6,979,YES
455356,bash_951bdaad7a18cc0dc1036bba86b18b90874d39ff,0,0,1,,,1117,6,1123,NO
212339,icecast-server_03ea74c04a5966114c2fe66e4e6892d11a68181e,1,1,1,,,1301,6,1307,YES
457772,icecast-server_03ea74c04a5966114c2fe66e4e6892d11a68181e,0,1,0,,,1573,6,1579,YES
212407,varnish-cache_c5fd097e5cce8b461c6443af02b3448baef2491d,1,0,0,,,859,6,865,NO
459029,varnish-cache_c5fd097e5cce8b461c6443af02b3448baef2491d,0,0,1,,,933,6,939,NO
212414,linux_04c2a47ffb13c29778e2a14e414ad4cb5a5db4b5,1,1,1,,,3941,6,3947,YES
459107,linux_04c2a47ffb13c29778e2a14e414ad4cb5a5db4b5,0,1,0,,,3950,6,3956,YES
212433,vim_ccfde4d028e891a41e3548323c3d47b06fb0b83e,1,0,0,,,9148,6,9154,NO
459400,vim_ccfde4d028e891a41e3548323c3d47b06fb0b83e,0,0,1,,,9281,6,9287,NO
212436,linux_30e29a9a2bc6a4888335a6ede968b75cd329657a,1,1,1,,,1022,6,1028,YES
459524,linux_30e29a9a2bc6a4888335a6ede968b75cd329657a,0,1,0,,,1066,6,1072,YES
212818,pjproject_15663e3f37091069b8c98a7fce680dc04bc8e865,1,1,1,,,1123,6,1129,YES
462278,pjproject_15663e3f37091069b8c98a7fce680dc04bc8e865,0,0,1,,,1131,6,1137,NO
212822,ghostpdl_e1134d375e2ca176068e19a2aa9b040baffe1c22,1,0,0,,,1126,6,1132,NO
462316,ghostpdl_e1134d375e2ca176068e19a2aa9b040baffe1c22,0,0,1,,,1155,6,1161,NO
212829,php-src_698a691724c0a949295991e5df091ce16f899e02,1,1,1,,,2709,6,2715,YES
462395,php-src_698a691724c0a949295991e5df091ce16f899e02,0,1,0,,,2750,6,2756,YES
212834,rsyslog_0381a0de64a5a048c3d48b79055bd9848d0c7fc2,1,0,0,,,3129,6,3135,NO
462409,rsyslog_0381a0de64a5a048c3d48b79055bd9848d0c7fc2,0,0,1,,,3357,6,3363,NO
212857,vim_4f1b083be43f351bc107541e7b0c9655a5d2c0bb,1,0,0,rag,2622,2143,6,2149,NO
462511,vim_4f1b083be43f351bc107541e7b0c9655a5d2c0bb,0,1,0,,,2156,6,2162,YES
212871,newsbeuter_96e9506ae9e252c548665152d1b8968297128307,1,0,0,,,1348,6,1354,NO
462566,newsbeuter_96e9506ae9e252c548665152d1b8968297128307,0,0,1,,,1339,6,1345,NO
212927,qemu_8c92060d3c0248bd4d515719a35922cd2391b9b4,1,1,1,,,965,6,971,YES
463051,qemu_8c92060d3c0248bd4d515719a35922cd2391b9b4,0,0,1,,,1011,6,1017,NO
212934,cyrus-imapd_621f9e41465b521399f691c241181300fab55995,1,0,0,,,2189,6,2195,NO
463134,cyrus-imapd_621f9e41465b521399f691c241181300fab55995,0,0,1,,,2189,6,2195,NO
212955,linux_82e31755e55fbcea6a9dfaae5fe4860ade17cbc0,1,1,1,,,1998,6,2004,YES
463476,linux_82e31755e55fbcea6a9dfaae5fe4860ade17cbc0,0,0,1,,,1977,6,1983,NO
213037,php-src_2bcbc95f033c31b00595ed39f79c3a99b4ed0501,1,1,1,,,2251,6,2257,YES
464942,php-src_2bcbc95f033c31b00595ed39f79c3a99b4ed0501,0,1,0,,,1847,6,1853,YES
213075,linux_d270453a0d9ec10bb8a802a142fb1b3601a83098,1,1,1,,,943,6,949,YES
465854,linux_d270453a0d9ec10bb8a802a142fb1b3601a83098,0,1,0,,,893,6,899,YES
213370,glib_d553d92d6e9f53cbe5a34166fcb919ba652c6a8e,1,0,0,,,2272,6,2278,NO
468349,glib_d553d92d6e9f53cbe5a34166fcb919ba652c6a8e,0,1,0,rag,3727,2289,6,2295,YES
213515,vim_5c68617d395f9d7b824f68475b24ce3e38d653a3,1,0,0,,,4333,6,4339,NO
471902,vim_5c68617d395f9d7b824f68475b24ce3e38d653a3,0,0,1,,,4422,6,4428,NO
213528,linux_3b0462726e7ef281c35a7a4ae33e93ee2bc9975b,1,0,0,,,1802,6,1808,NO
472123,linux_3b0462726e7ef281c35a7a4ae33e93ee2bc9975b,0,0,1,,,1836,6,1842,NO
213998,libtpms_ea62fd9679f8c6fc5e79471b33cfbd8227bfed72,1,0,0,,,1096,6,1102,NO
474434,libtpms_ea62fd9679f8c6fc5e79471b33cfbd8227bfed72,0,0,1,,,956,6,962,NO
214003,libvncserver_7b1ef0ffc4815cab9a96c7278394152bdc89dc4d,1,1,1,,,1219,6,1225,YES
474462,libvncserver_7b1ef0ffc4815cab9a96c7278394152bdc89dc4d,0,0,1,,,1219,6,1225,NO
214124,chafa_e6ce3746cdcf0836b9dae659a5aed15d73a080d8,1,1,1,,,1708,6,1714,YES
475987,chafa_e6ce3746cdcf0836b9dae659a5aed15d73a080d8,0,1,0,,,1764,6,1770,YES
214160,linux_75e5b4849b81e19e9efe1654b30d7f3151c33c2c,1,0,0,,,6396,6,6402,NO
476103,linux_75e5b4849b81e19e9efe1654b30d7f3151c33c2c,0,0,1,,,6445,6,6451,NO
214276,linux_fa40d9734a57bcbfa79a280189799f76c88f7bb0,1,1,1,,,1585,6,1591,YES
477273,linux_fa40d9734a57bcbfa79a280189799f76c88f7bb0,0,1,0,,,1801,6,1807,YES
214282,radare2_9650e3c352f675687bf6c6f65ff2c4a3d0e288fa,1,1,1,,,2376,6,2382,YES
477380,radare2_9650e3c352f675687bf6c6f65ff2c4a3d0e288fa,0,1,0,,,2435,6,2441,YES
214335,ceph_be7679007c3dfab3e19c22c38c36ccac91828e3b,1,0,0,,,3973,6,3979,NO
477800,ceph_be7679007c3dfab3e19c22c38c36ccac91828e3b,0,1,0,,,4184,6,4190,YES
214336,linux_ba953a9d89a00c078b85f4b190bc1dde66fe16b5,1,0,0,,,1181,6,1187,NO
477803,linux_ba953a9d89a00c078b85f4b190bc1dde66fe16b5,0,0,1,,,1209,6,1215,NO
214339,linux_f62f3c20647ebd5fb6ecb8f0b477b9281c44c10a,1,1,1,,,1592,6,1598,YES
477811,linux_f62f3c20647ebd5fb6ecb8f0b477b9281c44c10a,0,1,0,,,1902,6,1908,YES
214358,clamav-devel_224fee54dd6cd8933d7007331ec2bfca0398d4b4,1,0,0,,,3345,6,3351,NO
477946,clamav-devel_224fee54dd6cd8933d7007331ec2bfca0398d4b4,0,0,1,,,3422,6,3428,NO
214364,php-src_e6c48213c22ed50b2b987b479fcc1ac709394caa,1,1,1,,,967,6,973,YES
477975,php-src_e6c48213c22ed50b2b987b479fcc1ac709394caa,0,0,1,,,1129,6,1135,NO
214909,linux_c8c2a057fdc7de1cd16f4baa51425b932a42eb39,1,1,1,,,2490,6,2496,YES
481267,linux_c8c2a057fdc7de1cd16f4baa51425b932a42eb39,0,0,1,,,2503,6,2509,NO
214948,nagioscore_b1a92a3b52d292ccb601e77a0b29cb1e67ac9d76,1,0,0,,,1095,6,1101,NO
481787,nagioscore_b1a92a3b52d292ccb601e77a0b29cb1e67ac9d76,0,0,1,,,1097,6,1103,NO
214997,liblouis_2e4772befb2b1c37cb4b9d6572945115ee28630a,1,1,1,,,23441,6,23447,YES
482533,liblouis_2e4772befb2b1c37cb4b9d6572945115ee28630a,0,1,0,,,23448,6,23454,YES
215038,gst-plugins-good_b31c504645a814c59d91d49e4fe218acaf93f4ca,1,1,1,,,3477,6,3483,YES
482692,gst-plugins-good_b31c504645a814c59d91d49e4fe218acaf93f4ca,0,1,0,,,3462,6,3468,YES
215073,linux_24f6008564183aa120d07c03d9289519c2fe02af,1,0,0,,,996,6,1002,NO
483053,linux_24f6008564183aa120d07c03d9289519c2fe02af,0,1,0,,,1169,6,1175,YES
215103,mongo_a5e2f9b0a236462a6d1ca129583c617f111367b4,1,0,0,,,4353,6,4359,NO
483469,mongo_a5e2f9b0a236462a6d1ca129583c617f111367b4,0,0,1,,,4398,6,4404,NO
215142,open62541_b79db1ac78146fc06b0b8435773d3967de2d659c,1,0,0,,,1050,6,1056,NO
484063,open62541_b79db1ac78146fc06b0b8435773d3967de2d659c,0,0,1,,,1142,6,1148,NO
215188,libmobi_ab5bf0e37e540eac682a14e628853b918626e72b,1,0,0,,,875,6,881,NO
484732,libmobi_ab5bf0e37e540eac682a14e628853b918626e72b,0,0,1,,,903,6,909,NO
215262,qemu_e73adfbeec9d4e008630c814759052ed945c3fed,1,1,1,,,3267,6,3273,YES
486796,qemu_e73adfbeec9d4e008630c814759052ed945c3fed,0,1,0,,,3272,6,3278,YES
215264,perl5_66bbb51b93253a3f87d11c2695cfb7bdb782184a,1,1,1,,,32854,6,32860,YES
486837,perl5_66bbb51b93253a3f87d11c2695cfb7bdb782184a,0,0,1,rag,82226,32768,6,32774,NO
215312,linux-2.6_9926e4c74300c4b31dee007298c6475d33369df0,1,0,0,,,1798,6,1804,NO
487618,linux-2.6_9926e4c74300c4b31dee007298c6475d33369df0,0,1,0,,,1824,6,1830,YES
215374,linux-2.6_328fc47ea0bcc27d9afa69c3ad6e52431cadd76c,1,1,1,,,1090,6,1096,YES
488919,linux-2.6_328fc47ea0bcc27d9afa69c3ad6e52431cadd76c,0,1,0,,,1094,6,1100,YES
215391,linux-2.6_ba0166708ef4da7eeb61dd92bbba4d5a749d6561,1,1,1,,,927,6,933,YES
489124,linux-2.6_ba0166708ef4da7eeb61dd92bbba4d5a749d6561,0,1,0,,,903,6,909,YES
215399,linux-2.6_efc7ffcb4237f8cb9938909041c4ed38f6e1bf40,1,0,0,,,1138,6,1144,NO
489215,linux-2.6_efc7ffcb4237f8cb9938909041c4ed38f6e1bf40,0,1,0,,,1210,6,1216,YES
215400,linux-2.6_649f1ee6c705aab644035a7998d7b574193a598a,1,0,0,,,2291,6,2297,NO
489221,linux-2.6_649f1ee6c705aab644035a7998d7b574193a598a,0,0,1,,,2381,6,2387,NO
215549,gzip_a3db5806d012082b9e25cc36d09f19cd736a468f,1,0,0,,,3236,6,3242,NO
491979,gzip_a3db5806d012082b9e25cc36d09f19cd736a468f,0,1,0,,,3296,6,3302,YES
215921,grep_83a95bd8c8561875b948cadd417c653dbe7ef2e2,1,0,0,,,1662,6,1668,NO
497809,grep_83a95bd8c8561875b948cadd417c653dbe7ef2e2,0,0,1,,,1679,6,1685,NO
215948,nettle_c71d2c9d20eeebb985e3872e4550137209e3ce4d,1,0,0,rag,1312,1456,6,1462,NO
498160,nettle_c71d2c9d20eeebb985e3872e4550137209e3ce4d,0,1,0,,,1597,6,1603,YES
216027,tar_cb07844454d8cc9fb21f53ace75975f91185a120,1,1,1,,,1907,6,1913,YES
498918,tar_cb07844454d8cc9fb21f53ace75975f91185a120,0,1,0,,,1995,6,2001,YES
216126,openssl_cca1cd9a3447dd067503e4a85ebd1679ee78a48e,1,0,0,,,1506,6,1512,NO
500044,openssl_cca1cd9a3447dd067503e4a85ebd1679ee78a48e,0,0,1,,,1523,6,1529,NO
216202,libssh_4d8420f3282ed07fc99fc5e930c17df27ef1e9b2,1,1,1,,,2009,6,2015,YES
500663,libssh_4d8420f3282ed07fc99fc5e930c17df27ef1e9b2,0,0,1,,,2015,6,2021,NO
216515,openssl_939b4960276b040fc0ed52232238fcc9e2e9ec21,1,1,1,,,1888,6,1894,YES
502735,openssl_939b4960276b040fc0ed52232238fcc9e2e9ec21,0,1,0,,,2317,6,2323,YES
216637,guile_245608911698adb3472803856019bdd5670b6614,1,0,0,,,1095,6,1101,NO
503867,guile_245608911698adb3472803856019bdd5670b6614,0,0,1,,,1152,6,1158,NO
216654,core_2c3f37672277b1f73f84722802aaa0ab1ab3e413,1,1,1,,,2844,6,2850,YES
503985,core_2c3f37672277b1f73f84722802aaa0ab1ab3e413,0,0,1,,,2863,6,2869,NO
216701,libtiff_dc02f9050311a90b3c0655147cee09bfa7081cfc,1,0,0,,,1853,6,1859,NO
504608,libtiff_dc02f9050311a90b3c0655147cee09bfa7081cfc,0,1,0,,,2145,6,2151,YES
216726,openssl_f426625b6ae9a7831010750490a5f0ad689c5ba3,1,0,0,,,2480,6,2486,NO
505463,openssl_f426625b6ae9a7831010750490a5f0ad689c5ba3,0,0,1,,,2488,6,2494,NO
216767,core_ed4b7d5d1b30964216d61d3090a7b47a957f5b26,1,1,1,,,1574,6,1580,YES
505654,core_ed4b7d5d1b30964216d61d3090a7b47a957f5b26,0,1,0,,,1594,6,1600,YES
216800,core_69ad3c902ea4bbf9f21ab1857d8923f975dc6145,1,1,1,,,814,6,820,YES
506428,core_69ad3c902ea4bbf9f21ab1857d8923f975dc6145,0,1,0,,,817,6,823,YES
216812,openssl_97ab3c4b538840037812c8d9164d09a1f4bf11a1,1,0,0,,,746,6,752,NO
506696,openssl_97ab3c4b538840037812c8d9164d09a1f4bf11a1,0,0,1,,,836,6,842,NO
216861,openssl_94d23fcff9b2a7a8368dfe52214d5c2569882c11,1,0,0,,,5984,6,5990,NO
507778,openssl_94d23fcff9b2a7a8368dfe52214d5c2569882c11,0,0,1,,,6008,6,6014,NO
216903,server_3a52569499e2f0c4d1f25db1e81617a9d9755400,1,0,0,,,2085,6,2091,NO
508874,server_3a52569499e2f0c4d1f25db1e81617a9d9755400,0,0,1,,,2278,6,2284,NO
216906,server_9e39d0ae44595dbd1570805d97c9c874778a6be8,1,0,0,,,801,6,807,NO
509510,server_9e39d0ae44595dbd1570805d97c9c874778a6be8,0,0,1,,,807,6,813,NO
216938,server_b3c3291f0b7c1623cb20663f7cf31b7f749768bc,1,0,0,,,7074,6,7080,NO
511472,server_b3c3291f0b7c1623cb20663f7cf31b7f749768bc,0,0,1,rag,15074,7079,6,7085,NO
216945,server_807945f2eb5fa22e6f233cc17b85a2e141efe2c8,1,0,0,,,1491,6,1497,NO
512825,server_807945f2eb5fa22e6f233cc17b85a2e141efe2c8,0,0,1,rag,2230,1636,6,1642,NO
216946,server_c05fd700970ad45735caed3a6f9930d4ce19a3bd,1,1,1,,,945,6,951,YES
513202,server_c05fd700970ad45735caed3a6f9930d4ce19a3bd,0,0,1,,,994,6,1000,NO
216965,server_ecb6f9c894d3ebafeff1c6eb3b65cd248062296f,1,0,0,,,2906,6,2912,NO
514292,server_ecb6f9c894d3ebafeff1c6eb3b65cd248062296f,0,0,1,,,3045,6,3051,NO
217176,monit_328f60773057641c4b2075fab9820145e95b728c,1,1,1,,,1362,6,1368,YES
517437,monit_328f60773057641c4b2075fab9820145e95b728c,0,0,1,,,1356,6,1362,NO
217459,JUCE_2e874e80cba0152201aff6a4d0dc407997d10a7f,1,1,1,,,1543,6,1549,YES
521488,JUCE_2e874e80cba0152201aff6a4d0dc407997d10a7f,0,1,0,,,1711,6,1717,YES
217547,libMeshb_8cd68c54e0647c0030ae4506a225ad4a2655c316,1,1,1,,,3887,6,3893,YES
522329,libMeshb_8cd68c54e0647c0030ae4506a225ad4a2655c316,0,1,0,,,3889,6,3895,YES
217551,elfspirit_c5b0f5a9a24f2451bbeda4751d67633bc375e608,1,1,1,,,15295,6,15301,YES
522438,elfspirit_c5b0f5a9a24f2451bbeda4751d67633bc375e608,0,1,0,,,15407,6,15413,YES
